<?xml version="1.0" encoding="utf-8"?>
<PRONOM-Report xmlns="http://pronom.nationalarchives.gov.uk">
  <report_format_detail>
    <FileFormat>
      <FormatID>686</FormatID>
      <FormatName>JPEG2000</FormatName>
      <FormatVersion>
      </FormatVersion>
      <FormatAliases>
      </FormatAliases>
      <FormatFamilies>
      </FormatFamilies>
      <FormatTypes>Image (Raster)</FormatTypes>
      <FormatDisclosure>
      </FormatDisclosure>
      <FormatDescription>This is an outline record only, and requires further details, research or authentication to provide information that will enable users to further understand the format and to assess digital preservation risks associated with it if appropriate. If you are able to help by supplying any additional information concerning this entry, please return to the main PRONOM page and select ‘Add an Entry’.</FormatDescription>
      <BinaryFileFormat>Text</BinaryFileFormat>
      <ByteOrders>
      </ByteOrders>
      <ReleaseDate>
      </ReleaseDate>
      <WithdrawnDate>
      </WithdrawnDate>
      <ProvenanceSourceID>1</ProvenanceSourceID>
      <ProvenanceName>Digital Preservation Department / The National Archives</ProvenanceName>
      <ProvenanceSourceDate>11 Mar 2005</ProvenanceSourceDate>
      <ProvenanceDescription>
      </ProvenanceDescription>
      <LastUpdatedDate>05 Oct 2009</LastUpdatedDate>
      <FormatNote>
      </FormatNote>
      <FormatRisk>
      </FormatRisk>
      <TechnicalEnvironment>
      </TechnicalEnvironment>
      <FileFormatIdentifier>
        <Identifier>image/jp2</Identifier>
        <IdentifierType>MIME</IdentifierType>
      </FileFormatIdentifier>
      <FileFormatIdentifier>
        <Identifier>public.jpeg-2000</Identifier>
        <IdentifierType>Apple Uniform Type Identifier</IdentifierType>
      </FileFormatIdentifier>
      <FileFormatIdentifier>
        <Identifier>x-fmt/392</Identifier>
        <IdentifierType>PUID</IdentifierType>
      </FileFormatIdentifier>
      <ExternalSignature>
        <ExternalSignatureID>636</ExternalSignatureID>
        <Signature>jp2</Signature>
        <SignatureType>File extension</SignatureType>
      </ExternalSignature>
      <InternalSignature>
        <SignatureID>251</SignatureID>
        <SignatureName>JPEG2000</SignatureName>
        <SignatureNote>From the ISO JPEG2000 specification</SignatureNote>
        <ByteSequence>
          <ByteSequenceID>323</ByteSequenceID>
          <PositionType>Absolute from BOF</PositionType>
          <Offset>0</Offset>
          <MaxOffset>
          </MaxOffset>
          <IndirectOffsetLocation>
          </IndirectOffsetLocation>
          <IndirectOffsetLength>
          </IndirectOffsetLength>
          <Endianness>Big-endian</Endianness>
          <ByteSequenceValue>0000000C6A5020200D0A870A</ByteSequenceValue>
        </ByteSequence>
      </InternalSignature>
      <FormatProperties>
        <FormatProperty>
          <PropertyName>Compression Type</PropertyName>
          <PropertyDescription>
          </PropertyDescription>
          <PropertyType>Instance</PropertyType>
          <PropertyRiskScore>
          </PropertyRiskScore>
          <PropertyHighRisk>
          </PropertyHighRisk>
          <PropertyValueDescription>
          </PropertyValueDescription>
          <PropertyRisks />
        </FormatProperty>
        <FormatProperty>
          <PropertyName>Compression Level</PropertyName>
          <PropertyDescription>
          </PropertyDescription>
          <PropertyType>Instance</PropertyType>
          <PropertyRiskScore>
          </PropertyRiskScore>
          <PropertyHighRisk>
          </PropertyHighRisk>
          <PropertyValueDescription>
          </PropertyValueDescription>
          <PropertyRisks />
        </FormatProperty>
        <FormatProperty>
          <PropertyName>Image Width</PropertyName>
          <PropertyDescription>
          </PropertyDescription>
          <PropertyType>Instance</PropertyType>
          <PropertyRiskScore>
          </PropertyRiskScore>
          <PropertyHighRisk>
          </PropertyHighRisk>
          <PropertyValueDescription>
          </PropertyValueDescription>
          <PropertyRisks />
        </FormatProperty>
        <FormatProperty>
          <PropertyName>Image Height</PropertyName>
          <PropertyDescription>
          </PropertyDescription>
          <PropertyType>Instance</PropertyType>
          <PropertyRiskScore>
          </PropertyRiskScore>
          <PropertyHighRisk>
          </PropertyHighRisk>
          <PropertyValueDescription>
          </PropertyValueDescription>
          <PropertyRisks />
        </FormatProperty>
        <FormatProperty>
          <PropertyName>Colour Space</PropertyName>
          <PropertyDescription>
          </PropertyDescription>
          <PropertyType>Instance</PropertyType>
          <PropertyRiskScore>
          </PropertyRiskScore>
          <PropertyHighRisk>
          </PropertyHighRisk>
          <PropertyValueDescription>
          </PropertyValueDescription>
          <PropertyRisks />
        </FormatProperty>
        <FormatProperty>
          <PropertyName>Bits Per Sample</PropertyName>
          <PropertyDescription>
          </PropertyDescription>
          <PropertyType>Instance</PropertyType>
          <PropertyRiskScore>
          </PropertyRiskScore>
          <PropertyHighRisk>
          </PropertyHighRisk>
          <PropertyValueDescription>
          </PropertyValueDescription>
          <PropertyRisks />
        </FormatProperty>
        <FormatProperty>
          <PropertyName>Samples Per Pixel</PropertyName>
          <PropertyDescription>
          </PropertyDescription>
          <PropertyType>Instance</PropertyType>
          <PropertyRiskScore>
          </PropertyRiskScore>
          <PropertyHighRisk>
          </PropertyHighRisk>
          <PropertyValueDescription>
          </PropertyValueDescription>
          <PropertyRisks />
        </FormatProperty>
        <FormatProperty>
          <PropertyName>Byte Order</PropertyName>
          <PropertyDescription>
          </PropertyDescription>
          <PropertyType>Instance</PropertyType>
          <PropertyRiskScore>
          </PropertyRiskScore>
          <PropertyHighRisk>
          </PropertyHighRisk>
          <PropertyValueDescription>
          </PropertyValueDescription>
          <PropertyRisks />
        </FormatProperty>
        <FormatProperty>
          <PropertyName>Comments</PropertyName>
          <PropertyDescription>
          </PropertyDescription>
          <PropertyType>Instance</PropertyType>
          <PropertyRiskScore>
          </PropertyRiskScore>
          <PropertyHighRisk>
          </PropertyHighRisk>
          <PropertyValueDescription>
          </PropertyValueDescription>
          <PropertyRisks />
        </FormatProperty>
      </FormatProperties>
    </FileFormat>
    <SearchCriteria>Criteria</SearchCriteria>
  </report_format_detail>
</PRONOM-Report>
