<?xml version="1.0" encoding="utf-8"?>
<PRONOM-Report xmlns="http://pronom.nationalarchives.gov.uk">
  <report_format_detail>
    <FileFormat>
      <FormatID>80</FormatID>
      <FormatName>AutoCAD Design Web Format</FormatName>
      <FormatVersion>
      </FormatVersion>
      <FormatAliases>
      </FormatAliases>
      <FormatFamilies>
      </FormatFamilies>
      <FormatTypes>
      </FormatTypes>
      <FormatDisclosure>
      </FormatDisclosure>
      <FormatDescription>The DWF format is essentially an enhancement of the Autodesk Streamline DDP file format. Due to the wide variety of design data produced by Autodesk software packages, the DWF format is being targeted as the publishing format that will hold all published image data, 2D vector data, 3D vector data, animations, metadata, etc. The ZIP file format was chosen as the underlying storage mechanism for the DWF package.
A DWF package must meet the following requirements: 1) The first 12 bytes of the physical package file must contain the DWF version header. 2) A manifest.xml file (hereafter “the manifest”) at the root of the zip archive that complies with the manifest.xsd schema. 3) File contents logically organized into sections, one for each component of the composite design, described by the manifest. 4) At least one resource file. 5) The manifest must contain an &lt;Interfaces&gt; element containing at least one &lt;Interface&gt; sub-element that indicates a document interface supported by the DWF package.  An example would be the ‘ePlot’ document interface, which implies that the DWF contains at least one valid ePlot page.</FormatDescription>
      <BinaryFileFormat>Text</BinaryFileFormat>
      <ByteOrders>
      </ByteOrders>
      <ReleaseDate>
      </ReleaseDate>
      <WithdrawnDate>
      </WithdrawnDate>
      <ProvenanceSourceID>1</ProvenanceSourceID>
      <ProvenanceName>Digital Preservation Department / The National Archives</ProvenanceName>
      <ProvenanceSourceDate>02 Aug 2005</ProvenanceSourceDate>
      <ProvenanceDescription>File format information supplied by NARA Information Services/Applied Research Division, The National Archives and Records Administration.</ProvenanceDescription>
      <LastUpdatedDate>29 Nov 2011</LastUpdatedDate>
      <FormatNote>
      </FormatNote>
      <FormatRisk>
      </FormatRisk>
      <TechnicalEnvironment>
      </TechnicalEnvironment>
      <FileFormatIdentifier>
        <Identifier>application/dwf</Identifier>
        <IdentifierType>MIME</IdentifierType>
      </FileFormatIdentifier>
      <FileFormatIdentifier>
        <Identifier>application/x-dwf</Identifier>
        <IdentifierType>MIME</IdentifierType>
      </FileFormatIdentifier>
      <FileFormatIdentifier>
        <Identifier>drawing/x-dwf</Identifier>
        <IdentifierType>MIME</IdentifierType>
      </FileFormatIdentifier>
      <FileFormatIdentifier>
        <Identifier>image/vnd.dwf</Identifier>
        <IdentifierType>MIME</IdentifierType>
      </FileFormatIdentifier>
      <FileFormatIdentifier>
        <Identifier>image/x-dwf</Identifier>
        <IdentifierType>MIME</IdentifierType>
      </FileFormatIdentifier>
      <FileFormatIdentifier>
        <Identifier>model/vnd.dwf</Identifier>
        <IdentifierType>MIME</IdentifierType>
      </FileFormatIdentifier>
      <FileFormatIdentifier>
        <Identifier>x-fmt/49</Identifier>
        <IdentifierType>PUID</IdentifierType>
      </FileFormatIdentifier>
      <Developers>
        <DeveloperID>18</DeveloperID>
        <DeveloperName>
        </DeveloperName>
        <OrganisationName>Autodesk Corporation</OrganisationName>
        <DeveloperCompoundName>Autodesk Corporation</DeveloperCompoundName>
      </Developers>
      <ExternalSignature>
        <ExternalSignatureID>74</ExternalSignatureID>
        <Signature>dwf</Signature>
        <SignatureType>File extension</SignatureType>
      </ExternalSignature>
      <InternalSignature>
        <SignatureID>386</SignatureID>
        <SignatureName>AutoCAD Design Web Format</SignatureName>
        <SignatureNote>(DWF Version)</SignatureNote>
        <ByteSequence>
          <ByteSequenceID>492</ByteSequenceID>
          <PositionType>Absolute from BOF</PositionType>
          <Offset>0</Offset>
          <MaxOffset>
          </MaxOffset>
          <IndirectOffsetLocation>
          </IndirectOffsetLocation>
          <IndirectOffsetLength>
          </IndirectOffsetLength>
          <Endianness>
          </Endianness>
          <ByteSequenceValue>28445746205630??2E????29</ByteSequenceValue>
        </ByteSequence>
      </InternalSignature>
    </FileFormat>
    <SearchCriteria>Criteria</SearchCriteria>
  </report_format_detail>
</PRONOM-Report>
