<?xml version="1.0" encoding="utf-8"?>
<PRONOM-Report xmlns="http://pronom.nationalarchives.gov.uk">
  <report_format_detail>
    <FileFormat>
      <FormatID>255</FormatID>
      <FormatName>Quark Xpress Data File</FormatName>
      <FormatVersion>
      </FormatVersion>
      <FormatAliases>
      </FormatAliases>
      <FormatFamilies>
      </FormatFamilies>
      <FormatTypes>Presentation</FormatTypes>
      <FormatDisclosure>
      </FormatDisclosure>
      <FormatDescription>QuarkXPress is destop publishing software for creating and editing page layouts that can be run on Mac and Windows operating systems. It can be used to creating a variety of layouts, from single-page flyers to multi-media projects required for magazines, newspapers and catalogues.</FormatDescription>
      <BinaryFileFormat>Text</BinaryFileFormat>
      <ByteOrders>
      </ByteOrders>
      <ReleaseDate>
      </ReleaseDate>
      <WithdrawnDate>
      </WithdrawnDate>
      <ProvenanceSourceID>1</ProvenanceSourceID>
      <ProvenanceName>Digital Preservation Department / The National Archives</ProvenanceName>
      <ProvenanceSourceDate>02 Aug 2005</ProvenanceSourceDate>
      <ProvenanceDescription>Format is proprietary and no technical specification is available publically. All file types generated by each version of QuarkXpress conform to either known signature. Further research has revealed inidividual versions can be identified and Versions 6 and 10 have their own individual entries - with more to be added where opportunity allows.
Known QuarkXpress file types are: qxd - QuarkXpress Document; qxl - QuarkXpress Library; qcd - QuarkXpress Article; qxt - QuarkXpress Template; qxp - QuarkXpress Project</ProvenanceDescription>
      <LastUpdatedDate>26 Feb 2013</LastUpdatedDate>
      <FormatNote>
      </FormatNote>
      <FormatRisk>
      </FormatRisk>
      <TechnicalEnvironment>
      </TechnicalEnvironment>
      <FileFormatIdentifier>
        <Identifier>x-fmt/182</Identifier>
        <IdentifierType>PUID</IdentifierType>
      </FileFormatIdentifier>
      <Developers>
        <DeveloperID>91</DeveloperID>
        <DeveloperName>
        </DeveloperName>
        <OrganisationName>Quark, Inc</OrganisationName>
        <DeveloperCompoundName>Quark, Inc</DeveloperCompoundName>
      </Developers>
      <Support>
        <SupportID>91</SupportID>
        <SupportName>
        </SupportName>
        <OrganisationName>Quark, Inc</OrganisationName>
        <SupportCompoundName>Quark, Inc</SupportCompoundName>
      </Support>
      <ExternalSignature>
        <ExternalSignatureID>249</ExternalSignatureID>
        <Signature>qxd</Signature>
        <SignatureType>File extension</SignatureType>
      </ExternalSignature>
      <ExternalSignature>
        <ExternalSignatureID>1321</ExternalSignatureID>
        <Signature>qxt</Signature>
        <SignatureType>File extension</SignatureType>
      </ExternalSignature>
      <ExternalSignature>
        <ExternalSignatureID>1322</ExternalSignatureID>
        <Signature>qxp</Signature>
        <SignatureType>File extension</SignatureType>
      </ExternalSignature>
      <ExternalSignature>
        <ExternalSignatureID>1323</ExternalSignatureID>
        <Signature>qcd</Signature>
        <SignatureType>File extension</SignatureType>
      </ExternalSignature>
      <ExternalSignature>
        <ExternalSignatureID>1324</ExternalSignatureID>
        <Signature>qxl</Signature>
        <SignatureType>File extension</SignatureType>
      </ExternalSignature>
      <InternalSignature>
        <SignatureID>771</SignatureID>
        <SignatureName>QuarkXpress (Motorola)</SignatureName>
        <SignatureNote>BOF: ..MMXPR</SignatureNote>
        <ByteSequence>
          <ByteSequenceID>972</ByteSequenceID>
          <PositionType>Absolute from BOF</PositionType>
          <Offset>0</Offset>
          <MaxOffset>0</MaxOffset>
          <IndirectOffsetLocation>
          </IndirectOffsetLocation>
          <IndirectOffsetLength>
          </IndirectOffsetLength>
          <Endianness>
          </Endianness>
          <ByteSequenceValue>00004D4D585052</ByteSequenceValue>
        </ByteSequence>
      </InternalSignature>
      <InternalSignature>
        <SignatureID>772</SignatureID>
        <SignatureName>QuarkXpress (Intel)</SignatureName>
        <SignatureNote>BOF: ..IIXPR</SignatureNote>
        <ByteSequence>
          <ByteSequenceID>973</ByteSequenceID>
          <PositionType>Absolute from BOF</PositionType>
          <Offset>0</Offset>
          <MaxOffset>0</MaxOffset>
          <IndirectOffsetLocation>
          </IndirectOffsetLocation>
          <IndirectOffsetLength>
          </IndirectOffsetLength>
          <Endianness>
          </Endianness>
          <ByteSequenceValue>00004949585052</ByteSequenceValue>
        </ByteSequence>
      </InternalSignature>
      <RelatedFormat>
        <RelationshipType>Has lower priority than</RelationshipType>
        <RelatedFormatID>1450</RelatedFormatID>
        <RelatedFormatName>Quark Xpress Data File</RelatedFormatName>
        <RelatedFormatVersion>10</RelatedFormatVersion>
      </RelatedFormat>
      <RelatedFormat>
        <RelationshipType>Has lower priority than</RelationshipType>
        <RelatedFormatID>1451</RelatedFormatID>
        <RelatedFormatName>Quark Xpress Data File</RelatedFormatName>
        <RelatedFormatVersion>6</RelatedFormatVersion>
      </RelatedFormat>
      <RelatedFormat>
        <RelationshipType>Has lower priority than</RelationshipType>
        <RelatedFormatID>1484</RelatedFormatID>
        <RelatedFormatName>Quark Xpress Data File</RelatedFormatName>
        <RelatedFormatVersion>9</RelatedFormatVersion>
      </RelatedFormat>
    </FileFormat>
    <SearchCriteria>Criteria</SearchCriteria>
  </report_format_detail>
</PRONOM-Report>
