<?xml version="1.0" encoding="utf-8"?>
<PRONOM-Report xmlns="http://pronom.nationalarchives.gov.uk">
  <report_format_detail>
    <FileFormat>
      <FormatID>80</FormatID>
      <FormatName>AutoCAD Design Web Format</FormatName>
      <FormatVersion>6.0</FormatVersion>
      <FormatAliases>
      </FormatAliases>
      <FormatFamilies>
      </FormatFamilies>
      <FormatTypes>Model</FormatTypes>
      <FormatDisclosure>
      </FormatDisclosure>
      <FormatDescription>AutoCAD Design Web Format (DWF) version 6 is the publishing format of Autodesk software, especially design data, such as 2D vector data, 3D vector data, animations, and metadata.  It uses the ZIP file format as the backing store mechanism.  The content can be roughly divided into:
•        DWF metadata files – XML files that contain information pertaining to metadata and structure (author, title, creation time, section dependencies, section ordering, resource file descriptions, roles, MIME types, etc.) and pertaining to the section (page information, design metadata, etc.).  The structural metadata is used to create logical objects (collections of files to represent a part or page, etc.).
•        Resource files – media or other content files that are referenced from the package/section metadata and are usually presentations of design data in various formats (ZGL, W2D, JPG, PNG, AVI, XML, TXT, DOC, etc.)
A DWF package must meet the following requirements:
•        The first 12 bytes of the physical package file must contain the DWF version header. 
•        A manifest.xml file at the root of the zip archive that complies to the manifest.xsd schema
•        File contents logically organized into sections, one for each component of the composite design.
•        At least one resource file.
•        The manifest must contain an &lt;Interfaces&gt; element containing at least one &lt;Interface&gt; sub element that indicates a document interface supported by the DWF package.  An example would be the ‘ePlot’ document interface, which implies that the DWF contains at least one valid ePlot page.</FormatDescription>
      <BinaryFileFormat>Text</BinaryFileFormat>
      <ByteOrders>
      </ByteOrders>
      <ReleaseDate>
      </ReleaseDate>
      <WithdrawnDate>
      </WithdrawnDate>
      <ProvenanceSourceID>180</ProvenanceSourceID>
      <ProvenanceName>The National Archives and Records Administration / The National Archives and Records Administration</ProvenanceName>
      <ProvenanceSourceDate>02 Aug 2005</ProvenanceSourceDate>
      <ProvenanceDescription>File format information supplied by NARA Information Services/Applied Research Division, The National Archives and Records Administration.</ProvenanceDescription>
      <LastUpdatedDate>28 Aug 2012</LastUpdatedDate>
      <FormatNote>
      </FormatNote>
      <FormatRisk>
      </FormatRisk>
      <TechnicalEnvironment>
      </TechnicalEnvironment>
      <FileFormatIdentifier>
        <Identifier>application/dwf</Identifier>
        <IdentifierType>MIME</IdentifierType>
      </FileFormatIdentifier>
      <FileFormatIdentifier>
        <Identifier>application/x-dwf</Identifier>
        <IdentifierType>MIME</IdentifierType>
      </FileFormatIdentifier>
      <FileFormatIdentifier>
        <Identifier>drawing/x-dwf</Identifier>
        <IdentifierType>MIME</IdentifierType>
      </FileFormatIdentifier>
      <FileFormatIdentifier>
        <Identifier>image/vnd.dwf</Identifier>
        <IdentifierType>MIME</IdentifierType>
      </FileFormatIdentifier>
      <FileFormatIdentifier>
        <Identifier>image/x-dwf</Identifier>
        <IdentifierType>MIME</IdentifierType>
      </FileFormatIdentifier>
      <FileFormatIdentifier>
        <Identifier>model/vnd.dwf</Identifier>
        <IdentifierType>MIME</IdentifierType>
      </FileFormatIdentifier>
      <FileFormatIdentifier>
        <Identifier>x-fmt/49</Identifier>
        <IdentifierType>PUID</IdentifierType>
      </FileFormatIdentifier>
      <Developers>
        <DeveloperID>18</DeveloperID>
        <DeveloperName>
        </DeveloperName>
        <OrganisationName>Autodesk Corporation</OrganisationName>
        <DeveloperCompoundName>Autodesk Corporation</DeveloperCompoundName>
      </Developers>
      <ExternalSignature>
        <ExternalSignatureID>74</ExternalSignatureID>
        <Signature>dwf</Signature>
        <SignatureType>File extension</SignatureType>
      </ExternalSignature>
      <InternalSignature>
        <SignatureID>386</SignatureID>
        <SignatureName>AutoCAD Design Web Format</SignatureName>
        <SignatureNote>(DWF Version)</SignatureNote>
        <ByteSequence>
          <ByteSequenceID>492</ByteSequenceID>
          <PositionType>Absolute from BOF</PositionType>
          <Offset>0</Offset>
          <MaxOffset>
          </MaxOffset>
          <IndirectOffsetLocation>
          </IndirectOffsetLocation>
          <IndirectOffsetLength>
          </IndirectOffsetLength>
          <Endianness>
          </Endianness>
          <ByteSequenceValue>28445746205630??2E????29</ByteSequenceValue>
        </ByteSequence>
      </InternalSignature>
    </FileFormat>
    <SearchCriteria>Criteria</SearchCriteria>
  </report_format_detail>
</PRONOM-Report>
