<?xml version="1.0" encoding="utf-8"?>
<PRONOM-Report xmlns="http://pronom.nationalarchives.gov.uk">
  <report_format_detail>
    <FileFormat>
      <FormatID>532</FormatID>
      <FormatName>Device Independent File Format</FormatName>
      <FormatVersion>
      </FormatVersion>
      <FormatAliases>DVI</FormatAliases>
      <FormatFamilies>
      </FormatFamilies>
      <FormatTypes>Page Description</FormatTypes>
      <FormatDisclosure>Full</FormatDisclosure>
      <FormatDescription>The Device Independent File Format (DVI) is the output file format of the TeX typesetting program. DVI files comprise binary data describing the visual layout of a document in a device-independent manner. A DVI file consists of a preamble, a sequence of commands defining one or more pages of text, and a postamble. Each command comprises an eight-bit opcode, followed by zero or more bytes of parameters. DVI driver software is required to render or print DVI files, or to convert them to other formats, such as PostScript or PDF.</FormatDescription>
      <BinaryFileFormat>Binary</BinaryFileFormat>
      <ByteOrders>Big-endian (Motorola)</ByteOrders>
      <ReleaseDate>01 Jan 1979</ReleaseDate>
      <WithdrawnDate>
      </WithdrawnDate>
      <ProvenanceSourceID>1</ProvenanceSourceID>
      <ProvenanceName>Digital Preservation Department / The National Archives</ProvenanceName>
      <ProvenanceSourceDate>02 Aug 2005</ProvenanceSourceDate>
      <ProvenanceDescription>
      </ProvenanceDescription>
      <LastUpdatedDate>22 Oct 2008</LastUpdatedDate>
      <FormatNote>
      </FormatNote>
      <FormatRisk>
      </FormatRisk>
      <TechnicalEnvironment>
      </TechnicalEnvironment>
      <FileFormatIdentifier>
        <Identifier>application/x-dvi</Identifier>
        <IdentifierType>MIME</IdentifierType>
      </FileFormatIdentifier>
      <FileFormatIdentifier>
        <Identifier>fmt/160</Identifier>
        <IdentifierType>PUID</IdentifierType>
      </FileFormatIdentifier>
      <ExternalSignature>
        <ExternalSignatureID>519</ExternalSignatureID>
        <Signature>dvi</Signature>
        <SignatureType>File extension</SignatureType>
      </ExternalSignature>
    </FileFormat>
    <SearchCriteria>Criteria</SearchCriteria>
  </report_format_detail>
</PRONOM-Report>
