<?xml version="1.0" encoding="utf-8"?>
<PRONOM-Report xmlns="http://pronom.nationalarchives.gov.uk">
  <report_format_detail>
    <FileFormat>
      <FormatID>904</FormatID>
      <FormatName>PrimeOCR</FormatName>
      <FormatVersion>3.0</FormatVersion>
      <FormatAliases>
      </FormatAliases>
      <FormatFamilies>
      </FormatFamilies>
      <FormatTypes>
      </FormatTypes>
      <FormatDisclosure>
      </FormatDisclosure>
      <FormatDescription>Outline record only.</FormatDescription>
      <BinaryFileFormat>Binary</BinaryFileFormat>
      <ByteOrders>
      </ByteOrders>
      <ReleaseDate>
      </ReleaseDate>
      <WithdrawnDate>
      </WithdrawnDate>
      <ProvenanceSourceID>1</ProvenanceSourceID>
      <ProvenanceName>Digital Preservation Department / The National Archives</ProvenanceName>
      <ProvenanceSourceDate>06 Oct 2009</ProvenanceSourceDate>
      <ProvenanceDescription>
      </ProvenanceDescription>
      <LastUpdatedDate>06 Oct 2009</LastUpdatedDate>
      <FormatNote>
      </FormatNote>
      <FormatRisk>
      </FormatRisk>
      <TechnicalEnvironment>
      </TechnicalEnvironment>
      <FileFormatIdentifier>
        <Identifier>fmt/183</Identifier>
        <IdentifierType>PUID</IdentifierType>
      </FileFormatIdentifier>
      <ExternalSignature>
        <ExternalSignatureID>888</ExternalSignatureID>
        <Signature>pro</Signature>
        <SignatureType>File extension</SignatureType>
      </ExternalSignature>
      <InternalSignature>
        <SignatureID>257</SignatureID>
        <SignatureName>PrimeOCR 3.0</SignatureName>
        <SignatureNote>Initial bytes of PrimeOCR output format represent Version,Format,Confidence and are represented in binary as ASCII at the beginning of the *.pro format. The value 430,0,450, represent version 4.3 of the format, custom word flag representing format and a confidence of 850 (PrimeOCR confidence * 100). The hex representation of this is 34 33 30 2C 30 2C 34 35 30 2C (we include the final signature represented in the format to create the unique signature). If version 4.3 is represented as 34 33 30 (ascii), version 4.2 for example is represented as 34 32 30, 3.8 as 33 38 39.</SignatureNote>
        <ByteSequence>
          <ByteSequenceID>329</ByteSequenceID>
          <PositionType>Absolute from BOF</PositionType>
          <Offset>0</Offset>
          <MaxOffset>
          </MaxOffset>
          <IndirectOffsetLocation>
          </IndirectOffsetLocation>
          <IndirectOffsetLength>
          </IndirectOffsetLength>
          <Endianness>Little-endian</Endianness>
          <ByteSequenceValue>3330302C??2C{3}2C</ByteSequenceValue>
        </ByteSequence>
      </InternalSignature>
    </FileFormat>
    <SearchCriteria>Criteria</SearchCriteria>
  </report_format_detail>
</PRONOM-Report>
