<?xml version="1.0" encoding="utf-8"?>
<PRONOM-Report xmlns="http://pronom.nationalarchives.gov.uk">
  <report_format_detail>
    <FileFormat>
      <FormatID>279</FormatID>
      <FormatName>Corel Wavelet Compressed Bitmap</FormatName>
      <FormatVersion>
      </FormatVersion>
      <FormatAliases>
      </FormatAliases>
      <FormatFamilies>
      </FormatFamilies>
      <FormatTypes>Image (Raster)</FormatTypes>
      <FormatDisclosure>
      </FormatDisclosure>
      <FormatDescription>The Corel Wavelet Compressed Bitmap is a raster graphic image file that is compressed with wavelet image compression.</FormatDescription>
      <BinaryFileFormat>Text</BinaryFileFormat>
      <ByteOrders>
      </ByteOrders>
      <ReleaseDate>
      </ReleaseDate>
      <WithdrawnDate>
      </WithdrawnDate>
      <ProvenanceSourceID>1</ProvenanceSourceID>
      <ProvenanceName>Digital Preservation Department / The National Archives</ProvenanceName>
      <ProvenanceSourceDate>02 Aug 2005</ProvenanceSourceDate>
      <ProvenanceDescription>
      </ProvenanceDescription>
      <LastUpdatedDate>20 Jan 2020</LastUpdatedDate>
      <FormatNote>
      </FormatNote>
      <FormatRisk>
      </FormatRisk>
      <TechnicalEnvironment>
      </TechnicalEnvironment>
      <FileFormatIdentifier>
        <Identifier>x-fmt/202</Identifier>
        <IdentifierType>PUID</IdentifierType>
      </FileFormatIdentifier>
      <Developers>
        <DeveloperID>35</DeveloperID>
        <DeveloperName>
        </DeveloperName>
        <OrganisationName>Corel Corporation</OrganisationName>
        <DeveloperCompoundName>Corel Corporation</DeveloperCompoundName>
      </Developers>
      <Support>
        <SupportID>35</SupportID>
        <SupportName>
        </SupportName>
        <OrganisationName>Corel Corporation</OrganisationName>
        <SupportCompoundName>Corel Corporation</SupportCompoundName>
      </Support>
      <ExternalSignature>
        <ExternalSignatureID>273</ExternalSignatureID>
        <Signature>wi</Signature>
        <SignatureType>File extension</SignatureType>
      </ExternalSignature>
      <ExternalSignature>
        <ExternalSignatureID>2478</ExternalSignatureID>
        <Signature>wvl</Signature>
        <SignatureType>File extension</SignatureType>
      </ExternalSignature>
      <InternalSignature>
        <SignatureID>1659</SignatureID>
        <SignatureName>Corel Wavelet (WVL)</SignatureName>
        <SignatureNote>BOF: 'CORWAV'</SignatureNote>
        <ByteSequence>
          <ByteSequenceID>1930</ByteSequenceID>
          <PositionType>Absolute from BOF</PositionType>
          <Offset>0</Offset>
          <MaxOffset>0</MaxOffset>
          <IndirectOffsetLocation>
          </IndirectOffsetLocation>
          <IndirectOffsetLength>
          </IndirectOffsetLength>
          <Endianness>
          </Endianness>
          <ByteSequenceValue>434F52574156</ByteSequenceValue>
        </ByteSequence>
      </InternalSignature>
      <InternalSignature>
        <SignatureID>1660</SignatureID>
        <SignatureName>Corel Wavelet (WI)</SignatureName>
        <SignatureNote>BOF uses "WI ". Byte 4 appears to be a value between 01:06 and byte 8 appears to be a value between 40:46.</SignatureNote>
        <ByteSequence>
          <ByteSequenceID>1931</ByteSequenceID>
          <PositionType>Absolute from BOF</PositionType>
          <Offset>0</Offset>
          <MaxOffset>0</MaxOffset>
          <IndirectOffsetLocation>
          </IndirectOffsetLocation>
          <IndirectOffsetLength>
          </IndirectOffsetLength>
          <Endianness>
          </Endianness>
          <ByteSequenceValue>574904[01:06]{3}[40:46]</ByteSequenceValue>
        </ByteSequence>
      </InternalSignature>
    </FileFormat>
    <SearchCriteria>Criteria</SearchCriteria>
  </report_format_detail>
</PRONOM-Report>
