<?xml version="1.0" encoding="utf-8"?>
<PRONOM-Report xmlns="http://pronom.nationalarchives.gov.uk">
  <report_format_detail>
    <FileFormat>
      <FormatID>406</FormatID>
      <FormatName>Microsoft Word for MS-DOS Document</FormatName>
      <FormatVersion>1.x - 4.0</FormatVersion>
      <FormatAliases>
      </FormatAliases>
      <FormatFamilies>
      </FormatFamilies>
      <FormatTypes>Word Processor</FormatTypes>
      <FormatDisclosure>
      </FormatDisclosure>
      <FormatDescription>Microsoft Word for MS-DOS Document is a proprietary binary format of Microsoft Word, word processing application, for MS-DOS first released in 1983. The first version was released on IBM PC DOS, developed by Microsoft, which Microsoft then re-branded as MS-DOS. The version was developed by Charles Simonyi and Richard Brodie firstly for Xenix in February 1983 (titled as "Multi-Tool Word") and in October 1983 for MS-DOS operating systems. The application featured graphics video mode, mouse and printer support (printer support was added in version 2) in WYSIWYG (What You See Is What You Get) interface and could run in text mode or graphics mode, with bold, italics, and underline features only available in the text mode. The following four versions were not much dissimilar, including only minor improvements, with the .doc format remained with the same therefore, they are all part of this entry. Please see the full list of versions using the links provided in the Notes section as well as, the manual for MS-DOS versions 1x which can be downloaded from WinWorld.</FormatDescription>
      <BinaryFileFormat>Text</BinaryFileFormat>
      <ByteOrders>Little-endian (Intel)</ByteOrders>
      <ReleaseDate>
      </ReleaseDate>
      <WithdrawnDate>
      </WithdrawnDate>
      <ProvenanceSourceID>1</ProvenanceSourceID>
      <ProvenanceName>Digital Preservation Department / The National Archives</ProvenanceName>
      <ProvenanceSourceDate>02 Aug 2005</ProvenanceSourceDate>
      <ProvenanceDescription>
      </ProvenanceDescription>
      <LastUpdatedDate>19 May 2022</LastUpdatedDate>
      <FormatNote>https://web.archive.org/web/20220513091703/https://winworldpc.com/product/microsoft-word/1x-dos

https://winworldpc.com/download/0b7555c5-bd3b-c3b2-11c3-a4c2a83d7054

https://winworldpc.com/download/07c3ae55-133b-c3b2-11c3-a4c2a83d7054

https://en.wikipedia.org/wiki/Doc_(computing)#Microsoft_Word_Binary_File_Format

https://web.archive.org/web/20220517101947/https://en.wikipedia.org/wiki/History_of_Microsoft_Word

https://www.docfly.com/blog/2020/a-brief-history-of-microsoft-word</FormatNote>
      <FormatRisk>
      </FormatRisk>
      <TechnicalEnvironment>
      </TechnicalEnvironment>
      <FileFormatIdentifier>
        <Identifier>application/msword</Identifier>
        <IdentifierType>MIME</IdentifierType>
      </FileFormatIdentifier>
      <FileFormatIdentifier>
        <Identifier>com.microsoft.word.doc</Identifier>
        <IdentifierType>Apple Uniform Type Identifier</IdentifierType>
      </FileFormatIdentifier>
      <FileFormatIdentifier>
        <Identifier>x-fmt/274</Identifier>
        <IdentifierType>PUID</IdentifierType>
      </FileFormatIdentifier>
      <Developers>
        <DeveloperID>93</DeveloperID>
        <DeveloperName>
        </DeveloperName>
        <OrganisationName>Microsoft Corporation</OrganisationName>
        <DeveloperCompoundName>Microsoft Corporation</DeveloperCompoundName>
      </Developers>
      <ExternalSignature>
        <ExternalSignatureID>393</ExternalSignatureID>
        <Signature>doc</Signature>
        <SignatureType>File extension</SignatureType>
      </ExternalSignature>
      <InternalSignature>
        <SignatureID>488</SignatureID>
        <SignatureName>Microsoft Word for DOS 1x - 4.0</SignatureName>
        <SignatureNote>Word signature (4 bytes) Reserved field (10 bytes) Flag (2 bytes) Version (2bytes)</SignatureNote>
        <ByteSequence>
          <ByteSequenceID>605</ByteSequenceID>
          <PositionType>Absolute from BOF</PositionType>
          <Offset>0</Offset>
          <MaxOffset>
          </MaxOffset>
          <IndirectOffsetLocation>
          </IndirectOffsetLocation>
          <IndirectOffsetLength>
          </IndirectOffsetLength>
          <Endianness>
          </Endianness>
          <ByteSequenceValue>31BE000000AB0000000000000000{82}0000{18}00</ByteSequenceValue>
        </ByteSequence>
      </InternalSignature>
      <RelatedFormat>
        <RelationshipType>Is previous version of</RelationshipType>
        <RelatedFormatID>407</RelatedFormatID>
        <RelatedFormatName>Microsoft Word for MS-DOS Document</RelatedFormatName>
        <RelatedFormatVersion>5.0 - 5.4</RelatedFormatVersion>
      </RelatedFormat>
    </FileFormat>
    <SearchCriteria>Criteria</SearchCriteria>
  </report_format_detail>
</PRONOM-Report>
