<?xml version="1.0" encoding="utf-8"?>
<PRONOM-Report xmlns="http://pronom.nationalarchives.gov.uk">
  <report_format_detail>
    <FileFormat>
      <FormatID>76</FormatID>
      <FormatName>Microsoft Word Document Template</FormatName>
      <FormatVersion>97-2003</FormatVersion>
      <FormatAliases>
      </FormatAliases>
      <FormatFamilies>
      </FormatFamilies>
      <FormatTypes>Word Processor</FormatTypes>
      <FormatDisclosure>
      </FormatDisclosure>
      <FormatDescription>This is an outline record only, and requires further details, research or authentication to provide information that will enable users to further understand the format and to assess digital preservation risks associated with it if appropriate. If you are able to help by supplying any additional information concerning this entry, please return to the main PRONOM page and select ‘Add an Entry’.</FormatDescription>
      <BinaryFileFormat>Text</BinaryFileFormat>
      <ByteOrders>
      </ByteOrders>
      <ReleaseDate>
      </ReleaseDate>
      <WithdrawnDate>
      </WithdrawnDate>
      <ProvenanceSourceID>1</ProvenanceSourceID>
      <ProvenanceName>Digital Preservation Department / The National Archives</ProvenanceName>
      <ProvenanceSourceDate>02 Aug 2005</ProvenanceSourceDate>
      <ProvenanceDescription>
      </ProvenanceDescription>
      <LastUpdatedDate>02 Aug 2005</LastUpdatedDate>
      <FormatNote>
      </FormatNote>
      <FormatRisk>
      </FormatRisk>
      <TechnicalEnvironment>
      </TechnicalEnvironment>
      <FileFormatIdentifier>
        <Identifier>x-fmt/45</Identifier>
        <IdentifierType>PUID</IdentifierType>
      </FileFormatIdentifier>
      <Developers>
        <DeveloperID>93</DeveloperID>
        <DeveloperName>
        </DeveloperName>
        <OrganisationName>Microsoft Corporation</OrganisationName>
        <DeveloperCompoundName>Microsoft Corporation</DeveloperCompoundName>
      </Developers>
      <Support>
        <SupportID>93</SupportID>
        <SupportName>
        </SupportName>
        <OrganisationName>Microsoft Corporation</OrganisationName>
        <SupportCompoundName>Microsoft Corporation</SupportCompoundName>
      </Support>
      <ExternalSignature>
        <ExternalSignatureID>70</ExternalSignatureID>
        <Signature>dot</Signature>
        <SignatureType>File extension</SignatureType>
      </ExternalSignature>
      <RelatedFormat>
        <RelationshipType>Has lower priority than</RelationshipType>
        <RelatedFormatID>1554</RelatedFormatID>
        <RelatedFormatName>Microsoft Word Document Template (Password Protected)</RelatedFormatName>
        <RelatedFormatVersion>97-2003</RelatedFormatVersion>
      </RelatedFormat>
      <RelatedFormat>
        <RelationshipType>Has priority over</RelationshipType>
        <RelatedFormatID>690</RelatedFormatID>
        <RelatedFormatName>Microsoft Word Document</RelatedFormatName>
        <RelatedFormatVersion>97-2003</RelatedFormatVersion>
      </RelatedFormat>
      <RelatedFormat>
        <RelationshipType>Has priority over</RelationshipType>
        <RelatedFormatID>767</RelatedFormatID>
        <RelatedFormatName>OLE2 Compound Document Format</RelatedFormatName>
        <RelatedFormatVersion>
        </RelatedFormatVersion>
      </RelatedFormat>
      <RelatedFormat>
        <RelationshipType>Has priority over</RelationshipType>
        <RelatedFormatID>1401</RelatedFormatID>
        <RelatedFormatName>Microsoft Word (Generic)</RelatedFormatName>
        <RelatedFormatVersion>6.0-2003</RelatedFormatVersion>
      </RelatedFormat>
    </FileFormat>
    <SearchCriteria>Criteria</SearchCriteria>
  </report_format_detail>
</PRONOM-Report>
