<?xml version="1.0" encoding="utf-8"?>
<PRONOM-Report xmlns="http://pronom.nationalarchives.gov.uk">
  <report_format_detail>
    <FileFormat>
      <FormatID>687</FormatID>
      <FormatName>MPEG 1/2 Audio Layer 3</FormatName>
      <FormatVersion>
      </FormatVersion>
      <FormatAliases>MP3</FormatAliases>
      <FormatFamilies>
      </FormatFamilies>
      <FormatTypes>Audio</FormatTypes>
      <FormatDisclosure>
      </FormatDisclosure>
      <FormatDescription>MP3 is a digital audio format, formally known as MPEG-1 Audio Layer III or MPEG-2 Audio Layer III. A third variant, known as MPEG 2.5, which supports lower bit rates implemented by the LAME MP3 encoder among others, but is not a recognised standard.</FormatDescription>
      <BinaryFileFormat>Text</BinaryFileFormat>
      <ByteOrders>
      </ByteOrders>
      <ReleaseDate>
      </ReleaseDate>
      <WithdrawnDate>
      </WithdrawnDate>
      <ProvenanceSourceID>1</ProvenanceSourceID>
      <ProvenanceName>Digital Preservation Department / The National Archives</ProvenanceName>
      <ProvenanceSourceDate>11 Mar 2005</ProvenanceSourceDate>
      <ProvenanceDescription>
      </ProvenanceDescription>
      <LastUpdatedDate>20 Jan 2020</LastUpdatedDate>
      <FormatNote>
      </FormatNote>
      <FormatRisk>
      </FormatRisk>
      <TechnicalEnvironment>
      </TechnicalEnvironment>
      <FileFormatIdentifier>
        <Identifier>audio/mpeg</Identifier>
        <IdentifierType>MIME</IdentifierType>
      </FileFormatIdentifier>
      <FileFormatIdentifier>
        <Identifier>fmt/134</Identifier>
        <IdentifierType>PUID</IdentifierType>
      </FileFormatIdentifier>
      <FileFormatIdentifier>
        <Identifier>public.mp3</Identifier>
        <IdentifierType>Apple Uniform Type Identifier</IdentifierType>
      </FileFormatIdentifier>
      <ExternalSignature>
        <ExternalSignatureID>598</ExternalSignatureID>
        <Signature>mp3</Signature>
        <SignatureType>File extension</SignatureType>
      </ExternalSignature>
      <InternalSignature>
        <SignatureID>266</SignatureID>
        <SignatureName>MPEG-1 Audio Layer 3 with ID3v2 Tag</SignatureName>
        <SignatureNote>Regularly-spaced frame headers should always be discoverable near EOF. An ID3v1 tag of up to 355 bytes may be present at EOF.</SignatureNote>
        <ByteSequence>
          <ByteSequenceID>340</ByteSequenceID>
          <PositionType>Absolute from EOF</PositionType>
          <Offset>0</Offset>
          <MaxOffset>
          </MaxOffset>
          <IndirectOffsetLocation>
          </IndirectOffsetLocation>
          <IndirectOffsetLength>
          </IndirectOffsetLength>
          <Endianness>Little-endian</Endianness>
          <ByteSequenceValue>FFFB[10:EB]{46-1439}FFFB[10:EB]{46-1439}FFFB[10:EB]{46-1439}FFFB[10:EB]{46-1439}FFFB[10:EB]{46-1439}FFFB[10:EB]{46-1439}FFFB[10:EB]{47-1795}</ByteSequenceValue>
        </ByteSequence>
        <ByteSequence>
          <ByteSequenceID>358</ByteSequenceID>
          <PositionType>Absolute from BOF</PositionType>
          <Offset>0</Offset>
          <MaxOffset>
          </MaxOffset>
          <IndirectOffsetLocation>
          </IndirectOffsetLocation>
          <IndirectOffsetLength>
          </IndirectOffsetLength>
          <Endianness>Little-endian</Endianness>
          <ByteSequenceValue>494433</ByteSequenceValue>
        </ByteSequence>
      </InternalSignature>
      <InternalSignature>
        <SignatureID>267</SignatureID>
        <SignatureName>MPEG-2 Audio Layer 3 with ID3v2 Tag</SignatureName>
        <SignatureNote>Regularly-spaced frame headers should always be discoverable near EOF. An ID3v1 tag of up to 355 bytes may be present at EOF.</SignatureNote>
        <ByteSequence>
          <ByteSequenceID>341</ByteSequenceID>
          <PositionType>Absolute from EOF</PositionType>
          <Offset>0</Offset>
          <MaxOffset>
          </MaxOffset>
          <IndirectOffsetLocation>
          </IndirectOffsetLocation>
          <IndirectOffsetLength>
          </IndirectOffsetLength>
          <Endianness>Little-endian</Endianness>
          <ByteSequenceValue>FFF3[10:EB]{46-1439}FFF3[10:EB]{46-1439}FFF3[10:EB]{46-1439}FFF3[10:EB]{46-1439}FFF3[10:EB]{46-1439}FFF3[10:EB]{46-1439}FFF3[10:EB]{47-1795}</ByteSequenceValue>
        </ByteSequence>
        <ByteSequence>
          <ByteSequenceID>359</ByteSequenceID>
          <PositionType>Absolute from BOF</PositionType>
          <Offset>0</Offset>
          <MaxOffset>
          </MaxOffset>
          <IndirectOffsetLocation>
          </IndirectOffsetLocation>
          <IndirectOffsetLength>
          </IndirectOffsetLength>
          <Endianness>Little-endian</Endianness>
          <ByteSequenceValue>494433</ByteSequenceValue>
        </ByteSequence>
      </InternalSignature>
      <InternalSignature>
        <SignatureID>268</SignatureID>
        <SignatureName>MPEG-1 Audio Layer 3 with ID3v2 Tag (protected)</SignatureName>
        <SignatureNote>Regularly-spaced frame headers should always be discoverable near EOF. Header has CRC bit off to indicate protected. An ID3v1 tag of up to 355 bytes may be present at EOF.</SignatureNote>
        <ByteSequence>
          <ByteSequenceID>342</ByteSequenceID>
          <PositionType>Absolute from EOF</PositionType>
          <Offset>0</Offset>
          <MaxOffset>
          </MaxOffset>
          <IndirectOffsetLocation>
          </IndirectOffsetLocation>
          <IndirectOffsetLength>
          </IndirectOffsetLength>
          <Endianness>Little-endian</Endianness>
          <ByteSequenceValue>FFFA[10:EB]{46-1439}FFFA[10:EB]{46-1439}FFFA[10:EB]{46-1439}FFFA[10:EB]{46-1439}FFFA[10:EB]{46-1439}FFFA[10:EB]{46-1439}FFFA[10:EB]{47-1795}</ByteSequenceValue>
        </ByteSequence>
        <ByteSequence>
          <ByteSequenceID>360</ByteSequenceID>
          <PositionType>Absolute from BOF</PositionType>
          <Offset>0</Offset>
          <MaxOffset>
          </MaxOffset>
          <IndirectOffsetLocation>
          </IndirectOffsetLocation>
          <IndirectOffsetLength>
          </IndirectOffsetLength>
          <Endianness>Little-endian</Endianness>
          <ByteSequenceValue>494433</ByteSequenceValue>
        </ByteSequence>
      </InternalSignature>
      <InternalSignature>
        <SignatureID>269</SignatureID>
        <SignatureName>MPEG-2 Audio Layer 3 with ID3v2 Tag (protected)</SignatureName>
        <SignatureNote>Regularly-spaced frame headers should always be discoverable near EOF. Header has CRC bit off to indicate protected. An ID3v1 tag of up to 355 bytes may be present at EOF.</SignatureNote>
        <ByteSequence>
          <ByteSequenceID>343</ByteSequenceID>
          <PositionType>Absolute from EOF</PositionType>
          <Offset>0</Offset>
          <MaxOffset>
          </MaxOffset>
          <IndirectOffsetLocation>
          </IndirectOffsetLocation>
          <IndirectOffsetLength>
          </IndirectOffsetLength>
          <Endianness>Little-endian</Endianness>
          <ByteSequenceValue>FFF2[10:EB]{46-1439}FFF2[10:EB]{46-1439}FFF2[10:EB]{46-1439}FFF2[10:EB]{46-1439}FFF2[10:EB]{46-1439}FFF2[10:EB]{46-1439}FFF2[10:EB]{47-1795}</ByteSequenceValue>
        </ByteSequence>
        <ByteSequence>
          <ByteSequenceID>361</ByteSequenceID>
          <PositionType>Absolute from BOF</PositionType>
          <Offset>0</Offset>
          <MaxOffset>
          </MaxOffset>
          <IndirectOffsetLocation>
          </IndirectOffsetLocation>
          <IndirectOffsetLength>
          </IndirectOffsetLength>
          <Endianness>Little-endian</Endianness>
          <ByteSequenceValue>494433</ByteSequenceValue>
        </ByteSequence>
      </InternalSignature>
      <InternalSignature>
        <SignatureID>279</SignatureID>
        <SignatureName>MPEG-1 Audio Layer 3 without ID3v2 Tag</SignatureName>
        <SignatureNote>Regularly-spaced frame headers should always be discoverable starting at BOF.</SignatureNote>
        <ByteSequence>
          <ByteSequenceID>365</ByteSequenceID>
          <PositionType>Absolute from BOF</PositionType>
          <Offset>0</Offset>
          <MaxOffset>1795</MaxOffset>
          <IndirectOffsetLocation>
          </IndirectOffsetLocation>
          <IndirectOffsetLength>
          </IndirectOffsetLength>
          <Endianness>Little-endian</Endianness>
          <ByteSequenceValue>FFFB[10:EB]{46-1439}FFFB[10:EB]{46-1439}FFFB[10:EB]{46-1439}FFFB[10:EB]{46-1439}FFFB[10:EB]{46-1439}FFFB[10:EB]{46-1439}FFFB[10:EB]{46-1439}FFFB[10:EB]{46-1439}FFFB[10:EB]{46-1439}FFFB[10:EB]</ByteSequenceValue>
        </ByteSequence>
      </InternalSignature>
      <InternalSignature>
        <SignatureID>280</SignatureID>
        <SignatureName>MPEG-2 Audio Layer 3 without ID3v2 Tag</SignatureName>
        <SignatureNote>Regularly-spaced frame headers should always be discoverable starting at BOF.</SignatureNote>
        <ByteSequence>
          <ByteSequenceID>364</ByteSequenceID>
          <PositionType>Absolute from BOF</PositionType>
          <Offset>0</Offset>
          <MaxOffset>1795</MaxOffset>
          <IndirectOffsetLocation>
          </IndirectOffsetLocation>
          <IndirectOffsetLength>
          </IndirectOffsetLength>
          <Endianness>Little-endian</Endianness>
          <ByteSequenceValue>FFF3[10:EB]{46-1439}FFF3[10:EB]{46-1439}FFF3[10:EB]{46-1439}FFF3[10:EB]{46-1439}FFF3[10:EB]{46-1439}FFF3[10:EB]{46-1439}FFF3[10:EB]{46-1439}FFF3[10:EB]{46-1439}FFF3[10:EB]{46-1439}FFF3[10:EB]</ByteSequenceValue>
        </ByteSequence>
      </InternalSignature>
      <InternalSignature>
        <SignatureID>281</SignatureID>
        <SignatureName>MPEG-1 Audio Layer 3 without ID3v2 Tag (protected)</SignatureName>
        <SignatureNote>Regularly-spaced frame headers should always be discoverable starting at BOF with each header having CRC bit set off to indicate file is protected.</SignatureNote>
        <ByteSequence>
          <ByteSequenceID>363</ByteSequenceID>
          <PositionType>Absolute from BOF</PositionType>
          <Offset>0</Offset>
          <MaxOffset>1795</MaxOffset>
          <IndirectOffsetLocation>
          </IndirectOffsetLocation>
          <IndirectOffsetLength>
          </IndirectOffsetLength>
          <Endianness>Little-endian</Endianness>
          <ByteSequenceValue>FFFA[10:EB]{46-1439}FFFA[10:EB]{46-1439}FFFA[10:EB]{46-1439}FFFA[10:EB]{46-1439}FFFA[10:EB]{46-1439}FFFA[10:EB]{46-1439}FFFA[10:EB]{46-1439}FFFA[10:EB]{46-1439}FFFA[10:EB]{46-1439}FFFA[10:EB]</ByteSequenceValue>
        </ByteSequence>
      </InternalSignature>
      <InternalSignature>
        <SignatureID>282</SignatureID>
        <SignatureName>MPEG-2 Audio Layer 3 without ID3v2 Tag (protected)</SignatureName>
        <SignatureNote>Regularly-spaced frame headers should always be discoverable starting at BOF with each header having CRC bit set off to indicate file is protected.</SignatureNote>
        <ByteSequence>
          <ByteSequenceID>362</ByteSequenceID>
          <PositionType>Absolute from BOF</PositionType>
          <Offset>0</Offset>
          <MaxOffset>1795</MaxOffset>
          <IndirectOffsetLocation>
          </IndirectOffsetLocation>
          <IndirectOffsetLength>
          </IndirectOffsetLength>
          <Endianness>Little-endian</Endianness>
          <ByteSequenceValue>FFF2[10:EB]{46-1439}FFF2[10:EB]{46-1439}FFF2[10:EB]{46-1439}FFF2[10:EB]{46-1439}FFF2[10:EB]{46-1439}FFF2[10:EB]{46-1439}FFF2[10:EB]{46-1439}FFF2[10:EB]{46-1439}FFF2[10:EB]{46-1439}FFF2[10:EB]</ByteSequenceValue>
        </ByteSequence>
      </InternalSignature>
      <InternalSignature>
        <SignatureID>1733</SignatureID>
        <SignatureName>MP3 2.5</SignatureName>
        <SignatureNote>Regularly-spaced frame headers should always be discoverable starting at BOF. MPEG 2.5 is an extended variant of MP3 that provides wider support of lower bit-rates than standard MP3. It is implemented by LAME encoder among others, however is not an officially recognised standard.</SignatureNote>
        <ByteSequence>
          <ByteSequenceID>2009</ByteSequenceID>
          <PositionType>Absolute from BOF</PositionType>
          <Offset>0</Offset>
          <MaxOffset>1795</MaxOffset>
          <IndirectOffsetLocation>
          </IndirectOffsetLocation>
          <IndirectOffsetLength>
          </IndirectOffsetLength>
          <Endianness>
          </Endianness>
          <ByteSequenceValue>FFE3[10:EB]{46-1439}FFE3[10:EB]{46-1439}FFE3[10:EB]{46-1439}FFE3[10:EB]{46-1439}FFE3[10:EB]{46-1439}FFE3[10:EB]{46-1439}FFE3[10:EB]{46-1439}FFE3[10:EB]{46-1439}FFE3[10:EB]{46-1439}FFE3[10:EB]</ByteSequenceValue>
        </ByteSequence>
      </InternalSignature>
      <RelatedFormat>
        <RelationshipType>Has lower priority than</RelationshipType>
        <RelatedFormatID>613</RelatedFormatID>
        <RelatedFormatName>Acrobat PDF 1.0 - Portable Document Format</RelatedFormatName>
        <RelatedFormatVersion>1.0</RelatedFormatVersion>
      </RelatedFormat>
      <RelatedFormat>
        <RelationshipType>Has lower priority than</RelationshipType>
        <RelatedFormatID>614</RelatedFormatID>
        <RelatedFormatName>Acrobat PDF 1.1 - Portable Document Format</RelatedFormatName>
        <RelatedFormatVersion>1.1</RelatedFormatVersion>
      </RelatedFormat>
      <RelatedFormat>
        <RelationshipType>Has lower priority than</RelationshipType>
        <RelatedFormatID>615</RelatedFormatID>
        <RelatedFormatName>Acrobat PDF 1.2 - Portable Document Format</RelatedFormatName>
        <RelatedFormatVersion>1.2</RelatedFormatVersion>
      </RelatedFormat>
      <RelatedFormat>
        <RelationshipType>Has lower priority than</RelationshipType>
        <RelatedFormatID>616</RelatedFormatID>
        <RelatedFormatName>Acrobat PDF 1.3 - Portable Document Format</RelatedFormatName>
        <RelatedFormatVersion>1.3</RelatedFormatVersion>
      </RelatedFormat>
      <RelatedFormat>
        <RelationshipType>Has lower priority than</RelationshipType>
        <RelatedFormatID>617</RelatedFormatID>
        <RelatedFormatName>Acrobat PDF 1.4 - Portable Document Format</RelatedFormatName>
        <RelatedFormatVersion>1.4</RelatedFormatVersion>
      </RelatedFormat>
      <RelatedFormat>
        <RelationshipType>Has lower priority than</RelationshipType>
        <RelatedFormatID>618</RelatedFormatID>
        <RelatedFormatName>Acrobat PDF 1.5 - Portable Document Format</RelatedFormatName>
        <RelatedFormatVersion>1.5</RelatedFormatVersion>
      </RelatedFormat>
      <RelatedFormat>
        <RelationshipType>Has lower priority than</RelationshipType>
        <RelatedFormatID>625</RelatedFormatID>
        <RelatedFormatName>PCX</RelatedFormatName>
        <RelatedFormatVersion>5</RelatedFormatVersion>
      </RelatedFormat>
      <RelatedFormat>
        <RelationshipType>Has lower priority than</RelationshipType>
        <RelatedFormatID>637</RelatedFormatID>
        <RelatedFormatName>Acrobat PDF 1.6 - Portable Document Format</RelatedFormatName>
        <RelatedFormatVersion>1.6</RelatedFormatVersion>
      </RelatedFormat>
      <RelatedFormat>
        <RelationshipType>Has lower priority than</RelationshipType>
        <RelatedFormatID>646</RelatedFormatID>
        <RelatedFormatName>Macromedia Flash</RelatedFormatName>
        <RelatedFormatVersion>1</RelatedFormatVersion>
      </RelatedFormat>
      <RelatedFormat>
        <RelationshipType>Has lower priority than</RelationshipType>
        <RelatedFormatID>647</RelatedFormatID>
        <RelatedFormatName>Macromedia Flash</RelatedFormatName>
        <RelatedFormatVersion>2</RelatedFormatVersion>
      </RelatedFormat>
      <RelatedFormat>
        <RelationshipType>Has lower priority than</RelationshipType>
        <RelatedFormatID>648</RelatedFormatID>
        <RelatedFormatName>Macromedia Flash</RelatedFormatName>
        <RelatedFormatVersion>3</RelatedFormatVersion>
      </RelatedFormat>
      <RelatedFormat>
        <RelationshipType>Has lower priority than</RelationshipType>
        <RelatedFormatID>649</RelatedFormatID>
        <RelatedFormatName>Macromedia Flash</RelatedFormatName>
        <RelatedFormatVersion>4</RelatedFormatVersion>
      </RelatedFormat>
      <RelatedFormat>
        <RelationshipType>Has lower priority than</RelationshipType>
        <RelatedFormatID>650</RelatedFormatID>
        <RelatedFormatName>Macromedia Flash</RelatedFormatName>
        <RelatedFormatVersion>5</RelatedFormatVersion>
      </RelatedFormat>
      <RelatedFormat>
        <RelationshipType>Has lower priority than</RelationshipType>
        <RelatedFormatID>651</RelatedFormatID>
        <RelatedFormatName>Macromedia Flash</RelatedFormatName>
        <RelatedFormatVersion>6</RelatedFormatVersion>
      </RelatedFormat>
      <RelatedFormat>
        <RelationshipType>Has lower priority than</RelationshipType>
        <RelatedFormatID>652</RelatedFormatID>
        <RelatedFormatName>Macromedia Flash</RelatedFormatName>
        <RelatedFormatVersion>7</RelatedFormatVersion>
      </RelatedFormat>
      <RelatedFormat>
        <RelationshipType>Has lower priority than</RelationshipType>
        <RelatedFormatID>653</RelatedFormatID>
        <RelatedFormatName>Macromedia FLV</RelatedFormatName>
        <RelatedFormatVersion>1</RelatedFormatVersion>
      </RelatedFormat>
      <RelatedFormat>
        <RelationshipType>Has lower priority than</RelationshipType>
        <RelatedFormatID>872</RelatedFormatID>
        <RelatedFormatName>AutoCAD Drawing</RelatedFormatName>
        <RelatedFormatVersion>2007-2008</RelatedFormatVersion>
      </RelatedFormat>
      <RelatedFormat>
        <RelationshipType>Has lower priority than</RelationshipType>
        <RelatedFormatID>1016</RelatedFormatID>
        <RelatedFormatName>Acrobat PDF 1.7 - Portable Document Format</RelatedFormatName>
        <RelatedFormatVersion>1.7</RelatedFormatVersion>
      </RelatedFormat>
      <RelatedFormat>
        <RelationshipType>Has lower priority than</RelationshipType>
        <RelatedFormatID>1099</RelatedFormatID>
        <RelatedFormatName>Tagged Image File Format</RelatedFormatName>
        <RelatedFormatVersion>
        </RelatedFormatVersion>
      </RelatedFormat>
      <RelatedFormat>
        <RelationshipType>Has lower priority than</RelationshipType>
        <RelatedFormatID>1192</RelatedFormatID>
        <RelatedFormatName>Audio Interchange File Format</RelatedFormatName>
        <RelatedFormatVersion>1.2</RelatedFormatVersion>
      </RelatedFormat>
      <RelatedFormat>
        <RelationshipType>Has lower priority than</RelationshipType>
        <RelatedFormatID>1357</RelatedFormatID>
        <RelatedFormatName>Matroska</RelatedFormatName>
        <RelatedFormatVersion>1-4</RelatedFormatVersion>
      </RelatedFormat>
      <RelatedFormat>
        <RelationshipType>Has lower priority than</RelationshipType>
        <RelatedFormatID>1986</RelatedFormatID>
        <RelatedFormatName>Nullsoft Streaming Video</RelatedFormatName>
        <RelatedFormatVersion>
        </RelatedFormatVersion>
      </RelatedFormat>
      <RelatedFormat>
        <RelationshipType>Has lower priority than</RelationshipType>
        <RelatedFormatID>2098</RelatedFormatID>
        <RelatedFormatName>NCH Dictation Audio File</RelatedFormatName>
        <RelatedFormatVersion>
        </RelatedFormatVersion>
      </RelatedFormat>
      <RelatedFormat>
        <RelationshipType>Has lower priority than</RelationshipType>
        <RelatedFormatID>2290</RelatedFormatID>
        <RelatedFormatName>STOS Memory Bank</RelatedFormatName>
        <RelatedFormatVersion>
        </RelatedFormatVersion>
      </RelatedFormat>
      <RelatedFormat>
        <RelationshipType>Has lower priority than</RelationshipType>
        <RelatedFormatID>2291</RelatedFormatID>
        <RelatedFormatName>multiArtist File</RelatedFormatName>
        <RelatedFormatVersion>
        </RelatedFormatVersion>
      </RelatedFormat>
      <RelatedFormat>
        <RelationshipType>Has lower priority than</RelationshipType>
        <RelatedFormatID>2292</RelatedFormatID>
        <RelatedFormatName>MAKIchan Graphics File</RelatedFormatName>
        <RelatedFormatVersion>
        </RelatedFormatVersion>
      </RelatedFormat>
      <RelatedFormat>
        <RelationshipType>Has lower priority than</RelationshipType>
        <RelatedFormatID>2384</RelatedFormatID>
        <RelatedFormatName>Beam Software SIFF File</RelatedFormatName>
        <RelatedFormatVersion>
        </RelatedFormatVersion>
      </RelatedFormat>
      <RelatedFormat>
        <RelationshipType>Has lower priority than</RelationshipType>
        <RelatedFormatID>2400</RelatedFormatID>
        <RelatedFormatName>Spectrum 512 Compressed | Spectrum 512 Smooshed</RelatedFormatName>
        <RelatedFormatVersion>
        </RelatedFormatVersion>
      </RelatedFormat>
      <RelatedFormat>
        <RelationshipType>Has lower priority than</RelationshipType>
        <RelatedFormatID>2401</RelatedFormatID>
        <RelatedFormatName>Spectrum 512 Uncompressed | Spectrum 512 Uncompressed Enhanced</RelatedFormatName>
        <RelatedFormatVersion>
        </RelatedFormatVersion>
      </RelatedFormat>
      <RelatedFormat>
        <RelationshipType>Has lower priority than</RelationshipType>
        <RelatedFormatID>2486</RelatedFormatID>
        <RelatedFormatName>XL-Paint</RelatedFormatName>
        <RelatedFormatVersion>
        </RelatedFormatVersion>
      </RelatedFormat>
      <RelatedFormat>
        <RelationshipType>Has lower priority than</RelationshipType>
        <RelatedFormatID>2539</RelatedFormatID>
        <RelatedFormatName>Persuasion Mac Document</RelatedFormatName>
        <RelatedFormatVersion>2.1</RelatedFormatVersion>
      </RelatedFormat>
      <RelatedFormat>
        <RelationshipType>Has lower priority than</RelationshipType>
        <RelatedFormatID>2557</RelatedFormatID>
        <RelatedFormatName>Pablo Paint Raster Image</RelatedFormatName>
        <RelatedFormatVersion>
        </RelatedFormatVersion>
      </RelatedFormat>
    </FileFormat>
    <SearchCriteria>Criteria</SearchCriteria>
  </report_format_detail>
</PRONOM-Report>
