<?xml version="1.0" encoding="utf-8"?>
<PRONOM-Report xmlns="http://pronom.nationalarchives.gov.uk">
  <report_format_detail>
    <FileFormat>
      <FormatID>378</FormatID>
      <FormatName>WordStar for MS-DOS Document</FormatName>
      <FormatVersion>4.0</FormatVersion>
      <FormatAliases>
      </FormatAliases>
      <FormatFamilies>
      </FormatFamilies>
      <FormatTypes>Word Processor</FormatTypes>
      <FormatDisclosure>
      </FormatDisclosure>
      <FormatDescription>WordStar is a Word Processor application originally published by MicroPro. WS4 files currently cannot by identified though a PRONOM identification signature. 

On the surface it's a plain text file, however the format 'shifts' the last byte of each word. Effectively it is 'flipping' the first bit of the ASCII character from 0 to 1. so a lower case 'r' (hex value 0x72) becomes 'ò' (hex value 0xF2); lower case 'd' (hex 0x64) becomes 'ä' (hex 0xE4) and so on. 

It should be possible to write a simple decoder application for WS4 files, however note that the conjecture above is based on observation of a limited pool of files, and there may be additional subtleties yet to be encountered and understood. Please contact the PRONOM team if you have any further information about this format.</FormatDescription>
      <BinaryFileFormat>Text</BinaryFileFormat>
      <ByteOrders>
      </ByteOrders>
      <ReleaseDate>
      </ReleaseDate>
      <WithdrawnDate>
      </WithdrawnDate>
      <ProvenanceSourceID>1</ProvenanceSourceID>
      <ProvenanceName>Digital Preservation Department / The National Archives</ProvenanceName>
      <ProvenanceSourceDate>02 Aug 2005</ProvenanceSourceDate>
      <ProvenanceDescription>
      </ProvenanceDescription>
      <LastUpdatedDate>02 Aug 2005</LastUpdatedDate>
      <FormatNote>
      </FormatNote>
      <FormatRisk>
      </FormatRisk>
      <TechnicalEnvironment>
      </TechnicalEnvironment>
      <FileFormatIdentifier>
        <Identifier>x-fmt/260</Identifier>
        <IdentifierType>PUID</IdentifierType>
      </FileFormatIdentifier>
      <ExternalSignature>
        <ExternalSignatureID>365</ExternalSignatureID>
        <Signature>ws</Signature>
        <SignatureType>File extension</SignatureType>
      </ExternalSignature>
      <ExternalSignature>
        <ExternalSignatureID>530</ExternalSignatureID>
        <Signature>ws4</Signature>
        <SignatureType>File extension</SignatureType>
      </ExternalSignature>
    </FileFormat>
    <SearchCriteria>Criteria</SearchCriteria>
  </report_format_detail>
</PRONOM-Report>
