<?xml version="1.0" encoding="utf-8"?>
<PRONOM-Report xmlns="http://pronom.nationalarchives.gov.uk">
  <report_format_detail>
    <FileFormat>
      <FormatID>649</FormatID>
      <FormatName>Macromedia Flash</FormatName>
      <FormatVersion>4</FormatVersion>
      <FormatAliases>SWF (4)</FormatAliases>
      <FormatFamilies>
      </FormatFamilies>
      <FormatTypes>
      </FormatTypes>
      <FormatDisclosure>
      </FormatDisclosure>
      <FormatDescription>The Adobe Flash format, SWF, previously known as Shockwave Flash or Macromedia Shockwave Flash, and alternatively known as the Small Web Format, is a file format primarily designed for creating interactive multimedia applications. The format iterates rapidly, often in line with new releases of Adobe Flash or Adobe Air. Prior to version 6 all SWF files were uncompressed, however version 6 introduced the option of using zlib compression. Version 13 introduced the option of using LZMA compression.</FormatDescription>
      <BinaryFileFormat>Binary</BinaryFileFormat>
      <ByteOrders>Little-endian (Intel)</ByteOrders>
      <ReleaseDate>
      </ReleaseDate>
      <WithdrawnDate>
      </WithdrawnDate>
      <ProvenanceSourceID>1</ProvenanceSourceID>
      <ProvenanceName>Digital Preservation Department / The National Archives</ProvenanceName>
      <ProvenanceSourceDate>11 Mar 2005</ProvenanceSourceDate>
      <ProvenanceDescription>http://wwwimages.adobe.com/www.adobe.com/content/dam/Adobe/en/devnet/swf/pdf/swf-file-format-spec.pdf
http://www.adobe.com/devnet/articles/flashplayer-air-feature-list.html</ProvenanceDescription>
      <LastUpdatedDate>14 Sep 2018</LastUpdatedDate>
      <FormatNote>
      </FormatNote>
      <FormatRisk>
      </FormatRisk>
      <TechnicalEnvironment>
      </TechnicalEnvironment>
      <FileFormatIdentifier>
        <Identifier>application/x-shockwave-flash</Identifier>
        <IdentifierType>MIME</IdentifierType>
      </FileFormatIdentifier>
      <FileFormatIdentifier>
        <Identifier>fmt/107</Identifier>
        <IdentifierType>PUID</IdentifierType>
      </FileFormatIdentifier>
      <Developers>
        <DeveloperID>56</DeveloperID>
        <DeveloperName>
        </DeveloperName>
        <OrganisationName>Macromedia, Inc.</OrganisationName>
        <DeveloperCompoundName>Macromedia, Inc.</DeveloperCompoundName>
      </Developers>
      <Support>
        <SupportID>7</SupportID>
        <SupportName>
        </SupportName>
        <OrganisationName>Adobe Systems Incorporated</OrganisationName>
        <SupportCompoundName>Adobe Systems Incorporated</SupportCompoundName>
      </Support>
      <ExternalSignature>
        <ExternalSignatureID>617</ExternalSignatureID>
        <Signature>swf</Signature>
        <SignatureType>File extension</SignatureType>
      </ExternalSignature>
      <InternalSignature>
        <SignatureID>45</SignatureID>
        <SignatureName>SWF 4</SignatureName>
        <SignatureNote>Header (FWS then version number) and end tag (..)</SignatureNote>
        <ByteSequence>
          <ByteSequenceID>140</ByteSequenceID>
          <PositionType>Absolute from BOF</PositionType>
          <Offset>0</Offset>
          <MaxOffset>
          </MaxOffset>
          <IndirectOffsetLocation>
          </IndirectOffsetLocation>
          <IndirectOffsetLength>
          </IndirectOffsetLength>
          <Endianness>
          </Endianness>
          <ByteSequenceValue>46575304</ByteSequenceValue>
        </ByteSequence>
        <ByteSequence>
          <ByteSequenceID>141</ByteSequenceID>
          <PositionType>Absolute from EOF</PositionType>
          <Offset>0</Offset>
          <MaxOffset>
          </MaxOffset>
          <IndirectOffsetLocation>
          </IndirectOffsetLocation>
          <IndirectOffsetLength>
          </IndirectOffsetLength>
          <Endianness>
          </Endianness>
          <ByteSequenceValue>0000</ByteSequenceValue>
        </ByteSequence>
      </InternalSignature>
      <RelatedFormat>
        <RelationshipType>Has priority over</RelationshipType>
        <RelatedFormatID>687</RelatedFormatID>
        <RelatedFormatName>MPEG 1/2 Audio Layer 3</RelatedFormatName>
        <RelatedFormatVersion>
        </RelatedFormatVersion>
      </RelatedFormat>
      <RelatedFormat>
        <RelationshipType>Is previous version of</RelationshipType>
        <RelatedFormatID>650</RelatedFormatID>
        <RelatedFormatName>Macromedia Flash</RelatedFormatName>
        <RelatedFormatVersion>5</RelatedFormatVersion>
      </RelatedFormat>
      <RelatedFormat>
        <RelationshipType>Is subsequent version of</RelationshipType>
        <RelatedFormatID>648</RelatedFormatID>
        <RelatedFormatName>Macromedia Flash</RelatedFormatName>
        <RelatedFormatVersion>3</RelatedFormatVersion>
      </RelatedFormat>
    </FileFormat>
    <SearchCriteria>Criteria</SearchCriteria>
  </report_format_detail>
</PRONOM-Report>
