<?xml version="1.0" encoding="utf-8"?>
<PRONOM-Report xmlns="http://pronom.nationalarchives.gov.uk">
  <report_format_detail>
    <FileFormat>
      <FormatID>644</FormatID>
      <FormatName>Extensible Hypertext Markup Language</FormatName>
      <FormatVersion>1.1</FormatVersion>
      <FormatAliases>XHTML (1.1)</FormatAliases>
      <FormatFamilies>
      </FormatFamilies>
      <FormatTypes>Text (Mark-up)</FormatTypes>
      <FormatDisclosure>Full</FormatDisclosure>
      <FormatDescription>The Extensible Hypertext Markup Language (XHTML) is a reformulation of the Hypertext Markup Language (HTML) as an application of the Extensible Markup Language (XML). This allows for the automated processing of XHTML documents using a standard XML parser. XHTML 1.1 is now recommended by the W3C over HTML for the creation of web pages. The structure and grammar of an XHTML document is defined using a Document Type Definition (DTD). An XHTML document consists of nested elements, each of which may have attributes and content. It begins with an XHTML Document Type declaration, defining the XHTML version and Document Type Definition (DTD) to which it conforms. XHTML documents are typically encoded in UTF-8 or UTF-16.</FormatDescription>
      <BinaryFileFormat>Text</BinaryFileFormat>
      <ByteOrders>
      </ByteOrders>
      <ReleaseDate>31 May 2001</ReleaseDate>
      <WithdrawnDate>
      </WithdrawnDate>
      <ProvenanceSourceID>1</ProvenanceSourceID>
      <ProvenanceName>Digital Preservation Department / The National Archives</ProvenanceName>
      <ProvenanceSourceDate>11 Mar 2005</ProvenanceSourceDate>
      <ProvenanceDescription>
      </ProvenanceDescription>
      <LastUpdatedDate>14 Sep 2018</LastUpdatedDate>
      <FormatNote>
      </FormatNote>
      <FormatRisk>
      </FormatRisk>
      <TechnicalEnvironment>
      </TechnicalEnvironment>
      <FileFormatIdentifier>
        <Identifier>application/xhtml+xml</Identifier>
        <IdentifierType>MIME</IdentifierType>
      </FileFormatIdentifier>
      <FileFormatIdentifier>
        <Identifier>fmt/103</Identifier>
        <IdentifierType>PUID</IdentifierType>
      </FileFormatIdentifier>
      <Developers>
        <DeveloperID>106</DeveloperID>
        <DeveloperName>
        </DeveloperName>
        <OrganisationName>World Wide Web Consortium</OrganisationName>
        <DeveloperCompoundName>World Wide Web Consortium</DeveloperCompoundName>
      </Developers>
      <Document>
        <DocumentID>24</DocumentID>
        <DisplayText>World Wide Web Consortium, 2001, W3C Recommendation: XHTML 1.1 - Module-based XHTML</DisplayText>
        <DocumentType>Authoritative</DocumentType>
        <AvailabilityDescription>Public</AvailabilityDescription>
        <AvailabilityNote>
        </AvailabilityNote>
        <PublicationDate>31 May 2001</PublicationDate>
        <TitleText>W3C Recommendation: XHTML 1.1 - Module-based XHTML</TitleText>
        <DocumentIPR>
        </DocumentIPR>
        <DocumentNote>
        </DocumentNote>
        <DocumentIdentifier>
          <Identifier>www.w3.org/TR/xhtml11/</Identifier>
          <IdentifierType>URL</IdentifierType>
        </DocumentIdentifier>
        <Author>
          <AuthorID>106</AuthorID>
          <AuthorName>
          </AuthorName>
          <OrganisationName>World Wide Web Consortium</OrganisationName>
          <AuthorCompoundName>World Wide Web Consortium</AuthorCompoundName>
        </Author>
        <Publisher>
          <PublisherID>106</PublisherID>
          <PublisherName>
          </PublisherName>
          <OrganisationName>World Wide Web Consortium</OrganisationName>
          <PublisherCompoundName>World Wide Web Consortium</PublisherCompoundName>
        </Publisher>
      </Document>
      <ExternalSignature>
        <ExternalSignatureID>585</ExternalSignatureID>
        <Signature>htm</Signature>
        <SignatureType>File extension</SignatureType>
      </ExternalSignature>
      <ExternalSignature>
        <ExternalSignatureID>631</ExternalSignatureID>
        <Signature>html</Signature>
        <SignatureType>File extension</SignatureType>
      </ExternalSignature>
      <InternalSignature>
        <SignatureID>40</SignatureID>
        <SignatureName>XHTML 1.1</SignatureName>
        <SignatureNote>With DOCTYPE declaration for 1.1</SignatureNote>
        <ByteSequence>
          <ByteSequenceID>274</ByteSequenceID>
          <PositionType>Absolute from BOF</PositionType>
          <Offset>0</Offset>
          <MaxOffset>1024</MaxOffset>
          <IndirectOffsetLocation>
          </IndirectOffsetLocation>
          <IndirectOffsetLength>
          </IndirectOffsetLength>
          <Endianness>
          </Endianness>
          <ByteSequenceValue>3C21444F43545950452068746D6C205055424C494320222D2F2F5733432F2F445444205848544D4C20312E31</ByteSequenceValue>
        </ByteSequence>
        <ByteSequence>
          <ByteSequenceID>275</ByteSequenceID>
          <PositionType>Variable</PositionType>
          <Offset>
          </Offset>
          <MaxOffset>
          </MaxOffset>
          <IndirectOffsetLocation>
          </IndirectOffsetLocation>
          <IndirectOffsetLength>
          </IndirectOffsetLength>
          <Endianness>
          </Endianness>
          <ByteSequenceValue>3C68746D6C20786D6C6E733D22687474703A2F2F7777772E77332E6F72672F313939392F7868746D6C22*3C7469746C653E*3C2F7469746C653E</ByteSequenceValue>
        </ByteSequence>
      </InternalSignature>
      <RelatedFormat>
        <RelationshipType>Has lower priority than</RelationshipType>
        <RelatedFormatID>310</RelatedFormatID>
        <RelatedFormatName>Internet Archive</RelatedFormatName>
        <RelatedFormatVersion>1.0</RelatedFormatVersion>
      </RelatedFormat>
      <RelatedFormat>
        <RelationshipType>Has lower priority than</RelationshipType>
        <RelatedFormatID>777</RelatedFormatID>
        <RelatedFormatName>Java Archive Format</RelatedFormatName>
        <RelatedFormatVersion>
        </RelatedFormatVersion>
      </RelatedFormat>
      <RelatedFormat>
        <RelationshipType>Has lower priority than</RelationshipType>
        <RelatedFormatID>1029</RelatedFormatID>
        <RelatedFormatName>WARC</RelatedFormatName>
        <RelatedFormatVersion>
        </RelatedFormatVersion>
      </RelatedFormat>
      <RelatedFormat>
        <RelationshipType>Has lower priority than</RelationshipType>
        <RelatedFormatID>1158</RelatedFormatID>
        <RelatedFormatName>Internet Archive</RelatedFormatName>
        <RelatedFormatVersion>1.1</RelatedFormatVersion>
      </RelatedFormat>
      <RelatedFormat>
        <RelationshipType>Has lower priority than</RelationshipType>
        <RelatedFormatID>1269</RelatedFormatID>
        <RelatedFormatName>Apple iBook format</RelatedFormatName>
        <RelatedFormatVersion>
        </RelatedFormatVersion>
      </RelatedFormat>
      <RelatedFormat>
        <RelationshipType>Has lower priority than</RelationshipType>
        <RelatedFormatID>1270</RelatedFormatID>
        <RelatedFormatName>ePub format</RelatedFormatName>
        <RelatedFormatVersion>
        </RelatedFormatVersion>
      </RelatedFormat>
      <RelatedFormat>
        <RelationshipType>Has priority over</RelationshipType>
        <RelatedFormatID>638</RelatedFormatID>
        <RelatedFormatName>Extensible Markup Language</RelatedFormatName>
        <RelatedFormatVersion>1.0</RelatedFormatVersion>
      </RelatedFormat>
      <RelatedFormat>
        <RelationshipType>Has priority over</RelationshipType>
        <RelatedFormatID>645</RelatedFormatID>
        <RelatedFormatName>Hypertext Markup Language</RelatedFormatName>
        <RelatedFormatVersion>
        </RelatedFormatVersion>
      </RelatedFormat>
      <RelatedFormat>
        <RelationshipType>Is subsequent version of</RelationshipType>
        <RelatedFormatID>643</RelatedFormatID>
        <RelatedFormatName>Extensible Hypertext Markup Language</RelatedFormatName>
        <RelatedFormatVersion>1.0</RelatedFormatVersion>
      </RelatedFormat>
      <FormatProperties>
        <FormatProperty>
          <PropertyName>Title</PropertyName>
          <PropertyDescription>
          </PropertyDescription>
          <PropertyType>Instance</PropertyType>
          <PropertyRiskScore>
          </PropertyRiskScore>
          <PropertyHighRisk>
          </PropertyHighRisk>
          <PropertyValueDescription>
          </PropertyValueDescription>
          <PropertyRisks />
        </FormatProperty>
        <FormatProperty>
          <PropertyName>Language</PropertyName>
          <PropertyDescription>
          </PropertyDescription>
          <PropertyType>Instance</PropertyType>
          <PropertyRiskScore>
          </PropertyRiskScore>
          <PropertyHighRisk>
          </PropertyHighRisk>
          <PropertyValueDescription>
          </PropertyValueDescription>
          <PropertyRisks />
        </FormatProperty>
      </FormatProperties>
    </FileFormat>
    <SearchCriteria>Criteria</SearchCriteria>
  </report_format_detail>
</PRONOM-Report>
