<?xml version="1.0" encoding="utf-8"?>
<PRONOM-Report xmlns="http://pronom.nationalarchives.gov.uk">
  <report_format_detail>
    <FileFormat>
      <FormatID>665</FormatID>
      <FormatName>Portable Network Graphics</FormatName>
      <FormatVersion>1.1</FormatVersion>
      <FormatAliases>PNG (1.1)</FormatAliases>
      <FormatFamilies>
      </FormatFamilies>
      <FormatTypes>
      </FormatTypes>
      <FormatDisclosure>
      </FormatDisclosure>
      <FormatDescription>This is an outline record only, and requires further details, research or authentication to provide information that will enable users to further understand the format and to assess digital preservation risks associated with it if appropriate. If you are able to help by supplying any additional information concerning this entry, please return to the main PRONOM page and select ‘Add an Entry’.</FormatDescription>
      <BinaryFileFormat>Binary</BinaryFileFormat>
      <ByteOrders>Big-endian (Motorola)</ByteOrders>
      <ReleaseDate>
      </ReleaseDate>
      <WithdrawnDate>
      </WithdrawnDate>
      <ProvenanceSourceID>1</ProvenanceSourceID>
      <ProvenanceName>Digital Preservation Department / The National Archives</ProvenanceName>
      <ProvenanceSourceDate>11 Mar 2005</ProvenanceSourceDate>
      <ProvenanceDescription>
      </ProvenanceDescription>
      <LastUpdatedDate>02 Aug 2005</LastUpdatedDate>
      <FormatNote>
      </FormatNote>
      <FormatRisk>
      </FormatRisk>
      <TechnicalEnvironment>
      </TechnicalEnvironment>
      <FileFormatIdentifier>
        <Identifier>fmt/12</Identifier>
        <IdentifierType>PUID</IdentifierType>
      </FileFormatIdentifier>
      <FileFormatIdentifier>
        <Identifier>image/png</Identifier>
        <IdentifierType>MIME</IdentifierType>
      </FileFormatIdentifier>
      <FileFormatIdentifier>
        <Identifier>public.png</Identifier>
        <IdentifierType>Apple Uniform Type Identifier</IdentifierType>
      </FileFormatIdentifier>
      <ExternalSignature>
        <ExternalSignatureID>589</ExternalSignatureID>
        <Signature>png</Signature>
        <SignatureType>File extension</SignatureType>
      </ExternalSignature>
      <InternalSignature>
        <SignatureID>183</SignatureID>
        <SignatureName>PNG 1.1iCCP</SignatureName>
        <SignatureNote>Signature + IHDR and iCCP chunks at BOF, IEND chunk at EOF</SignatureNote>
        <ByteSequence>
          <ByteSequenceID>228</ByteSequenceID>
          <PositionType>Absolute from BOF</PositionType>
          <Offset>0</Offset>
          <MaxOffset>
          </MaxOffset>
          <IndirectOffsetLocation>
          </IndirectOffsetLocation>
          <IndirectOffsetLength>
          </IndirectOffsetLength>
          <Endianness>
          </Endianness>
          <ByteSequenceValue>89504E470D0A1A0A0000000D49484452*69434350</ByteSequenceValue>
        </ByteSequence>
        <ByteSequence>
          <ByteSequenceID>231</ByteSequenceID>
          <PositionType>Absolute from EOF</PositionType>
          <Offset>0</Offset>
          <MaxOffset>
          </MaxOffset>
          <IndirectOffsetLocation>
          </IndirectOffsetLocation>
          <IndirectOffsetLength>
          </IndirectOffsetLength>
          <Endianness>
          </Endianness>
          <ByteSequenceValue>0000000049454E44AE426082</ByteSequenceValue>
        </ByteSequence>
      </InternalSignature>
      <InternalSignature>
        <SignatureID>184</SignatureID>
        <SignatureName>PNG 1.1sPLT</SignatureName>
        <SignatureNote>Signature + IHDR and sPLT chunks at BOF, IEND chunk at EOF</SignatureNote>
        <ByteSequence>
          <ByteSequenceID>229</ByteSequenceID>
          <PositionType>Absolute from BOF</PositionType>
          <Offset>0</Offset>
          <MaxOffset>
          </MaxOffset>
          <IndirectOffsetLocation>
          </IndirectOffsetLocation>
          <IndirectOffsetLength>
          </IndirectOffsetLength>
          <Endianness>
          </Endianness>
          <ByteSequenceValue>89504E470D0A1A0A0000000D49484452*73504C54</ByteSequenceValue>
        </ByteSequence>
        <ByteSequence>
          <ByteSequenceID>232</ByteSequenceID>
          <PositionType>Absolute from EOF</PositionType>
          <Offset>0</Offset>
          <MaxOffset>
          </MaxOffset>
          <IndirectOffsetLocation>
          </IndirectOffsetLocation>
          <IndirectOffsetLength>
          </IndirectOffsetLength>
          <Endianness>
          </Endianness>
          <ByteSequenceValue>0000000049454E44AE426082</ByteSequenceValue>
        </ByteSequence>
      </InternalSignature>
      <InternalSignature>
        <SignatureID>185</SignatureID>
        <SignatureName>PNG 1.1sRGB</SignatureName>
        <SignatureNote>Signature + IHDR and sRGB chunks at BOF, IEND chunk at EOF</SignatureNote>
        <ByteSequence>
          <ByteSequenceID>230</ByteSequenceID>
          <PositionType>Absolute from BOF</PositionType>
          <Offset>0</Offset>
          <MaxOffset>
          </MaxOffset>
          <IndirectOffsetLocation>
          </IndirectOffsetLocation>
          <IndirectOffsetLength>
          </IndirectOffsetLength>
          <Endianness>
          </Endianness>
          <ByteSequenceValue>89504E470D0A1A0A0000000D49484452*73524742</ByteSequenceValue>
        </ByteSequence>
        <ByteSequence>
          <ByteSequenceID>233</ByteSequenceID>
          <PositionType>Absolute from EOF</PositionType>
          <Offset>0</Offset>
          <MaxOffset>
          </MaxOffset>
          <IndirectOffsetLocation>
          </IndirectOffsetLocation>
          <IndirectOffsetLength>
          </IndirectOffsetLength>
          <Endianness>
          </Endianness>
          <ByteSequenceValue>0000000049454E44AE426082</ByteSequenceValue>
        </ByteSequence>
      </InternalSignature>
      <RelatedFormat>
        <RelationshipType>Has lower priority than</RelationshipType>
        <RelatedFormatID>666</RelatedFormatID>
        <RelatedFormatName>Portable Network Graphics</RelatedFormatName>
        <RelatedFormatVersion>1.2</RelatedFormatVersion>
      </RelatedFormat>
      <RelatedFormat>
        <RelationshipType>Has priority over</RelationshipType>
        <RelatedFormatID>664</RelatedFormatID>
        <RelatedFormatName>Portable Network Graphics</RelatedFormatName>
        <RelatedFormatVersion>1.0</RelatedFormatVersion>
      </RelatedFormat>
      <RelatedFormat>
        <RelationshipType>Is previous version of</RelationshipType>
        <RelatedFormatID>666</RelatedFormatID>
        <RelatedFormatName>Portable Network Graphics</RelatedFormatName>
        <RelatedFormatVersion>1.2</RelatedFormatVersion>
      </RelatedFormat>
      <RelatedFormat>
        <RelationshipType>Is subsequent version of</RelationshipType>
        <RelatedFormatID>664</RelatedFormatID>
        <RelatedFormatName>Portable Network Graphics</RelatedFormatName>
        <RelatedFormatVersion>1.0</RelatedFormatVersion>
      </RelatedFormat>
      <FormatProperties>
        <FormatProperty>
          <PropertyName>Image Width</PropertyName>
          <PropertyDescription>
          </PropertyDescription>
          <PropertyType>Instance</PropertyType>
          <PropertyRiskScore>
          </PropertyRiskScore>
          <PropertyHighRisk>
          </PropertyHighRisk>
          <PropertyValueDescription>
          </PropertyValueDescription>
          <PropertyRisks />
        </FormatProperty>
        <FormatProperty>
          <PropertyName>Image Height</PropertyName>
          <PropertyDescription>
          </PropertyDescription>
          <PropertyType>Instance</PropertyType>
          <PropertyRiskScore>
          </PropertyRiskScore>
          <PropertyHighRisk>
          </PropertyHighRisk>
          <PropertyValueDescription>
          </PropertyValueDescription>
          <PropertyRisks />
        </FormatProperty>
        <FormatProperty>
          <PropertyName>Bits Per Sample</PropertyName>
          <PropertyDescription>
          </PropertyDescription>
          <PropertyType>Instance</PropertyType>
          <PropertyRiskScore>
          </PropertyRiskScore>
          <PropertyHighRisk>
          </PropertyHighRisk>
          <PropertyValueDescription>
          </PropertyValueDescription>
          <PropertyRisks />
        </FormatProperty>
        <FormatProperty>
          <PropertyName>Samples Per Pixel</PropertyName>
          <PropertyDescription>
          </PropertyDescription>
          <PropertyType>Instance</PropertyType>
          <PropertyRiskScore>
          </PropertyRiskScore>
          <PropertyHighRisk>
          </PropertyHighRisk>
          <PropertyValueDescription>
          </PropertyValueDescription>
          <PropertyRisks />
        </FormatProperty>
        <FormatProperty>
          <PropertyName>Number Of Channels</PropertyName>
          <PropertyDescription>
          </PropertyDescription>
          <PropertyType>Instance</PropertyType>
          <PropertyRiskScore>
          </PropertyRiskScore>
          <PropertyHighRisk>
          </PropertyHighRisk>
          <PropertyValueDescription>
          </PropertyValueDescription>
          <PropertyRisks />
        </FormatProperty>
      </FormatProperties>
    </FileFormat>
    <SearchCriteria>Criteria</SearchCriteria>
  </report_format_detail>
</PRONOM-Report>
