<?xml version="1.0" encoding="utf-8"?>
<PRONOM-Report xmlns="http://pronom.nationalarchives.gov.uk">
  <report_format_detail>
    <FileFormat>
      <FormatID>768</FormatID>
      <FormatName>DROID Signature File Format</FormatName>
      <FormatVersion>1.0</FormatVersion>
      <FormatAliases>
      </FormatAliases>
      <FormatFamilies>
      </FormatFamilies>
      <FormatTypes>
      </FormatTypes>
      <FormatDisclosure>Full</FormatDisclosure>
      <FormatDescription>The DROID Signature File format is a format for storing internal and external signatures used by the DROID software tool to perform automatic file format identification. It was developed by The National Archives of the UK. DROID Signature Files are generated by TNA from the PRONOM technical registry, and are issued periodically as new formats are added to the registry. A DROID Signature File is an XML document, comprising an 'FFSignatureFile' element, which describes the version number and date of the signature file, an 'InternalSignatureCollection' element, which contains the set of internal signature values, and a 'FileFormatCollection' element, which contains information on the set of formats described, together with their associated external signatures. The version number of a Signature File is incremented each time a new signature file is issued from the PRONOM registry, and does not indicate a different version of the format itself.</FormatDescription>
      <BinaryFileFormat>Text</BinaryFileFormat>
      <ByteOrders>
      </ByteOrders>
      <ReleaseDate>17 Sep 2005</ReleaseDate>
      <WithdrawnDate>
      </WithdrawnDate>
      <ProvenanceSourceID>1</ProvenanceSourceID>
      <ProvenanceName>Digital Preservation Department / The National Archives</ProvenanceName>
      <ProvenanceSourceDate>11 Oct 2005</ProvenanceSourceDate>
      <ProvenanceDescription>
      </ProvenanceDescription>
      <LastUpdatedDate>11 Oct 2005</LastUpdatedDate>
      <FormatNote>
      </FormatNote>
      <FormatRisk>
      </FormatRisk>
      <TechnicalEnvironment>
      </TechnicalEnvironment>
      <FileFormatIdentifier>
        <Identifier>fmt/121</Identifier>
        <IdentifierType>PUID</IdentifierType>
      </FileFormatIdentifier>
      <FileFormatIdentifier>
        <Identifier>text/xml</Identifier>
        <IdentifierType>MIME</IdentifierType>
      </FileFormatIdentifier>
      <Developers>
        <DeveloperID>1</DeveloperID>
        <DeveloperName>Digital Preservation Department</DeveloperName>
        <OrganisationName>The National Archives</OrganisationName>
        <DeveloperCompoundName>Digital Preservation Department / The National Archives</DeveloperCompoundName>
      </Developers>
      <Document>
        <DocumentID>64</DocumentID>
        <DisplayText>Brown, A, 2005, Automatic format identification using PRONOM and DROID, Digital Preservation Technical Paper, 1, The National Archives</DisplayText>
        <DocumentType>Authoritative</DocumentType>
        <AvailabilityDescription>Public</AvailabilityDescription>
        <AvailabilityNote>
        </AvailabilityNote>
        <PublicationDate>17 Sep 2005</PublicationDate>
        <TitleText>Automatic format identification using PRONOM and DROID</TitleText>
        <DocumentIPR>
        </DocumentIPR>
        <DocumentNote>
        </DocumentNote>
        <DocumentIdentifier>
          <Identifier>www.nationalarchives.gov.uk/aboutapps/fileformat/pdf/automatic_format_identification.pdf</Identifier>
          <IdentifierType>URL</IdentifierType>
        </DocumentIdentifier>
      </Document>
      <ExternalSignature>
        <ExternalSignatureID>764</ExternalSignatureID>
        <Signature>xml</Signature>
        <SignatureType>File extension</SignatureType>
      </ExternalSignature>
      <InternalSignature>
        <SignatureID>175</SignatureID>
        <SignatureName>DROID Signature File</SignatureName>
        <SignatureNote>&lt;FFSignatureFile&gt; element - {0-50} F F S I g n a t u r e F I l e {0-100} V e r s I o n =</SignatureNote>
        <ByteSequence>
          <ByteSequenceID>208</ByteSequenceID>
          <PositionType>Absolute from BOF</PositionType>
          <Offset>0</Offset>
          <MaxOffset>
          </MaxOffset>
          <IndirectOffsetLocation>
          </IndirectOffsetLocation>
          <IndirectOffsetLength>
          </IndirectOffsetLength>
          <Endianness>
          </Endianness>
          <ByteSequenceValue>{0-50}3C46465369676E617475726546696C6520{0-100}56657273696F6E3D</ByteSequenceValue>
        </ByteSequence>
      </InternalSignature>
      <RelatedFormat>
        <RelationshipType>Has priority over</RelationshipType>
        <RelatedFormatID>638</RelatedFormatID>
        <RelatedFormatName>Extensible Markup Language</RelatedFormatName>
        <RelatedFormatVersion>1.0</RelatedFormatVersion>
      </RelatedFormat>
    </FileFormat>
    <SearchCriteria>Criteria</SearchCriteria>
  </report_format_detail>
</PRONOM-Report>
