<?xml version="1.0" encoding="utf-8"?>
<PRONOM-Report xmlns="http://pronom.nationalarchives.gov.uk">
  <report_format_detail>
    <FileFormat>
      <FormatID>1029</FormatID>
      <FormatName>WARC</FormatName>
      <FormatVersion>
      </FormatVersion>
      <FormatAliases>ISO 28500-2009, Web ARChive file format</FormatAliases>
      <FormatFamilies>
      </FormatFamilies>
      <FormatTypes>
      </FormatTypes>
      <FormatDisclosure>
      </FormatDisclosure>
      <FormatDescription>The WARC (Web ARChive) file format offers a convention for concatenating multiple resource records (data objects), each consisting of a set of simple text headers and an arbitrary data block into one long file. The WARC format is an extension of the ARC file format (ARC) that has traditionally been used to store "web crawls" as sequences of content blocks harvested from the World Wide Web (…)
Besides the primary content recorded in ARCs, the extended WARC format accommodates related secondary content, such as assigned metadata, abbreviated duplicate detection events, later-date transformations, and segmentation of large resources”.
WARC format has been written by the members of the IIPC (http://www.netpreserve.org/) grouped within the ISO/TC46/SC4/WG12.</FormatDescription>
      <BinaryFileFormat>
      </BinaryFileFormat>
      <ByteOrders>
      </ByteOrders>
      <ReleaseDate>15 May 2009</ReleaseDate>
      <WithdrawnDate>
      </WithdrawnDate>
      <ProvenanceSourceID>162</ProvenanceSourceID>
      <ProvenanceName>
      </ProvenanceName>
      <ProvenanceSourceDate>02 Nov 2010</ProvenanceSourceDate>
      <ProvenanceDescription>Submitted by Bibliothèque nationale de France with supplementary description information attributed to ISO 28500-2009 standard.</ProvenanceDescription>
      <LastUpdatedDate>02 Nov 2010</LastUpdatedDate>
      <FormatNote>
      </FormatNote>
      <FormatRisk>
      </FormatRisk>
      <TechnicalEnvironment>
      </TechnicalEnvironment>
      <FileFormatIdentifier>
        <Identifier>fmt/289</Identifier>
        <IdentifierType>PUID</IdentifierType>
      </FileFormatIdentifier>
      <Support>
        <SupportID>162</SupportID>
        <SupportName>
        </SupportName>
        <OrganisationName>Bibliothèque nationale de France</OrganisationName>
        <SupportCompoundName>Bibliothèque nationale de France</SupportCompoundName>
      </Support>
      <Support>
        <SupportID>164</SupportID>
        <SupportName>ISO Technical Committee - TC 46/SC 4</SupportName>
        <OrganisationName>ISO/TC46/SC4/WG12</OrganisationName>
        <SupportCompoundName>ISO Technical Committee - TC 46/SC 4 / ISO/TC46/SC4/WG12</SupportCompoundName>
      </Support>
      <ExternalSignature>
        <ExternalSignatureID>1015</ExternalSignatureID>
        <Signature>warc</Signature>
        <SignatureType>File extension</SignatureType>
      </ExternalSignature>
      <InternalSignature>
        <SignatureID>305</SignatureID>
        <SignatureName>WARC</SignatureName>
        <SignatureNote>Matching WARC header, type field and date. Header: WARC/{3-4}CRLF Type: WARC-Type:{0-12}CRLF Date: WARC-Date:[expression matching ISO8601 date pattern]CRLF. Note: Seems to be a problem matching WARC record at beginning of file so signature is currently variable position to catch records later in the file before 4096 bytes.</SignatureNote>
        <ByteSequence>
          <ByteSequenceID>406</ByteSequenceID>
          <PositionType>Variable</PositionType>
          <Offset>0</Offset>
          <MaxOffset>4096</MaxOffset>
          <IndirectOffsetLocation>
          </IndirectOffsetLocation>
          <IndirectOffsetLength>
          </IndirectOffsetLength>
          <Endianness>
          </Endianness>
          <ByteSequenceValue>574152432F{3-4}0D0A574152432D547970653A{0-13}0D0A{0-512}574152432D446174653A{0-1}{4}2D{2}2D{2}54{2}3A{2}3A{2}5A0D0A{0-512}0D0A0D0A</ByteSequenceValue>
        </ByteSequence>
      </InternalSignature>
      <CharacterEncoding>
        <EncodingID>2</EncodingID>
        <EncodingName>UTF-8</EncodingName>
        <EncodingVersion>
        </EncodingVersion>
        <EncodingAliases>
        </EncodingAliases>
        <EncodingFamilies>
        </EncodingFamilies>
        <Description>Outline record only.</Description>
        <CodePage>
        </CodePage>
        <CodeUnitWidth>
        </CodeUnitWidth>
        <EncodingFormWidth>
        </EncodingFormWidth>
        <ReleaseDate>
        </ReleaseDate>
        <WithdrawnDate>
        </WithdrawnDate>
        <EncodingDocumentation>
        </EncodingDocumentation>
        <EncodingIPR>
        </EncodingIPR>
        <EncodingNote>
        </EncodingNote>
      </CharacterEncoding>
    </FileFormat>
    <SearchCriteria>Criteria</SearchCriteria>
  </report_format_detail>
</PRONOM-Report>
