<?xml version="1.0" encoding="utf-8"?>
<PRONOM-Report xmlns="http://pronom.nationalarchives.gov.uk">
  <report_format_detail>
    <FileFormat>
      <FormatID>322</FormatID>
      <FormatName>MIDI Audio</FormatName>
      <FormatVersion>
      </FormatVersion>
      <FormatAliases>
      </FormatAliases>
      <FormatFamilies>
      </FormatFamilies>
      <FormatTypes>
      </FormatTypes>
      <FormatDisclosure>
      </FormatDisclosure>
      <FormatDescription>This is an outline record only, and requires further details, research or authentication to provide information that will enable users to further understand the format and to assess digital preservation risks associated with it if appropriate. If you are able to help by supplying any additional information concerning this entry, please return to the main PRONOM page and select ‘Add an Entry’.</FormatDescription>
      <BinaryFileFormat>Text</BinaryFileFormat>
      <ByteOrders>
      </ByteOrders>
      <ReleaseDate>
      </ReleaseDate>
      <WithdrawnDate>
      </WithdrawnDate>
      <ProvenanceSourceID>1</ProvenanceSourceID>
      <ProvenanceName>Digital Preservation Department / The National Archives</ProvenanceName>
      <ProvenanceSourceDate>02 Aug 2005</ProvenanceSourceDate>
      <ProvenanceDescription>
      </ProvenanceDescription>
      <LastUpdatedDate>02 Aug 2005</LastUpdatedDate>
      <FormatNote>
      </FormatNote>
      <FormatRisk>
      </FormatRisk>
      <TechnicalEnvironment>
      </TechnicalEnvironment>
      <FileFormatIdentifier>
        <Identifier>audio/midi</Identifier>
        <IdentifierType>MIME</IdentifierType>
      </FileFormatIdentifier>
      <FileFormatIdentifier>
        <Identifier>x-fmt/230</Identifier>
        <IdentifierType>PUID</IdentifierType>
      </FileFormatIdentifier>
      <Document>
        <DocumentID>93</DocumentID>
        <DisplayText>Standard MIDI-File Fomat Spec. 1.1</DisplayText>
        <DocumentType>Informative</DocumentType>
        <AvailabilityDescription>Public</AvailabilityDescription>
        <AvailabilityNote>http://duskblue.org/proj/toymidi/midiformat.pdf</AvailabilityNote>
        <PublicationDate>01 May 2006</PublicationDate>
        <TitleText>Standard MIDI-File Fomat Spec. 1.1</TitleText>
        <DocumentIPR>
        </DocumentIPR>
        <DocumentNote>
        </DocumentNote>
        <Author>
          <AuthorID>166</AuthorID>
          <AuthorName>International MIDI Association</AuthorName>
          <OrganisationName>International MIDI Association</OrganisationName>
          <AuthorCompoundName>International MIDI Association / International MIDI Association</AuthorCompoundName>
        </Author>
      </Document>
      <ExternalSignature>
        <ExternalSignatureID>309</ExternalSignatureID>
        <Signature>mid</Signature>
        <SignatureType>File extension</SignatureType>
      </ExternalSignature>
      <InternalSignature>
        <SignatureID>398</SignatureID>
        <SignatureName>MIDI Audio</SignatureName>
        <SignatureNote>&lt;Chunk type&gt;MThd &lt;header length&gt; 32-bit representation of the number 6, followed by &lt;format&gt; 2 bytes (must be 00, 01 or 02); &lt;number of tracks&gt; 2 bytes; and &lt;division&gt;2 bytes; followed by MTrk &lt;track header&gt;</SignatureNote>
        <ByteSequence>
          <ByteSequenceID>504</ByteSequenceID>
          <PositionType>Absolute from BOF</PositionType>
          <Offset>0</Offset>
          <MaxOffset>
          </MaxOffset>
          <IndirectOffsetLocation>
          </IndirectOffsetLocation>
          <IndirectOffsetLength>
          </IndirectOffsetLength>
          <Endianness>
          </Endianness>
          <ByteSequenceValue>4D5468640000000600[00:02]{4}4D54726B</ByteSequenceValue>
        </ByteSequence>
      </InternalSignature>
    </FileFormat>
    <SearchCriteria>Criteria</SearchCriteria>
  </report_format_detail>
</PRONOM-Report>
