<?xml version="1.0" encoding="utf-8"?>
<PRONOM-Report xmlns="http://pronom.nationalarchives.gov.uk">
  <report_format_detail>
    <FileFormat>
      <FormatID>788</FormatID>
      <FormatName>Acrobat PDF/X - Portable Document Format - Exchange 1:2001</FormatName>
      <FormatVersion>
      </FormatVersion>
      <FormatAliases>PDF/X-1:2001</FormatAliases>
      <FormatFamilies>
      </FormatFamilies>
      <FormatTypes>Page Description</FormatTypes>
      <FormatDisclosure>
      </FormatDisclosure>
      <FormatDescription>This 'exchange standard' format is based on Adobe's PDF specification and a subset of the PDF specification. This version  was an updated version of PDF/X-1:1999, and was based on PDF 1.3. It was superseded in 2003 by PDF/X-1a and PDF/X-3, at which point it was recommended that PDF/X-1 no longer be used. PDF/X-1 is the only PDF/X standard permitting encryption.</FormatDescription>
      <BinaryFileFormat>Text</BinaryFileFormat>
      <ByteOrders>
      </ByteOrders>
      <ReleaseDate>
      </ReleaseDate>
      <WithdrawnDate>
      </WithdrawnDate>
      <ProvenanceSourceID>1</ProvenanceSourceID>
      <ProvenanceName>Digital Preservation Department / The National Archives</ProvenanceName>
      <ProvenanceSourceDate>01 Feb 2007</ProvenanceSourceDate>
      <ProvenanceDescription>
      </ProvenanceDescription>
      <LastUpdatedDate>22 Oct 2009</LastUpdatedDate>
      <FormatNote>
      </FormatNote>
      <FormatRisk>
      </FormatRisk>
      <TechnicalEnvironment>
      </TechnicalEnvironment>
      <FileFormatIdentifier>
        <Identifier>application/pdf</Identifier>
        <IdentifierType>MIME</IdentifierType>
      </FileFormatIdentifier>
      <FileFormatIdentifier>
        <Identifier>fmt/145</Identifier>
        <IdentifierType>PUID</IdentifierType>
      </FileFormatIdentifier>
      <ExternalSignature>
        <ExternalSignatureID>794</ExternalSignatureID>
        <Signature>pdf</Signature>
        <SignatureType>File extension</SignatureType>
      </ExternalSignature>
      <RelatedFormat>
        <RelationshipType>Is previous version of</RelationshipType>
        <RelatedFormatID>789</RelatedFormatID>
        <RelatedFormatName>Acrobat PDF/X - Portable Document Format - Exchange 1a:2003</RelatedFormatName>
        <RelatedFormatVersion>
        </RelatedFormatVersion>
      </RelatedFormat>
      <RelatedFormat>
        <RelationshipType>Is subsequent version of</RelationshipType>
        <RelatedFormatID>787</RelatedFormatID>
        <RelatedFormatName>Acrobat PDF/X - Portable Document Format - Exchange 1:1999</RelatedFormatName>
        <RelatedFormatVersion>
        </RelatedFormatVersion>
      </RelatedFormat>
      <RelatedFormat>
        <RelationshipType>Is subtype of</RelationshipType>
        <RelatedFormatID>616</RelatedFormatID>
        <RelatedFormatName>Acrobat PDF 1.3 - Portable Document Format</RelatedFormatName>
        <RelatedFormatVersion>1.3</RelatedFormatVersion>
      </RelatedFormat>
    </FileFormat>
    <SearchCriteria>Criteria</SearchCriteria>
  </report_format_detail>
</PRONOM-Report>
