<?xml version="1.0" encoding="utf-8"?>
<PRONOM-Report xmlns="http://pronom.nationalarchives.gov.uk">
  <report_format_detail>
    <FileFormat>
      <FormatID>323</FormatID>
      <FormatName>ESRI MapInfo Export File</FormatName>
      <FormatVersion>
      </FormatVersion>
      <FormatAliases>
      </FormatAliases>
      <FormatFamilies>
      </FormatFamilies>
      <FormatTypes>
      </FormatTypes>
      <FormatDisclosure>
      </FormatDisclosure>
      <FormatDescription>This is an outline record only, and requires further details, research or authentication to provide information that will enable users to further understand the format and to assess digital preservation risks associated with it if appropriate. If you are able to help by supplying any additional information concerning this entry, please return to the main PRONOM page and select ‘Add an Entry’.</FormatDescription>
      <BinaryFileFormat>Text</BinaryFileFormat>
      <ByteOrders>
      </ByteOrders>
      <ReleaseDate>
      </ReleaseDate>
      <WithdrawnDate>
      </WithdrawnDate>
      <ProvenanceSourceID>1</ProvenanceSourceID>
      <ProvenanceName>Digital Preservation Department / The National Archives</ProvenanceName>
      <ProvenanceSourceDate>02 Aug 2005</ProvenanceSourceDate>
      <ProvenanceDescription>
      </ProvenanceDescription>
      <LastUpdatedDate>02 Aug 2005</LastUpdatedDate>
      <FormatNote>
      </FormatNote>
      <FormatRisk>
      </FormatRisk>
      <TechnicalEnvironment>
      </TechnicalEnvironment>
      <FileFormatIdentifier>
        <Identifier>x-fmt/231</Identifier>
        <IdentifierType>PUID</IdentifierType>
      </FileFormatIdentifier>
      <ExternalSignature>
        <ExternalSignatureID>310</ExternalSignatureID>
        <Signature>mif</Signature>
        <SignatureType>File extension</SignatureType>
      </ExternalSignature>
      <InternalSignature>
        <SignatureID>390</SignatureID>
        <SignatureName>ESRI MapInfo Export File No.1</SignatureName>
        <SignatureNote>MIF file header indicating Version, Charset and number of Columns.</SignatureNote>
        <ByteSequence>
          <ByteSequenceID>496</ByteSequenceID>
          <PositionType>Absolute from BOF</PositionType>
          <Offset>0</Offset>
          <MaxOffset>10</MaxOffset>
          <IndirectOffsetLocation>
          </IndirectOffsetLocation>
          <IndirectOffsetLength>
          </IndirectOffsetLength>
          <Endianness>
          </Endianness>
          <ByteSequenceValue>56(45|65)(52|72)(53|73)(49|69)??(4E|6E){5-6}(43|63)(48|68)(41|61)(52|72)(53|73)(45|65)(54|74)*43(4F|6F)(4C|6C)(55|75)(4D|6D)(4E|6E)(53|73)</ByteSequenceValue>
        </ByteSequence>
      </InternalSignature>
      <InternalSignature>
        <SignatureID>391</SignatureID>
        <SignatureName>ESRI MapInfo Export File No.2</SignatureName>
        <SignatureNote>MIF file header indicating Version, Charset and number of Columns.</SignatureNote>
        <ByteSequence>
          <ByteSequenceID>497</ByteSequenceID>
          <PositionType>Absolute from BOF</PositionType>
          <Offset>0</Offset>
          <MaxOffset>
          </MaxOffset>
          <IndirectOffsetLocation>
          </IndirectOffsetLocation>
          <IndirectOffsetLength>
          </IndirectOffsetLength>
          <Endianness>
          </Endianness>
          <ByteSequenceValue>56(45|65)(52|72)(53|73)(49|69)??(4E|6E){5-6}(43|63)(48|68)(41|61)(52|72)(53|73)(45|65)(54|74)*63(4F|6F)(4C|6C)(55|75)(4D|6D)(4E|6E)(53|73)</ByteSequenceValue>
        </ByteSequence>
      </InternalSignature>
      <InternalSignature>
        <SignatureID>392</SignatureID>
        <SignatureName>ESRI MapInfo Export File No.3</SignatureName>
        <SignatureNote>MIF file header indicating Version, Charset and number of Columns.</SignatureNote>
        <ByteSequence>
          <ByteSequenceID>498</ByteSequenceID>
          <PositionType>Absolute from BOF</PositionType>
          <Offset>0</Offset>
          <MaxOffset>
          </MaxOffset>
          <IndirectOffsetLocation>
          </IndirectOffsetLocation>
          <IndirectOffsetLength>
          </IndirectOffsetLength>
          <Endianness>
          </Endianness>
          <ByteSequenceValue>76(45|65)(52|72)(53|73)(49|69)??(4E|6E){5-6}(43|63)(48|68)(41|61)(52|72)(53|73)(45|65)(54|74)*43(4F|6F)(4C|6C)(55|75)(4D|6D)(4E|6E)(53|73)</ByteSequenceValue>
        </ByteSequence>
      </InternalSignature>
      <InternalSignature>
        <SignatureID>393</SignatureID>
        <SignatureName>ESRI MapInfo Export File No.4</SignatureName>
        <SignatureNote>MIF file header indicating Version, Charset and number of Columns.</SignatureNote>
        <ByteSequence>
          <ByteSequenceID>499</ByteSequenceID>
          <PositionType>Absolute from BOF</PositionType>
          <Offset>0</Offset>
          <MaxOffset>
          </MaxOffset>
          <IndirectOffsetLocation>
          </IndirectOffsetLocation>
          <IndirectOffsetLength>
          </IndirectOffsetLength>
          <Endianness>
          </Endianness>
          <ByteSequenceValue>76(45|65)(52|72)(53|73)(49|69)??(4E|6E){5-6}(43|63)(48|68)(41|61)(52|72)(53|73)(45|65)(54|74)*63(4F|6F)(4C|6C)(55|75)(4D|6D)(4E|6E)(53|73)</ByteSequenceValue>
        </ByteSequence>
      </InternalSignature>
    </FileFormat>
    <SearchCriteria>Criteria</SearchCriteria>
  </report_format_detail>
</PRONOM-Report>
