<?xml version="1.0" encoding="utf-8"?>
<PRONOM-Report xmlns="http://pronom.nationalarchives.gov.uk">
  <report_format_detail>
    <FileFormat>
      <FormatID>687</FormatID>
      <FormatName>MPEG 1/2 Audio Layer 3</FormatName>
      <FormatVersion>
      </FormatVersion>
      <FormatAliases>MP3</FormatAliases>
      <FormatFamilies>
      </FormatFamilies>
      <FormatTypes>
      </FormatTypes>
      <FormatDisclosure>
      </FormatDisclosure>
      <FormatDescription>This is an outline record only, and requires further details, research or authentication to provide information that will enable users to further understand the format and to assess digital preservation risks associated with it if appropriate. If you are able to help by supplying any additional information concerning this entry, please return to the main PRONOM page and select ‘Add an Entry’.</FormatDescription>
      <BinaryFileFormat>Text</BinaryFileFormat>
      <ByteOrders>
      </ByteOrders>
      <ReleaseDate>
      </ReleaseDate>
      <WithdrawnDate>
      </WithdrawnDate>
      <ProvenanceSourceID>1</ProvenanceSourceID>
      <ProvenanceName>Digital Preservation Department / The National Archives</ProvenanceName>
      <ProvenanceSourceDate>11 Mar 2005</ProvenanceSourceDate>
      <ProvenanceDescription>Digital Preservation Department.</ProvenanceDescription>
      <LastUpdatedDate>02 Aug 2005</LastUpdatedDate>
      <FormatNote>
      </FormatNote>
      <FormatRisk>
      </FormatRisk>
      <TechnicalEnvironment>
      </TechnicalEnvironment>
      <FileFormatIdentifier>
        <Identifier>audio/mpeg</Identifier>
        <IdentifierType>MIME</IdentifierType>
      </FileFormatIdentifier>
      <FileFormatIdentifier>
        <Identifier>fmt/134</Identifier>
        <IdentifierType>PUID</IdentifierType>
      </FileFormatIdentifier>
      <FileFormatIdentifier>
        <Identifier>public.mp3</Identifier>
        <IdentifierType>Apple Uniform Type Identifier</IdentifierType>
      </FileFormatIdentifier>
      <ExternalSignature>
        <ExternalSignatureID>598</ExternalSignatureID>
        <Signature>mp3</Signature>
        <SignatureType>File extension</SignatureType>
      </ExternalSignature>
      <InternalSignature>
        <SignatureID>266</SignatureID>
        <SignatureName>MPEG-1 Audio Layer 3 with ID3v2 Tag</SignatureName>
        <SignatureNote>Regularly-spaced frame headers should always be discoverable near EOF. An ID3v1 tag of up to 355 bytes may be present at EOF. NB. The signature byte sequence is currently massaged to steer around the known PRONOM bug in the area of right fragment matching when the longest fragment is not nearest EOF. A fragment of three null bytes has been appended to the signature to ensure it's the longest. These null bytes appear to be always present so will hopefully not cause any valid MP3 file to fail identification. When the PRONOM bug has been fixed, the "FFFB{10-50}000000{37-1782}" at the end of the byte sequence should be replaced by "FFFB(47-1795)" and this note curtailed. The BOF byte sequence represents the MP3 ID3 tag.</SignatureNote>
        <ByteSequence>
          <ByteSequenceID>340</ByteSequenceID>
          <PositionType>Absolute from EOF</PositionType>
          <Offset>0</Offset>
          <MaxOffset>
          </MaxOffset>
          <IndirectOffsetLocation>
          </IndirectOffsetLocation>
          <IndirectOffsetLength>
          </IndirectOffsetLength>
          <Endianness>Little-endian</Endianness>
          <ByteSequenceValue>FFFB[10:EB]{46-1439}FFFB[10:EB]{46-1439}FFFB[10:EB]{46-1439}FFFB[10:EB]{46-1439}FFFB[10:EB]{7-500}000000{36-1426}</ByteSequenceValue>
        </ByteSequence>
        <ByteSequence>
          <ByteSequenceID>358</ByteSequenceID>
          <PositionType>Absolute from BOF</PositionType>
          <Offset>0</Offset>
          <MaxOffset>
          </MaxOffset>
          <IndirectOffsetLocation>
          </IndirectOffsetLocation>
          <IndirectOffsetLength>
          </IndirectOffsetLength>
          <Endianness>Little-endian</Endianness>
          <ByteSequenceValue>494433</ByteSequenceValue>
        </ByteSequence>
      </InternalSignature>
      <InternalSignature>
        <SignatureID>267</SignatureID>
        <SignatureName>MPEG-2 Audio Layer 3 with ID3v2 Tag</SignatureName>
        <SignatureNote>Regularly-spaced frame headers should always be discoverable near EOF. An ID3v1 tag of up to 355 bytes may be present at EOF. NB. The signature byte sequence is currently massaged to steer around the known PRONOM bug in the area of right fragment matching when the longest fragment is not nearest EOF. A fragment of three null bytes has been appended to the signature to ensure it's the longest. These null bytes appear to be always present so will hopefully not cause any valid MP3 file to fail identification. When the PRONOM bug has been fixed, the "FFF3{10-50}000000{37-1782}" at the end of the byte sequence should be replaced by "FFF3(47-1795)" and this note curtailed. The BOF byte sequence represents the MP3 ID3 tag.</SignatureNote>
        <ByteSequence>
          <ByteSequenceID>341</ByteSequenceID>
          <PositionType>Absolute from EOF</PositionType>
          <Offset>0</Offset>
          <MaxOffset>
          </MaxOffset>
          <IndirectOffsetLocation>
          </IndirectOffsetLocation>
          <IndirectOffsetLength>
          </IndirectOffsetLength>
          <Endianness>Little-endian</Endianness>
          <ByteSequenceValue>FFF3[10:EB]{46-1439}FFF3[10:EB]{46-1439}FFF3[10:EB]{46-1439}FFF3[10:EB]{46-1439}FFF3[10:EB]{7-500}000000{36-1426}</ByteSequenceValue>
        </ByteSequence>
        <ByteSequence>
          <ByteSequenceID>359</ByteSequenceID>
          <PositionType>Absolute from BOF</PositionType>
          <Offset>0</Offset>
          <MaxOffset>
          </MaxOffset>
          <IndirectOffsetLocation>
          </IndirectOffsetLocation>
          <IndirectOffsetLength>
          </IndirectOffsetLength>
          <Endianness>Little-endian</Endianness>
          <ByteSequenceValue>494433</ByteSequenceValue>
        </ByteSequence>
      </InternalSignature>
      <InternalSignature>
        <SignatureID>268</SignatureID>
        <SignatureName>MPEG-1 Audio Layer 3 with ID3v2 Tag (protected)</SignatureName>
        <SignatureNote>Regularly-spaced frame headers should always be discoverable near EOF. Header has CRC bit off to indicate protected. An ID3v1 tag of up to 355 bytes may be present at EOF. NB. The signature byte sequence is currently massaged to steer around the known PRONOM bug in the area of right fragment matching when the longest fragment is not nearest EOF. A fragment of three null bytes has been appended to the signature to ensure it's the longest. These null bytes appear to be always present so will hopefully not cause any valid MP3 file to fail identification. When the PRONOM bug has been fixed, the "FFFA{10-50}000000{37-1782}" at the end of the byte sequence should be replaced by "FFFA(47-1795)" and this note curtailed. The BOF byte sequence represents the MP3 ID3 tag.</SignatureNote>
        <ByteSequence>
          <ByteSequenceID>342</ByteSequenceID>
          <PositionType>Absolute from EOF</PositionType>
          <Offset>0</Offset>
          <MaxOffset>
          </MaxOffset>
          <IndirectOffsetLocation>
          </IndirectOffsetLocation>
          <IndirectOffsetLength>
          </IndirectOffsetLength>
          <Endianness>Little-endian</Endianness>
          <ByteSequenceValue>FFFA[10:EB]{46-1439}FFFA[10:EB]{46-1439}FFFA[10:EB]{46-1439}FFFA[10:EB]{46-1439}FFFA[10:EB]{7-500}000000{36-1426}</ByteSequenceValue>
        </ByteSequence>
        <ByteSequence>
          <ByteSequenceID>360</ByteSequenceID>
          <PositionType>Absolute from BOF</PositionType>
          <Offset>0</Offset>
          <MaxOffset>
          </MaxOffset>
          <IndirectOffsetLocation>
          </IndirectOffsetLocation>
          <IndirectOffsetLength>
          </IndirectOffsetLength>
          <Endianness>Little-endian</Endianness>
          <ByteSequenceValue>494433</ByteSequenceValue>
        </ByteSequence>
      </InternalSignature>
      <InternalSignature>
        <SignatureID>269</SignatureID>
        <SignatureName>MPEG-2 Audio Layer 3 with ID3v2 Tag (protected)</SignatureName>
        <SignatureNote>Regularly-spaced frame headers should always be discoverable near EOF. Header has CRC bit off to indicate protected. An ID3v1 tag of up to 355 bytes may be present at EOF. NB. The signature byte sequence is currently massaged to steer around the known PRONOM bug in the area of right fragment matching when the longest fragment is not nearest EOF. A fragment of three null bytes has been appended to the signature to ensure it's the longest. These null bytes appear to be always present so will hopefully not cause any valid MP3 file to fail identification. When the PRONOM bug has been fixed, the "FFF2{10-50}000000{37-1782}" at the end of the byte sequence should be replaced by "FFF2(47-1795)" and this note curtailed. The BOF byte sequence represents the MP3 ID3 tag.</SignatureNote>
        <ByteSequence>
          <ByteSequenceID>343</ByteSequenceID>
          <PositionType>Absolute from EOF</PositionType>
          <Offset>0</Offset>
          <MaxOffset>
          </MaxOffset>
          <IndirectOffsetLocation>
          </IndirectOffsetLocation>
          <IndirectOffsetLength>
          </IndirectOffsetLength>
          <Endianness>Little-endian</Endianness>
          <ByteSequenceValue>FFF2[10:EB]{46-1439}FFF2[10:EB]{46-1439}FFF2[10:EB]{46-1439}FFF2[10:EB]{46-1439}FFF2[10:EB]{7-500}000000{36-1426}</ByteSequenceValue>
        </ByteSequence>
        <ByteSequence>
          <ByteSequenceID>361</ByteSequenceID>
          <PositionType>Absolute from BOF</PositionType>
          <Offset>0</Offset>
          <MaxOffset>
          </MaxOffset>
          <IndirectOffsetLocation>
          </IndirectOffsetLocation>
          <IndirectOffsetLength>
          </IndirectOffsetLength>
          <Endianness>Little-endian</Endianness>
          <ByteSequenceValue>494433</ByteSequenceValue>
        </ByteSequence>
      </InternalSignature>
      <InternalSignature>
        <SignatureID>279</SignatureID>
        <SignatureName>MPEG-1 Audio Layer 3 without ID3v2 Tag</SignatureName>
        <SignatureNote>Regularly-spaced frame headers should always be discoverable starting at BOF.</SignatureNote>
        <ByteSequence>
          <ByteSequenceID>365</ByteSequenceID>
          <PositionType>Absolute from BOF</PositionType>
          <Offset>0</Offset>
          <MaxOffset>
          </MaxOffset>
          <IndirectOffsetLocation>
          </IndirectOffsetLocation>
          <IndirectOffsetLength>
          </IndirectOffsetLength>
          <Endianness>Little-endian</Endianness>
          <ByteSequenceValue>FFFB[10:EB]{46-1439}FFFB[10:EB]{46-1439}FFFB[10:EB]{46-1439}FFFB[10:EB]{46-1439}FFFB[10:EB]{46-1439}FFFB[10:EB]{46-1439}FFFB[10:EB]{46-1439}FFFB[10:EB]{46-1439}</ByteSequenceValue>
        </ByteSequence>
      </InternalSignature>
      <InternalSignature>
        <SignatureID>280</SignatureID>
        <SignatureName>MPEG-2 Audio Layer 3 without ID3v2 Tag</SignatureName>
        <SignatureNote>Regularly-spaced frame headers should always be discoverable starting at BOF.</SignatureNote>
        <ByteSequence>
          <ByteSequenceID>364</ByteSequenceID>
          <PositionType>Absolute from BOF</PositionType>
          <Offset>0</Offset>
          <MaxOffset>
          </MaxOffset>
          <IndirectOffsetLocation>
          </IndirectOffsetLocation>
          <IndirectOffsetLength>
          </IndirectOffsetLength>
          <Endianness>Little-endian</Endianness>
          <ByteSequenceValue>FFF3[10:EB]{46-1439}FFF3[10:EB]{46-1439}FFF3[10:EB]{46-1439}FFF3[10:EB]{46-1439}FFF3[10:EB]{46-1439}FFF3[10:EB]{46-1439}FFF3[10:EB]{46-1439}FFF3[10:EB]{46-1439}</ByteSequenceValue>
        </ByteSequence>
      </InternalSignature>
      <InternalSignature>
        <SignatureID>281</SignatureID>
        <SignatureName>MPEG-1 Audio Layer 3 without ID3v2 Tag (protected)</SignatureName>
        <SignatureNote>Regularly-spaced frame headers should always be discoverable starting at BOF with each header having CRC bit set off to indicate file is protected.</SignatureNote>
        <ByteSequence>
          <ByteSequenceID>363</ByteSequenceID>
          <PositionType>Absolute from BOF</PositionType>
          <Offset>0</Offset>
          <MaxOffset>
          </MaxOffset>
          <IndirectOffsetLocation>
          </IndirectOffsetLocation>
          <IndirectOffsetLength>
          </IndirectOffsetLength>
          <Endianness>Little-endian</Endianness>
          <ByteSequenceValue>FFFA[10:EB]{46-1439}FFFA[10:EB]{46-1439}FFFA[10:EB]{46-1439}FFFA[10:EB]{46-1439}FFFA[10:EB]{46-1439}FFFA[10:EB]{46-1439}FFFA[10:EB]{46-1439}FFFA[10:EB]{46-1439}</ByteSequenceValue>
        </ByteSequence>
      </InternalSignature>
      <InternalSignature>
        <SignatureID>282</SignatureID>
        <SignatureName>MPEG-2 Audio Layer 3 without ID3v2 Tag (protected)</SignatureName>
        <SignatureNote>Regularly-spaced frame headers should always be discoverable starting at BOF with each header having CRC bit set off to indicate file is protected.</SignatureNote>
        <ByteSequence>
          <ByteSequenceID>362</ByteSequenceID>
          <PositionType>Absolute from BOF</PositionType>
          <Offset>0</Offset>
          <MaxOffset>
          </MaxOffset>
          <IndirectOffsetLocation>
          </IndirectOffsetLocation>
          <IndirectOffsetLength>
          </IndirectOffsetLength>
          <Endianness>Little-endian</Endianness>
          <ByteSequenceValue>FFF2[10:EB]{46-1439}FFF2[10:EB]{46-1439}FFF2[10:EB]{46-1439}FFF2[10:EB]{46-1439}FFF2[10:EB]{46-1439}FFF2[10:EB]{46-1439}FFF2[10:EB]{46-1439}FFF2[10:EB]{46-1439}</ByteSequenceValue>
        </ByteSequence>
      </InternalSignature>
    </FileFormat>
    <SearchCriteria>Criteria</SearchCriteria>
  </report_format_detail>
</PRONOM-Report>
