<?xml version="1.0" encoding="utf-8"?>
<PRONOM-Report xmlns="http://pronom.nationalarchives.gov.uk">
  <report_format_detail>
    <FileFormat>
      <FormatID>778</FormatID>
      <FormatName>OpenDocument Format</FormatName>
      <FormatVersion>1.0</FormatVersion>
      <FormatAliases>ODF (1.0)</FormatAliases>
      <FormatFamilies>
      </FormatFamilies>
      <FormatTypes>
      </FormatTypes>
      <FormatDisclosure>Full</FormatDisclosure>
      <FormatDescription>OpenDocument (ODF) format is a generic format for office documents, such as text, spreadsheets, presentations, drawings, and databases. It was developed by OASIS, based on the original OpenOffice document format. The format is an open standard, and is supported by a variety of office software packages. ODF is an XML format, which may comprise a single XML document, or a collection of subdocuments within a package. The package format is the commonly used form, and comprises a standard ZIP package containing the XML content and any associated binary data, together with a manifest which lists the package content.</FormatDescription>
      <BinaryFileFormat>Binary</BinaryFileFormat>
      <ByteOrders>Little-endian (Intel)</ByteOrders>
      <ReleaseDate>01 May 2005</ReleaseDate>
      <WithdrawnDate>
      </WithdrawnDate>
      <ProvenanceSourceID>1</ProvenanceSourceID>
      <ProvenanceName>Digital Preservation Department / The National Archives</ProvenanceName>
      <ProvenanceSourceDate>22 Aug 2006</ProvenanceSourceDate>
      <ProvenanceDescription>
      </ProvenanceDescription>
      <LastUpdatedDate>22 Aug 2006</LastUpdatedDate>
      <FormatNote>
      </FormatNote>
      <FormatRisk>
      </FormatRisk>
      <TechnicalEnvironment>
      </TechnicalEnvironment>
      <FileFormatIdentifier>
        <Identifier>fmt/135</Identifier>
        <IdentifierType>PUID</IdentifierType>
      </FileFormatIdentifier>
      <Developers>
        <DeveloperID>127</DeveloperID>
        <DeveloperName>
        </DeveloperName>
        <OrganisationName>OASIS</OrganisationName>
        <DeveloperCompoundName>OASIS</DeveloperCompoundName>
      </Developers>
      <Document>
        <DocumentID>72</DocumentID>
        <DisplayText>OASIS, 2005, Open Document Format for Office Applications (OpenDocument) v1.0, OASIS Standard, 1 May 2005</DisplayText>
        <DocumentType>Authoritative</DocumentType>
        <AvailabilityDescription>Public</AvailabilityDescription>
        <AvailabilityNote>
        </AvailabilityNote>
        <PublicationDate>01 May 2005</PublicationDate>
        <TitleText>Open Document Format for Office Applications (OpenDocument) v1.0, OASIS Standard, 1 May 2005</TitleText>
        <DocumentIPR>
        </DocumentIPR>
        <DocumentNote>
        </DocumentNote>
        <DocumentIdentifier>
          <Identifier>docs.oasis-open.org/office/v1.0/OpenDocument-v1.0-os.pdf</Identifier>
          <IdentifierType>URL</IdentifierType>
        </DocumentIdentifier>
        <Author>
          <AuthorID>127</AuthorID>
          <AuthorName>
          </AuthorName>
          <OrganisationName>OASIS</OrganisationName>
          <AuthorCompoundName>OASIS</AuthorCompoundName>
        </Author>
        <Publisher>
          <PublisherID>127</PublisherID>
          <PublisherName>
          </PublisherName>
          <OrganisationName>OASIS</OrganisationName>
          <PublisherCompoundName>OASIS</PublisherCompoundName>
        </Publisher>
      </Document>
      <InternalSignature>
        <SignatureID>202</SignatureID>
        <SignatureName>ODF 1.0 generic</SignatureName>
        <SignatureNote>ZIP header + MIME-type declaration + version number</SignatureNote>
        <ByteSequence>
          <ByteSequenceID>260</ByteSequenceID>
          <PositionType>Absolute from BOF</PositionType>
          <Offset>0</Offset>
          <MaxOffset>
          </MaxOffset>
          <IndirectOffsetLocation>
          </IndirectOffsetLocation>
          <IndirectOffsetLength>
          </IndirectOffsetLength>
          <Endianness>Little-endian</Endianness>
          <ByteSequenceValue>504B0304{26}6D696D65747970656170706C69636174696F6E2F766E642E6F617369732E6F70656E646F63756D656E742E*6F66666963653A76657273696F6E3D22312E30</ByteSequenceValue>
        </ByteSequence>
      </InternalSignature>
      <RelatedFormat>
        <RelationshipType>Has lower priority than</RelationshipType>
        <RelatedFormatID>779</RelatedFormatID>
        <RelatedFormatName>OpenDocument Text</RelatedFormatName>
        <RelatedFormatVersion>1.0</RelatedFormatVersion>
      </RelatedFormat>
      <RelatedFormat>
        <RelationshipType>Has lower priority than</RelationshipType>
        <RelatedFormatID>780</RelatedFormatID>
        <RelatedFormatName>OpenDocument Spreadsheet</RelatedFormatName>
        <RelatedFormatVersion>1.0</RelatedFormatVersion>
      </RelatedFormat>
      <RelatedFormat>
        <RelationshipType>Has lower priority than</RelationshipType>
        <RelatedFormatID>781</RelatedFormatID>
        <RelatedFormatName>OpenDocument Presentation</RelatedFormatName>
        <RelatedFormatVersion>1.0</RelatedFormatVersion>
      </RelatedFormat>
      <RelatedFormat>
        <RelationshipType>Has lower priority than</RelationshipType>
        <RelatedFormatID>782</RelatedFormatID>
        <RelatedFormatName>OpenDocument Graphics</RelatedFormatName>
        <RelatedFormatVersion>1.0</RelatedFormatVersion>
      </RelatedFormat>
      <RelatedFormat>
        <RelationshipType>Has lower priority than</RelationshipType>
        <RelatedFormatID>783</RelatedFormatID>
        <RelatedFormatName>OpenDocument Database Format</RelatedFormatName>
        <RelatedFormatVersion>1.0</RelatedFormatVersion>
      </RelatedFormat>
      <RelatedFormat>
        <RelationshipType>Has priority over</RelationshipType>
        <RelatedFormatID>382</RelatedFormatID>
        <RelatedFormatName>ZIP Format</RelatedFormatName>
        <RelatedFormatVersion>
        </RelatedFormatVersion>
      </RelatedFormat>
      <RelatedFormat>
        <RelationshipType>Has priority over</RelationshipType>
        <RelatedFormatID>777</RelatedFormatID>
        <RelatedFormatName>Java Archive Format</RelatedFormatName>
        <RelatedFormatVersion>
        </RelatedFormatVersion>
      </RelatedFormat>
      <RelatedFormat>
        <RelationshipType>Is supertype of</RelationshipType>
        <RelatedFormatID>779</RelatedFormatID>
        <RelatedFormatName>OpenDocument Text</RelatedFormatName>
        <RelatedFormatVersion>1.0</RelatedFormatVersion>
      </RelatedFormat>
      <RelatedFormat>
        <RelationshipType>Is supertype of</RelationshipType>
        <RelatedFormatID>780</RelatedFormatID>
        <RelatedFormatName>OpenDocument Spreadsheet</RelatedFormatName>
        <RelatedFormatVersion>1.0</RelatedFormatVersion>
      </RelatedFormat>
      <RelatedFormat>
        <RelationshipType>Is supertype of</RelationshipType>
        <RelatedFormatID>781</RelatedFormatID>
        <RelatedFormatName>OpenDocument Presentation</RelatedFormatName>
        <RelatedFormatVersion>1.0</RelatedFormatVersion>
      </RelatedFormat>
      <RelatedFormat>
        <RelationshipType>Is supertype of</RelationshipType>
        <RelatedFormatID>782</RelatedFormatID>
        <RelatedFormatName>OpenDocument Graphics</RelatedFormatName>
        <RelatedFormatVersion>1.0</RelatedFormatVersion>
      </RelatedFormat>
      <RelatedFormat>
        <RelationshipType>Is supertype of</RelationshipType>
        <RelatedFormatID>783</RelatedFormatID>
        <RelatedFormatName>OpenDocument Database Format</RelatedFormatName>
        <RelatedFormatVersion>1.0</RelatedFormatVersion>
      </RelatedFormat>
    </FileFormat>
    <SearchCriteria>Criteria</SearchCriteria>
  </report_format_detail>
</PRONOM-Report>
