<?xml version="1.0" encoding="utf-8"?>
<PRONOM-Report xmlns="http://pronom.nationalarchives.gov.uk">
  <report_format_detail>
    <FileFormat>
      <FormatID>1034</FormatID>
      <FormatName>OpenDocument Text</FormatName>
      <FormatVersion>1.2</FormatVersion>
      <FormatAliases>
      </FormatAliases>
      <FormatFamilies>
      </FormatFamilies>
      <FormatTypes>Text (Wordprocessed)</FormatTypes>
      <FormatDisclosure>Full</FormatDisclosure>
      <FormatDescription>OpenDocument (ODF) format is a generic format for office documents, such as text, spreadsheets, presentations, drawings, and databases. It was developed by OASIS, based on the original OpenOffice document format. The format is an open standard, and is supported by a variety of office software packages. ODF is an XML format, which may comprise a single XML document, or a collection of subdocuments within a package. The package format is the commonly used form, and comprises a standard ZIP package containing the XML content and any associated binary data, together with a manifest which lists the package content. An ODF text document contains word-processed text. The content is contained in a 'content' xml subdocument. Additional subdocuments contain style information, document metadata, and application-specific settings.</FormatDescription>
      <BinaryFileFormat>Binary</BinaryFileFormat>
      <ByteOrders>Little-endian (Intel)</ByteOrders>
      <ReleaseDate>
      </ReleaseDate>
      <WithdrawnDate>
      </WithdrawnDate>
      <ProvenanceSourceID>1</ProvenanceSourceID>
      <ProvenanceName>Digital Preservation Department / The National Archives</ProvenanceName>
      <ProvenanceSourceDate>03 Nov 2010</ProvenanceSourceDate>
      <ProvenanceDescription>Ongoing DROID signature research</ProvenanceDescription>
      <LastUpdatedDate>03 Nov 2010</LastUpdatedDate>
      <FormatNote>
      </FormatNote>
      <FormatRisk>
      </FormatRisk>
      <TechnicalEnvironment>
      </TechnicalEnvironment>
      <FileFormatIdentifier>
        <Identifier>fmt/291</Identifier>
        <IdentifierType>PUID</IdentifierType>
      </FileFormatIdentifier>
      <Developers>
        <DeveloperID>127</DeveloperID>
        <DeveloperName>
        </DeveloperName>
        <OrganisationName>OASIS</OrganisationName>
        <DeveloperCompoundName>OASIS</DeveloperCompoundName>
      </Developers>
      <ExternalSignature>
        <ExternalSignatureID>1018</ExternalSignatureID>
        <Signature>odt</Signature>
        <SignatureType>File extension</SignatureType>
      </ExternalSignature>
      <ExternalSignature>
        <ExternalSignatureID>1019</ExternalSignatureID>
        <Signature>ott</Signature>
        <SignatureType>File extension</SignatureType>
      </ExternalSignature>
      <InternalSignature>
        <SignatureID>308</SignatureID>
        <SignatureName>ODF 1.2 text</SignatureName>
        <SignatureNote>ZIP header + MIME-type declaration + version number. ODF versions without version number detail are assumed to be version 1.1</SignatureNote>
        <ByteSequence>
          <ByteSequenceID>409</ByteSequenceID>
          <PositionType>Absolute from BOF</PositionType>
          <Offset>0</Offset>
          <MaxOffset>
          </MaxOffset>
          <IndirectOffsetLocation>
          </IndirectOffsetLocation>
          <IndirectOffsetLength>
          </IndirectOffsetLength>
          <Endianness>
          </Endianness>
          <ByteSequenceValue>504B0304{26}6D696D65747970656170706C69636174696F6E2F766E642E6F617369732E6F70656E646F63756D656E742E74657874*6F66666963653A76657273696F6E3D22312E3222</ByteSequenceValue>
        </ByteSequence>
      </InternalSignature>
      <RelatedFormat>
        <RelationshipType>Has priority over</RelationshipType>
        <RelatedFormatID>382</RelatedFormatID>
        <RelatedFormatName>ZIP Format</RelatedFormatName>
        <RelatedFormatVersion>
        </RelatedFormatVersion>
      </RelatedFormat>
      <RelatedFormat>
        <RelationshipType>Has priority over</RelationshipType>
        <RelatedFormatID>1033</RelatedFormatID>
        <RelatedFormatName>OpenDocument Text</RelatedFormatName>
        <RelatedFormatVersion>1.1</RelatedFormatVersion>
      </RelatedFormat>
    </FileFormat>
    <SearchCriteria>Criteria</SearchCriteria>
  </report_format_detail>
</PRONOM-Report>
