<?xml version="1.0" encoding="utf-8"?>
<PRONOM-Report xmlns="http://pronom.nationalarchives.gov.uk">
  <report_format_detail>
    <FileFormat>
      <FormatID>1045</FormatID>
      <FormatName>Computer Graphics Metafile ASCII</FormatName>
      <FormatVersion>3</FormatVersion>
      <FormatAliases>
      </FormatAliases>
      <FormatFamilies>
      </FormatFamilies>
      <FormatTypes>
      </FormatTypes>
      <FormatDisclosure>
      </FormatDisclosure>
      <FormatDescription>This is an outline record only, and requires further details, research or authentication to provide information that will enable users to further understand the format and to assess digital preservation risks associated with it if appropriate. If you are able to help by supplying any additional information concerning this entry, please return to the main PRONOM page and select ‘Add an Entry’.</FormatDescription>
      <BinaryFileFormat>
      </BinaryFileFormat>
      <ByteOrders>
      </ByteOrders>
      <ReleaseDate>
      </ReleaseDate>
      <WithdrawnDate>
      </WithdrawnDate>
      <ProvenanceSourceID>165</ProvenanceSourceID>
      <ProvenanceName>Georgia Tech Research Institute / Georgia Tech Research Institute</ProvenanceName>
      <ProvenanceSourceDate>02 Dec 2010</ProvenanceSourceDate>
      <ProvenanceDescription>
      </ProvenanceDescription>
      <LastUpdatedDate>02 Dec 2010</LastUpdatedDate>
      <FormatNote>
      </FormatNote>
      <FormatRisk>
      </FormatRisk>
      <TechnicalEnvironment>
      </TechnicalEnvironment>
      <FileFormatIdentifier>
        <Identifier>fmt/301</Identifier>
        <IdentifierType>PUID</IdentifierType>
      </FileFormatIdentifier>
      <ExternalSignature>
        <ExternalSignatureID>1035</ExternalSignatureID>
        <Signature>cgm</Signature>
        <SignatureType>File extension</SignatureType>
      </ExternalSignature>
      <InternalSignature>
        <SignatureID>359</SignatureID>
        <SignatureName>Computer Graphics Metafile (Clear Text) Version 3 No.1</SignatureName>
        <SignatureNote>Element name begmf (Begin Metafile) with any letter in the element name in upper or lower case, followed by any number of bytes, followed by version (MFVERSION{1}3 or mfversion{1}3, or any upper/lower case combination). Trailer endmf{0-1}; (with any letter in the element name in upper or lower case) that can be followed by a comment</SignatureNote>
        <ByteSequence>
          <ByteSequenceID>456</ByteSequenceID>
          <PositionType>Absolute from BOF</PositionType>
          <Offset>0</Offset>
          <MaxOffset>
          </MaxOffset>
          <IndirectOffsetLocation>
          </IndirectOffsetLocation>
          <IndirectOffsetLength>
          </IndirectOffsetLength>
          <Endianness>
          </Endianness>
          <ByteSequenceValue>42(45|65)(47|67)(4D|6D)(46|66)*(4D|6D)(46|66)(56|76)(65|45)(52|72)(53|73)(49|69)(4F|6F)(4E|6E){1}33</ByteSequenceValue>
        </ByteSequence>
        <ByteSequence>
          <ByteSequenceID>463</ByteSequenceID>
          <PositionType>Absolute from EOF</PositionType>
          <Offset>0</Offset>
          <MaxOffset>2048</MaxOffset>
          <IndirectOffsetLocation>
          </IndirectOffsetLocation>
          <IndirectOffsetLength>
          </IndirectOffsetLength>
          <Endianness>
          </Endianness>
          <ByteSequenceValue>45(4E|6E)(44|64)(4D|6D)(46|66){0-1}3B</ByteSequenceValue>
        </ByteSequence>
      </InternalSignature>
      <InternalSignature>
        <SignatureID>361</SignatureID>
        <SignatureName>Computer Graphics Metafile (Clear Text) Version 3 No.2</SignatureName>
        <SignatureNote>Element name begmf (Begin Metafile) with any letter in the element name in upper or lower case, followed by any number of bytes, followed by version (MFVERSION{1}3 or mfversion{1}3, or any upper/lower case combination). Trailer endmf{0-1}; (with any letter in the element name in upper or lower case) that can be followed by a comment</SignatureNote>
        <ByteSequence>
          <ByteSequenceID>457</ByteSequenceID>
          <PositionType>Absolute from BOF</PositionType>
          <Offset>0</Offset>
          <MaxOffset>
          </MaxOffset>
          <IndirectOffsetLocation>
          </IndirectOffsetLocation>
          <IndirectOffsetLength>
          </IndirectOffsetLength>
          <Endianness>
          </Endianness>
          <ByteSequenceValue>42(45|65)(47|67)(4D|6D)(46|66)*(4D|6D)(46|66)(56|76)(65|45)(52|72)(53|73)(49|69)(4F|6F)(4E|6E){1}33</ByteSequenceValue>
        </ByteSequence>
        <ByteSequence>
          <ByteSequenceID>464</ByteSequenceID>
          <PositionType>Absolute from EOF</PositionType>
          <Offset>0</Offset>
          <MaxOffset>2048</MaxOffset>
          <IndirectOffsetLocation>
          </IndirectOffsetLocation>
          <IndirectOffsetLength>
          </IndirectOffsetLength>
          <Endianness>
          </Endianness>
          <ByteSequenceValue>65(4E|6E)(44|64)(4D|6D)(46|66){0-1}3B</ByteSequenceValue>
        </ByteSequence>
      </InternalSignature>
      <InternalSignature>
        <SignatureID>362</SignatureID>
        <SignatureName>Computer Graphics Metafile (Clear Text) Version 3 No.3</SignatureName>
        <SignatureNote>Element name begmf (Begin Metafile) with any letter in the element name in upper or lower case, followed by any number of bytes, followed by version (MFVERSION{1}3 or mfversion{1}3, or any upper/lower case combination). Trailer endmf{0-1}; (with any letter in the element name in upper or lower case) that can be followed by a comment</SignatureNote>
        <ByteSequence>
          <ByteSequenceID>458</ByteSequenceID>
          <PositionType>Absolute from BOF</PositionType>
          <Offset>0</Offset>
          <MaxOffset>
          </MaxOffset>
          <IndirectOffsetLocation>
          </IndirectOffsetLocation>
          <IndirectOffsetLength>
          </IndirectOffsetLength>
          <Endianness>
          </Endianness>
          <ByteSequenceValue>62(45|65)(47|67)(4D|6D)(46|66)*(4D|6D)(46|66)(56|76)(65|45)(52|72)(53|73)(49|69)(4F|6F)(4E|6E){1}33</ByteSequenceValue>
        </ByteSequence>
        <ByteSequence>
          <ByteSequenceID>465</ByteSequenceID>
          <PositionType>Absolute from EOF</PositionType>
          <Offset>0</Offset>
          <MaxOffset>2048</MaxOffset>
          <IndirectOffsetLocation>
          </IndirectOffsetLocation>
          <IndirectOffsetLength>
          </IndirectOffsetLength>
          <Endianness>
          </Endianness>
          <ByteSequenceValue>45(4E|6E)(44|64)(4D|6D)(46|66){0-1}3B</ByteSequenceValue>
        </ByteSequence>
      </InternalSignature>
      <InternalSignature>
        <SignatureID>363</SignatureID>
        <SignatureName>Computer Graphics Metafile (Clear Text) Version 3 No.4</SignatureName>
        <SignatureNote>Element name begmf (Begin Metafile) with any letter in the element name in upper or lower case, followed by any number of bytes, followed by version (MFVERSION{1}3 or mfversion{1}3, or any upper/lower case combination). Trailer endmf{0-1}; (with any letter in the element name in upper or lower case) that can be followed by a comment</SignatureNote>
        <ByteSequence>
          <ByteSequenceID>459</ByteSequenceID>
          <PositionType>Absolute from BOF</PositionType>
          <Offset>0</Offset>
          <MaxOffset>
          </MaxOffset>
          <IndirectOffsetLocation>
          </IndirectOffsetLocation>
          <IndirectOffsetLength>
          </IndirectOffsetLength>
          <Endianness>
          </Endianness>
          <ByteSequenceValue>62(45|65)(47|67)(4D|6D)(46|66)*(4D|6D)(46|66)(56|76)(65|45)(52|72)(53|73)(49|69)(4F|6F)(4E|6E){1}33</ByteSequenceValue>
        </ByteSequence>
        <ByteSequence>
          <ByteSequenceID>466</ByteSequenceID>
          <PositionType>Absolute from EOF</PositionType>
          <Offset>0</Offset>
          <MaxOffset>2048</MaxOffset>
          <IndirectOffsetLocation>
          </IndirectOffsetLocation>
          <IndirectOffsetLength>
          </IndirectOffsetLength>
          <Endianness>
          </Endianness>
          <ByteSequenceValue>65(4E|6E)(44|64)(4D|6D)(46|66){0-1}3B</ByteSequenceValue>
        </ByteSequence>
      </InternalSignature>
    </FileFormat>
    <SearchCriteria>Criteria</SearchCriteria>
  </report_format_detail>
</PRONOM-Report>
