<?xml version="1.0" encoding="utf-8"?>
<PRONOM-Report xmlns="http://pronom.nationalarchives.gov.uk">
  <report_format_detail>
    <FileFormat>
      <FormatID>659</FormatID>
      <FormatName>MPEG-1 Program Stream</FormatName>
      <FormatVersion>
      </FormatVersion>
      <FormatAliases>
      </FormatAliases>
      <FormatFamilies>
      </FormatFamilies>
      <FormatTypes>Video</FormatTypes>
      <FormatDisclosure>
      </FormatDisclosure>
      <FormatDescription>MPEG-1 is a lossy compression standard for video and audio, intended for use in Digital Storage Media (DSM) such as VideoCD and DVD (at the same encoding standard as VCD). It is designed to handle video frame-sizes of 352 x 288px, at a frame-rate of 25 frames per second (PAL) and a data rate of around 1.2Mbits/s; audio: up to 320 kbits/s (MPEG-1 Audio Layer III, *.mp3). MPEG-1 supports random access to stream content on playback. MPEG-1 Video supports only 'progressive' frame video. MPEG-1 compression can be relatively inefficient by modern standards. An MPG-1 ‘Program’ stream (PS) file (*.mpg, *.mpeg) generally contain both video and audio streams, generally for synchronised playback, and may carry a variety of other data (e.g. video captions).</FormatDescription>
      <BinaryFileFormat>Binary</BinaryFileFormat>
      <ByteOrders>Big-endian (Motorola)</ByteOrders>
      <ReleaseDate>
      </ReleaseDate>
      <WithdrawnDate>
      </WithdrawnDate>
      <ProvenanceSourceID>1</ProvenanceSourceID>
      <ProvenanceName>Digital Preservation Department / The National Archives</ProvenanceName>
      <ProvenanceSourceDate>11 Mar 2005</ProvenanceSourceDate>
      <ProvenanceDescription>
      </ProvenanceDescription>
      <LastUpdatedDate>07 Jul 2014</LastUpdatedDate>
      <FormatNote>
      </FormatNote>
      <FormatRisk>
      </FormatRisk>
      <TechnicalEnvironment>
      </TechnicalEnvironment>
      <FileFormatIdentifier>
        <Identifier>public.mpeg</Identifier>
        <IdentifierType>Apple Uniform Type Identifier</IdentifierType>
      </FileFormatIdentifier>
      <FileFormatIdentifier>
        <Identifier>video/mpeg</Identifier>
        <IdentifierType>MIME</IdentifierType>
      </FileFormatIdentifier>
      <FileFormatIdentifier>
        <Identifier>x-fmt/385</Identifier>
        <IdentifierType>PUID</IdentifierType>
      </FileFormatIdentifier>
      <ExternalSignature>
        <ExternalSignatureID>641</ExternalSignatureID>
        <Signature>mpeg</Signature>
        <SignatureType>File extension</SignatureType>
      </ExternalSignature>
      <ExternalSignature>
        <ExternalSignatureID>719</ExternalSignatureID>
        <Signature>mpg</Signature>
        <SignatureType>File extension</SignatureType>
      </ExternalSignature>
      <InternalSignature>
        <SignatureID>122</SignatureID>
        <SignatureName>MPEG-1 Program Stream</SignatureName>
        <SignatureNote>Pack Header Start Code + System Header Start Code</SignatureNote>
        <ByteSequence>
          <ByteSequenceID>57</ByteSequenceID>
          <PositionType>Absolute from BOF</PositionType>
          <Offset>0</Offset>
          <MaxOffset>0</MaxOffset>
          <IndirectOffsetLocation>
          </IndirectOffsetLocation>
          <IndirectOffsetLength>
          </IndirectOffsetLength>
          <Endianness>
          </Endianness>
          <ByteSequenceValue>000001BA{8-12}000001BB</ByteSequenceValue>
        </ByteSequence>
      </InternalSignature>
      <RelatedFormat>
        <RelationshipType>Has lower priority than</RelationshipType>
        <RelatedFormatID>660</RelatedFormatID>
        <RelatedFormatName>MPEG-2 Program Stream</RelatedFormatName>
        <RelatedFormatVersion>
        </RelatedFormatVersion>
      </RelatedFormat>
      <RelatedFormat>
        <RelationshipType>Has lower priority than</RelationshipType>
        <RelatedFormatID>1207</RelatedFormatID>
        <RelatedFormatName>Video Object File (MPEG-2 subset)</RelatedFormatName>
        <RelatedFormatVersion>
        </RelatedFormatVersion>
      </RelatedFormat>
    </FileFormat>
    <SearchCriteria>Criteria</SearchCriteria>
  </report_format_detail>
</PRONOM-Report>
