<?xml version="1.0" encoding="utf-8"?>
<PRONOM-Report xmlns="http://pronom.nationalarchives.gov.uk">
  <report_format_detail>
    <FileFormat>
      <FormatID>629</FormatID>
      <FormatName>Rich Text Format</FormatName>
      <FormatVersion>1.3</FormatVersion>
      <FormatAliases>
      </FormatAliases>
      <FormatFamilies>
      </FormatFamilies>
      <FormatTypes>
      </FormatTypes>
      <FormatDisclosure>Full</FormatDisclosure>
      <FormatDescription>Deprecated in favour of fmt/45</FormatDescription>
      <BinaryFileFormat>Text</BinaryFileFormat>
      <ByteOrders>
      </ByteOrders>
      <ReleaseDate>
      </ReleaseDate>
      <WithdrawnDate>
      </WithdrawnDate>
      <ProvenanceSourceID>1</ProvenanceSourceID>
      <ProvenanceName>Digital Preservation Department / The National Archives</ProvenanceName>
      <ProvenanceSourceDate>11 Mar 2005</ProvenanceSourceDate>
      <ProvenanceDescription>
      </ProvenanceDescription>
      <LastUpdatedDate>25 Oct 2012</LastUpdatedDate>
      <FormatNote>
      </FormatNote>
      <FormatRisk>
      </FormatRisk>
      <TechnicalEnvironment>
      </TechnicalEnvironment>
      <FileFormatIdentifier>
        <Identifier>fmt/48</Identifier>
        <IdentifierType>PUID</IdentifierType>
      </FileFormatIdentifier>
      <Document>
        <DocumentID>40</DocumentID>
        <DisplayText>Microsoft, 1994, Rich-Text Format (RTF) Specification: Version 1.3, Product Support Services Application Note 1/94 GC0165</DisplayText>
        <DocumentType>Authoritative</DocumentType>
        <AvailabilityDescription>Public</AvailabilityDescription>
        <AvailabilityNote>
        </AvailabilityNote>
        <PublicationDate>01 Jan 1994</PublicationDate>
        <TitleText>Rich-Text Format (RTF) Specification: Version 1.3, Product Support Services Application Note 1/94 GC0165</TitleText>
        <DocumentIPR>
        </DocumentIPR>
        <DocumentNote>
        </DocumentNote>
        <Author>
          <AuthorID>93</AuthorID>
          <AuthorName>
          </AuthorName>
          <OrganisationName>Microsoft Corporation</OrganisationName>
          <AuthorCompoundName>Microsoft Corporation</AuthorCompoundName>
        </Author>
        <Publisher>
          <PublisherID>93</PublisherID>
          <PublisherName>
          </PublisherName>
          <OrganisationName>Microsoft Corporation</OrganisationName>
          <PublisherCompoundName>Microsoft Corporation</PublisherCompoundName>
        </Publisher>
      </Document>
      <RelatedFormat>
        <RelationshipType>Has lower priority than</RelationshipType>
        <RelatedFormatID>631</RelatedFormatID>
        <RelatedFormatName>Rich Text Format</RelatedFormatName>
        <RelatedFormatVersion>1.5-1.6</RelatedFormatVersion>
      </RelatedFormat>
      <RelatedFormat>
        <RelationshipType>Has lower priority than</RelationshipType>
        <RelatedFormatID>633</RelatedFormatID>
        <RelatedFormatName>Rich Text Format</RelatedFormatName>
        <RelatedFormatVersion>1.7</RelatedFormatVersion>
      </RelatedFormat>
      <RelatedFormat>
        <RelationshipType>Has lower priority than</RelationshipType>
        <RelatedFormatID>753</RelatedFormatID>
        <RelatedFormatName>Rich Text Format</RelatedFormatName>
        <RelatedFormatVersion>1.8</RelatedFormatVersion>
      </RelatedFormat>
      <RelatedFormat>
        <RelationshipType>Has lower priority than</RelationshipType>
        <RelatedFormatID>1101</RelatedFormatID>
        <RelatedFormatName>Rich Text Format</RelatedFormatName>
        <RelatedFormatVersion>1.9</RelatedFormatVersion>
      </RelatedFormat>
    </FileFormat>
    <SearchCriteria>Criteria</SearchCriteria>
  </report_format_detail>
</PRONOM-Report>
