<?xml version="1.0" encoding="utf-8"?>
<PRONOM-Report xmlns="http://pronom.nationalarchives.gov.uk">
  <report_format_detail>
    <FileFormat>
      <FormatID>240</FormatID>
      <FormatName>Broderbund Print Shop Deluxe</FormatName>
      <FormatVersion>1-4</FormatVersion>
      <FormatAliases>
      </FormatAliases>
      <FormatFamilies>
      </FormatFamilies>
      <FormatTypes>Presentation</FormatTypes>
      <FormatDisclosure>
      </FormatDisclosure>
      <FormatDescription>The Print Shop is a desktop publishing application published by Broderbund. The Print Shop Deluxe is one of the early brand names for the product and has a range of format extensions dependent on the type of project being created. More information about the format family can be found here: http://fileformats.archiveteam.org/wiki/The_Print_Shop</FormatDescription>
      <BinaryFileFormat>Text</BinaryFileFormat>
      <ByteOrders>
      </ByteOrders>
      <ReleaseDate>
      </ReleaseDate>
      <WithdrawnDate>
      </WithdrawnDate>
      <ProvenanceSourceID>1</ProvenanceSourceID>
      <ProvenanceName>Digital Preservation Department / The National Archives</ProvenanceName>
      <ProvenanceSourceDate>02 Aug 2005</ProvenanceSourceDate>
      <ProvenanceDescription>
      </ProvenanceDescription>
      <LastUpdatedDate>18 Jan 2020</LastUpdatedDate>
      <FormatNote>
      </FormatNote>
      <FormatRisk>
      </FormatRisk>
      <TechnicalEnvironment>
      </TechnicalEnvironment>
      <FileFormatIdentifier>
        <Identifier>x-fmt/168</Identifier>
        <IdentifierType>PUID</IdentifierType>
      </FileFormatIdentifier>
      <Developers>
        <DeveloperID>20</DeveloperID>
        <DeveloperName>
        </DeveloperName>
        <OrganisationName>Broderbund Software, Inc</OrganisationName>
        <DeveloperCompoundName>Broderbund Software, Inc</DeveloperCompoundName>
      </Developers>
      <Support>
        <SupportID>20</SupportID>
        <SupportName>
        </SupportName>
        <OrganisationName>Broderbund Software, Inc</OrganisationName>
        <SupportCompoundName>Broderbund Software, Inc</SupportCompoundName>
      </Support>
      <ExternalSignature>
        <ExternalSignatureID>234</ExternalSignatureID>
        <Signature>pcc</Signature>
        <SignatureType>File extension</SignatureType>
      </ExternalSignature>
      <ExternalSignature>
        <ExternalSignatureID>2388</ExternalSignatureID>
        <Signature>pdb</Signature>
        <SignatureType>File extension</SignatureType>
      </ExternalSignature>
      <ExternalSignature>
        <ExternalSignatureID>2389</ExternalSignatureID>
        <Signature>pdc</Signature>
        <SignatureType>File extension</SignatureType>
      </ExternalSignature>
      <ExternalSignature>
        <ExternalSignatureID>2390</ExternalSignatureID>
        <Signature>pda</Signature>
        <SignatureType>File extension</SignatureType>
      </ExternalSignature>
      <ExternalSignature>
        <ExternalSignatureID>2391</ExternalSignatureID>
        <Signature>pdl</Signature>
        <SignatureType>File extension</SignatureType>
      </ExternalSignature>
      <ExternalSignature>
        <ExternalSignatureID>2392</ExternalSignatureID>
        <Signature>pds</Signature>
        <SignatureType>File extension</SignatureType>
      </ExternalSignature>
      <ExternalSignature>
        <ExternalSignatureID>2393</ExternalSignatureID>
        <Signature>pdg</Signature>
        <SignatureType>File extension</SignatureType>
      </ExternalSignature>
      <InternalSignature>
        <SignatureID>1674</SignatureID>
        <SignatureName>The Print Shop Deluxe 1-4 variant 1</SignatureName>
        <SignatureNote>BOF: 'PrintShopDeluxe'</SignatureNote>
        <ByteSequence>
          <ByteSequenceID>1942</ByteSequenceID>
          <PositionType>Absolute from BOF</PositionType>
          <Offset>0</Offset>
          <MaxOffset>0</MaxOffset>
          <IndirectOffsetLocation>
          </IndirectOffsetLocation>
          <IndirectOffsetLength>
          </IndirectOffsetLength>
          <Endianness>
          </Endianness>
          <ByteSequenceValue>5072696E7453686F7044656C757865</ByteSequenceValue>
        </ByteSequence>
      </InternalSignature>
      <InternalSignature>
        <SignatureID>1678</SignatureID>
        <SignatureName>The Print Shop Deluxe 1-4 variant 2</SignatureName>
        <SignatureNote>BOF: 'PSDeluxe'</SignatureNote>
        <ByteSequence>
          <ByteSequenceID>1946</ByteSequenceID>
          <PositionType>Absolute from BOF</PositionType>
          <Offset>0</Offset>
          <MaxOffset>0</MaxOffset>
          <IndirectOffsetLocation>
          </IndirectOffsetLocation>
          <IndirectOffsetLength>
          </IndirectOffsetLength>
          <Endianness>
          </Endianness>
          <ByteSequenceValue>505344656C757865</ByteSequenceValue>
        </ByteSequence>
      </InternalSignature>
      <RelatedFormat>
        <RelationshipType>Is previous version of</RelationshipType>
        <RelatedFormatID>2117</RelatedFormatID>
        <RelatedFormatName>Broderbund Print Shop Deluxe</RelatedFormatName>
        <RelatedFormatVersion>5-6</RelatedFormatVersion>
      </RelatedFormat>
    </FileFormat>
    <SearchCriteria>Criteria</SearchCriteria>
  </report_format_detail>
</PRONOM-Report>
