<?xml version="1.0" encoding="utf-8"?>
<PRONOM-Report xmlns="http://pronom.nationalarchives.gov.uk">
  <report_format_detail>
    <FileFormat>
      <FormatID>662</FormatID>
      <FormatName>Virtual Reality Modeling Language</FormatName>
      <FormatVersion>2.0</FormatVersion>
      <FormatAliases>VRML (97), Virtual Reality Modeling Language (2.0), VRML (2.0)</FormatAliases>
      <FormatFamilies>
      </FormatFamilies>
      <FormatTypes>Model</FormatTypes>
      <FormatDisclosure>
      </FormatDisclosure>
      <FormatDescription>The Virtual Reality Modeling Language (VRML) is a file format for describing 3D interactive worlds and objects. It may be used in conjunction with the World Wide Web. It may be used to create three-dimensional representations of complex scenes such as illustrations, product definition and virtual reality presentations.  VRML is capable of representing static and animated objects and it can have hyperlinks to other media such as sound, movies, and image. Interpreters (browsers) for VRML are widely available for many different platforms as well as authoring tools for the creation VRML files. VRML supports an extensibility model that allows new objects to be defined and a registration process to allow application communities to develop interoperable extensions to the base standard. There is a mapping between VRML elements and commonly used 3D application programmer interface (API) features.</FormatDescription>
      <BinaryFileFormat>Text</BinaryFileFormat>
      <ByteOrders>
      </ByteOrders>
      <ReleaseDate>
      </ReleaseDate>
      <WithdrawnDate>
      </WithdrawnDate>
      <ProvenanceSourceID>180</ProvenanceSourceID>
      <ProvenanceName>The National Archives and Records Administration / The National Archives and Records Administration</ProvenanceName>
      <ProvenanceSourceDate>11 Mar 2005</ProvenanceSourceDate>
      <ProvenanceDescription>Specifications link: http://graphcomp.com/info/specs/sgi/vrml/spec/
Version 2.0 is the same file format as version 97</ProvenanceDescription>
      <LastUpdatedDate>11 Jun 2012</LastUpdatedDate>
      <FormatNote>
      </FormatNote>
      <FormatRisk>
      </FormatRisk>
      <TechnicalEnvironment>
      </TechnicalEnvironment>
      <FileFormatIdentifier>
        <Identifier>fmt/94</Identifier>
        <IdentifierType>PUID</IdentifierType>
      </FileFormatIdentifier>
      <FileFormatIdentifier>
        <Identifier>model/vrml</Identifier>
        <IdentifierType>MIME</IdentifierType>
      </FileFormatIdentifier>
      <ExternalSignature>
        <ExternalSignatureID>603</ExternalSignatureID>
        <Signature>wrl</Signature>
        <SignatureType>File extension</SignatureType>
      </ExternalSignature>
      <InternalSignature>
        <SignatureID>54</SignatureID>
        <SignatureName>VRML 97</SignatureName>
        <SignatureNote>Header</SignatureNote>
        <ByteSequence>
          <ByteSequenceID>158</ByteSequenceID>
          <PositionType>Absolute from BOF</PositionType>
          <Offset>0</Offset>
          <MaxOffset>
          </MaxOffset>
          <IndirectOffsetLocation>
          </IndirectOffsetLocation>
          <IndirectOffsetLength>
          </IndirectOffsetLength>
          <Endianness>
          </Endianness>
          <ByteSequenceValue>2356524D4C2056322E302075746638</ByteSequenceValue>
        </ByteSequence>
      </InternalSignature>
      <RelatedFormat>
        <RelationshipType>Is previous version of</RelationshipType>
        <RelatedFormatID>1367</RelatedFormatID>
        <RelatedFormatName>X3D</RelatedFormatName>
        <RelatedFormatVersion>3.0</RelatedFormatVersion>
      </RelatedFormat>
      <RelatedFormat>
        <RelationshipType>Is subsequent version of</RelationshipType>
        <RelatedFormatID>661</RelatedFormatID>
        <RelatedFormatName>Virtual Reality Modeling Language</RelatedFormatName>
        <RelatedFormatVersion>1.0</RelatedFormatVersion>
      </RelatedFormat>
    </FileFormat>
    <SearchCriteria>Criteria</SearchCriteria>
  </report_format_detail>
</PRONOM-Report>
