<?xml version="1.0" encoding="utf-8"?>
<PRONOM-Report xmlns="http://pronom.nationalarchives.gov.uk">
  <report_format_detail>
    <FileFormat>
      <FormatID>642</FormatID>
      <FormatName>Hypertext Markup Language</FormatName>
      <FormatVersion>4.01</FormatVersion>
      <FormatAliases>HTML (4.01)</FormatAliases>
      <FormatFamilies>
      </FormatFamilies>
      <FormatTypes>Text (Mark-up)</FormatTypes>
      <FormatDisclosure>Full</FormatDisclosure>
      <FormatDescription>The HyperText Markup Language (HTML) is a markup language designed for the rendering of information via a web browser. It was originally defined as a highly simplified subset of SGML, but is now an international standard, and is maintained by the World Wide Web Consortium (W3C). A HTML document consists of nested elements, each of which may have attributes and content. It begins with an HTML Document Type declaration, defining the HTML version and Document Type Definition (DTD) to which it conforms. HTML 4.01 contains minor editorial revisions to the HTML 4.0 specification.</FormatDescription>
      <BinaryFileFormat>Text</BinaryFileFormat>
      <ByteOrders>
      </ByteOrders>
      <ReleaseDate>24 Dec 1999</ReleaseDate>
      <WithdrawnDate>
      </WithdrawnDate>
      <ProvenanceSourceID>1</ProvenanceSourceID>
      <ProvenanceName>Digital Preservation Department / The National Archives</ProvenanceName>
      <ProvenanceSourceDate>11 Mar 2005</ProvenanceSourceDate>
      <ProvenanceDescription>
      </ProvenanceDescription>
      <LastUpdatedDate>02 Aug 2005</LastUpdatedDate>
      <FormatNote>
      </FormatNote>
      <FormatRisk>
      </FormatRisk>
      <TechnicalEnvironment>
      </TechnicalEnvironment>
      <FileFormatIdentifier>
        <Identifier>fmt/100</Identifier>
        <IdentifierType>PUID</IdentifierType>
      </FileFormatIdentifier>
      <FileFormatIdentifier>
        <Identifier>public.html</Identifier>
        <IdentifierType>Apple Uniform Type Identifier</IdentifierType>
      </FileFormatIdentifier>
      <FileFormatIdentifier>
        <Identifier>text/html</Identifier>
        <IdentifierType>MIME</IdentifierType>
      </FileFormatIdentifier>
      <Developers>
        <DeveloperID>106</DeveloperID>
        <DeveloperName>
        </DeveloperName>
        <OrganisationName>World Wide Web Consortium</OrganisationName>
        <DeveloperCompoundName>World Wide Web Consortium</DeveloperCompoundName>
      </Developers>
      <Document>
        <DocumentID>25</DocumentID>
        <DisplayText>World Wide Web Consortium, 1999, W3C Recommendation: HTML 4.01 Specification</DisplayText>
        <DocumentType>Authoritative</DocumentType>
        <AvailabilityDescription>Public</AvailabilityDescription>
        <AvailabilityNote>
        </AvailabilityNote>
        <PublicationDate>24 Dec 1999</PublicationDate>
        <TitleText>W3C Recommendation: HTML 4.01 Specification</TitleText>
        <DocumentIPR>
        </DocumentIPR>
        <DocumentNote>
        </DocumentNote>
        <DocumentIdentifier>
          <Identifier>www.w3.org/TR/html401/</Identifier>
          <IdentifierType>URL</IdentifierType>
        </DocumentIdentifier>
        <Author>
          <AuthorID>106</AuthorID>
          <AuthorName>
          </AuthorName>
          <OrganisationName>World Wide Web Consortium</OrganisationName>
          <AuthorCompoundName>World Wide Web Consortium</AuthorCompoundName>
        </Author>
        <Publisher>
          <PublisherID>106</PublisherID>
          <PublisherName>
          </PublisherName>
          <OrganisationName>World Wide Web Consortium</OrganisationName>
          <PublisherCompoundName>World Wide Web Consortium</PublisherCompoundName>
        </Publisher>
      </Document>
      <ExternalSignature>
        <ExternalSignatureID>713</ExternalSignatureID>
        <Signature>htm</Signature>
        <SignatureType>File extension</SignatureType>
      </ExternalSignature>
      <ExternalSignature>
        <ExternalSignatureID>755</ExternalSignatureID>
        <Signature>html</Signature>
        <SignatureType>File extension</SignatureType>
      </ExternalSignature>
      <InternalSignature>
        <SignatureID>38</SignatureID>
        <SignatureName>HTML 4.01</SignatureName>
        <SignatureNote>With DOCTYPE declaration of 4.01. Single byte sequence. BOF character sequence: {0-1024}&lt;!(DOCTYPE|doctype) (HTML|html) (PUBLIC/public) "-//{1-16}//(DTD|dtd) {0-64}(HTML|html) 4.01</SignatureNote>
        <ByteSequence>
          <ByteSequenceID>266</ByteSequenceID>
          <PositionType>Absolute from BOF</PositionType>
          <Offset>0</Offset>
          <MaxOffset>1024</MaxOffset>
          <IndirectOffsetLocation>
          </IndirectOffsetLocation>
          <IndirectOffsetLength>
          </IndirectOffsetLength>
          <Endianness>
          </Endianness>
          <ByteSequenceValue>3C21(444F4354595045|646F6374797065)20(48544D4C|68746D6C)20(5055424C4943|7075626C6963)20222D2F2F{1-16}2F2F(445444|647464)20{0-64}(48544D4C|68746D6C)20342E3031</ByteSequenceValue>
        </ByteSequence>
      </InternalSignature>
      <RelatedFormat>
        <RelationshipType>Has lower priority than</RelationshipType>
        <RelatedFormatID>310</RelatedFormatID>
        <RelatedFormatName>Internet Archive</RelatedFormatName>
        <RelatedFormatVersion>1.0</RelatedFormatVersion>
      </RelatedFormat>
      <RelatedFormat>
        <RelationshipType>Has lower priority than</RelationshipType>
        <RelatedFormatID>638</RelatedFormatID>
        <RelatedFormatName>Extensible Markup Language</RelatedFormatName>
        <RelatedFormatVersion>1.0</RelatedFormatVersion>
      </RelatedFormat>
      <RelatedFormat>
        <RelationshipType>Has lower priority than</RelationshipType>
        <RelatedFormatID>820</RelatedFormatID>
        <RelatedFormatName>MHTML</RelatedFormatName>
        <RelatedFormatVersion>
        </RelatedFormatVersion>
      </RelatedFormat>
      <RelatedFormat>
        <RelationshipType>Has lower priority than</RelationshipType>
        <RelatedFormatID>1029</RelatedFormatID>
        <RelatedFormatName>WARC</RelatedFormatName>
        <RelatedFormatVersion>
        </RelatedFormatVersion>
      </RelatedFormat>
      <RelatedFormat>
        <RelationshipType>Has lower priority than</RelationshipType>
        <RelatedFormatID>1158</RelatedFormatID>
        <RelatedFormatName>Internet Archive</RelatedFormatName>
        <RelatedFormatVersion>1.1</RelatedFormatVersion>
      </RelatedFormat>
      <RelatedFormat>
        <RelationshipType>Has lower priority than</RelationshipType>
        <RelatedFormatID>1269</RelatedFormatID>
        <RelatedFormatName>Apple iBook format</RelatedFormatName>
        <RelatedFormatVersion>
        </RelatedFormatVersion>
      </RelatedFormat>
      <RelatedFormat>
        <RelationshipType>Has lower priority than</RelationshipType>
        <RelatedFormatID>1270</RelatedFormatID>
        <RelatedFormatName>ePub format</RelatedFormatName>
        <RelatedFormatVersion>
        </RelatedFormatVersion>
      </RelatedFormat>
      <RelatedFormat>
        <RelationshipType>Has lower priority than</RelationshipType>
        <RelatedFormatID>1287</RelatedFormatID>
        <RelatedFormatName>Internet Explorer for Mac cache file</RelatedFormatName>
        <RelatedFormatVersion>
        </RelatedFormatVersion>
      </RelatedFormat>
      <RelatedFormat>
        <RelationshipType>Has lower priority than</RelationshipType>
        <RelatedFormatID>1670</RelatedFormatID>
        <RelatedFormatName>Apple Safari Webarchive</RelatedFormatName>
        <RelatedFormatVersion>
        </RelatedFormatVersion>
      </RelatedFormat>
      <RelatedFormat>
        <RelationshipType>Has lower priority than</RelationshipType>
        <RelatedFormatID>2099</RelatedFormatID>
        <RelatedFormatName>WARC</RelatedFormatName>
        <RelatedFormatVersion>1.1</RelatedFormatVersion>
      </RelatedFormat>
      <RelatedFormat>
        <RelationshipType>Has lower priority than</RelationshipType>
        <RelatedFormatID>2173</RelatedFormatID>
        <RelatedFormatName>WARC</RelatedFormatName>
        <RelatedFormatVersion>1.0</RelatedFormatVersion>
      </RelatedFormat>
      <RelatedFormat>
        <RelationshipType>Has priority over</RelationshipType>
        <RelatedFormatID>645</RelatedFormatID>
        <RelatedFormatName>Hypertext Markup Language</RelatedFormatName>
        <RelatedFormatVersion>
        </RelatedFormatVersion>
      </RelatedFormat>
      <RelatedFormat>
        <RelationshipType>Is subsequent version of</RelationshipType>
        <RelatedFormatID>641</RelatedFormatID>
        <RelatedFormatName>Hypertext Markup Language</RelatedFormatName>
        <RelatedFormatVersion>4.0</RelatedFormatVersion>
      </RelatedFormat>
      <FormatProperties>
        <FormatProperty>
          <PropertyName>Title</PropertyName>
          <PropertyDescription>
          </PropertyDescription>
          <PropertyType>Instance</PropertyType>
          <PropertyRiskScore>
          </PropertyRiskScore>
          <PropertyHighRisk>
          </PropertyHighRisk>
          <PropertyValueDescription>
          </PropertyValueDescription>
          <PropertyRisks />
        </FormatProperty>
        <FormatProperty>
          <PropertyName>Language</PropertyName>
          <PropertyDescription>
          </PropertyDescription>
          <PropertyType>Instance</PropertyType>
          <PropertyRiskScore>
          </PropertyRiskScore>
          <PropertyHighRisk>
          </PropertyHighRisk>
          <PropertyValueDescription>
          </PropertyValueDescription>
          <PropertyRisks />
        </FormatProperty>
      </FormatProperties>
    </FileFormat>
    <SearchCriteria>Criteria</SearchCriteria>
  </report_format_detail>
</PRONOM-Report>
