<?xml version="1.0" encoding="utf-8"?>
<PRONOM-Report xmlns="http://pronom.nationalarchives.gov.uk">
  <report_format_detail>
    <FileFormat>
      <FormatID>331</FormatID>
      <FormatName>Encapsulated PostScript File Format</FormatName>
      <FormatVersion>3</FormatVersion>
      <FormatAliases>EPS (3.0)</FormatAliases>
      <FormatFamilies>
      </FormatFamilies>
      <FormatTypes>Page Description</FormatTypes>
      <FormatDisclosure>Full</FormatDisclosure>
      <FormatDescription>Encapsulated Postscript (EPS) is a page description format, developed by Adobe Systems Incorporated. Version 3, the third version of the format, was developed in 1992, and subsequently revised in 1999 to include a number of extensions and features of the PostScript language not previously documented. An EPS file comprises a header section followed by a PostScript document. The header can refer to version 3.0 or version 3.1. An EPS can optionally include a preview raster image, in which case a binary header is prepended to the header.</FormatDescription>
      <BinaryFileFormat>Text</BinaryFileFormat>
      <ByteOrders>
      </ByteOrders>
      <ReleaseDate>01 May 1992</ReleaseDate>
      <WithdrawnDate>
      </WithdrawnDate>
      <ProvenanceSourceID>1</ProvenanceSourceID>
      <ProvenanceName>Digital Preservation Department / The National Archives</ProvenanceName>
      <ProvenanceSourceDate>02 Aug 2005</ProvenanceSourceDate>
      <ProvenanceDescription>
      </ProvenanceDescription>
      <LastUpdatedDate>04 May 2011</LastUpdatedDate>
      <FormatNote>
      </FormatNote>
      <FormatRisk>
      </FormatRisk>
      <TechnicalEnvironment>
      </TechnicalEnvironment>
      <FileFormatIdentifier>
        <Identifier>application/postscript</Identifier>
        <IdentifierType>MIME</IdentifierType>
      </FileFormatIdentifier>
      <FileFormatIdentifier>
        <Identifier>com.adobe.encapsulated-postscript</Identifier>
        <IdentifierType>Apple Uniform Type Identifier</IdentifierType>
      </FileFormatIdentifier>
      <FileFormatIdentifier>
        <Identifier>fmt/124</Identifier>
        <IdentifierType>PUID</IdentifierType>
      </FileFormatIdentifier>
      <Developers>
        <DeveloperID>7</DeveloperID>
        <DeveloperName>
        </DeveloperName>
        <OrganisationName>Adobe Systems Incorporated</OrganisationName>
        <DeveloperCompoundName>Adobe Systems Incorporated</DeveloperCompoundName>
      </Developers>
      <Document>
        <DocumentID>67</DocumentID>
        <DisplayText>Adobe Systems Incorporated, 1992, Encapsulated PostScript File Format Specification: Version 3.0</DisplayText>
        <DocumentType>Authoritative</DocumentType>
        <AvailabilityDescription>Public</AvailabilityDescription>
        <AvailabilityNote>
        </AvailabilityNote>
        <PublicationDate>01 May 1992</PublicationDate>
        <TitleText>Encapsulated PostScript File Format Specification: Version 3.0</TitleText>
        <DocumentIPR>
        </DocumentIPR>
        <DocumentNote>
        </DocumentNote>
        <DocumentIdentifier>
          <Identifier>partners.adobe.com/public/developer/en/ps/5002.EPSF_Spec.pdf</Identifier>
          <IdentifierType>URL</IdentifierType>
        </DocumentIdentifier>
        <Author>
          <AuthorID>7</AuthorID>
          <AuthorName>
          </AuthorName>
          <OrganisationName>Adobe Systems Incorporated</OrganisationName>
          <AuthorCompoundName>Adobe Systems Incorporated</AuthorCompoundName>
        </Author>
        <Publisher>
          <PublisherID>7</PublisherID>
          <PublisherName>
          </PublisherName>
          <OrganisationName>Adobe Systems Incorporated</OrganisationName>
          <PublisherCompoundName>Adobe Systems Incorporated</PublisherCompoundName>
        </Publisher>
      </Document>
      <ExternalSignature>
        <ExternalSignatureID>318</ExternalSignatureID>
        <Signature>eps</Signature>
        <SignatureType>File extension</SignatureType>
      </ExternalSignature>
      <ExternalSignature>
        <ExternalSignatureID>767</ExternalSignatureID>
        <Signature>epsf</Signature>
        <SignatureType>File extension</SignatureType>
      </ExternalSignature>
      <ExternalSignature>
        <ExternalSignatureID>1090</ExternalSignatureID>
        <Signature>ps</Signature>
        <SignatureType>File extension</SignatureType>
      </ExternalSignature>
      <InternalSignature>
        <SignatureID>179</SignatureID>
        <SignatureName>EPS 3.0</SignatureName>
        <SignatureNote>Version comment</SignatureNote>
        <ByteSequence>
          <ByteSequenceID>214</ByteSequenceID>
          <PositionType>Absolute from BOF</PositionType>
          <Offset>0</Offset>
          <MaxOffset>
          </MaxOffset>
          <IndirectOffsetLocation>
          </IndirectOffsetLocation>
          <IndirectOffsetLength>
          </IndirectOffsetLength>
          <Endianness>
          </Endianness>
          <ByteSequenceValue>252150532D41646F62652D332E3020455053462D332E30(0D|0A|0D0A|0A0D)</ByteSequenceValue>
        </ByteSequence>
      </InternalSignature>
      <InternalSignature>
        <SignatureID>180</SignatureID>
        <SignatureName>EPS 3.0 Preview</SignatureName>
        <SignatureNote>Version comment</SignatureNote>
        <ByteSequence>
          <ByteSequenceID>215</ByteSequenceID>
          <PositionType>Absolute from BOF</PositionType>
          <Offset>0</Offset>
          <MaxOffset>
          </MaxOffset>
          <IndirectOffsetLocation>
          </IndirectOffsetLocation>
          <IndirectOffsetLength>
          </IndirectOffsetLength>
          <Endianness>
          </Endianness>
          <ByteSequenceValue>C5D0D3C6</ByteSequenceValue>
        </ByteSequence>
        <ByteSequence>
          <ByteSequenceID>216</ByteSequenceID>
          <PositionType>Variable</PositionType>
          <Offset>
          </Offset>
          <MaxOffset>
          </MaxOffset>
          <IndirectOffsetLocation>
          </IndirectOffsetLocation>
          <IndirectOffsetLength>
          </IndirectOffsetLength>
          <Endianness>
          </Endianness>
          <ByteSequenceValue>252150532D41646F62652D332E3020455053462D332E30(0D|0A|0D0A|0A0D)</ByteSequenceValue>
        </ByteSequence>
      </InternalSignature>
      <InternalSignature>
        <SignatureID>451</SignatureID>
        <SignatureName>EPS 3.1</SignatureName>
        <SignatureNote>Version comment ASCII: %!PS-Adobe-3.1 EPSF-3.0</SignatureNote>
        <ByteSequence>
          <ByteSequenceID>566</ByteSequenceID>
          <PositionType>Absolute from BOF</PositionType>
          <Offset>0</Offset>
          <MaxOffset>
          </MaxOffset>
          <IndirectOffsetLocation>
          </IndirectOffsetLocation>
          <IndirectOffsetLength>
          </IndirectOffsetLength>
          <Endianness>
          </Endianness>
          <ByteSequenceValue>252150532D41646F62652D332E3120455053462D332E30(0D|0A|0D0A|0A0D)</ByteSequenceValue>
        </ByteSequence>
      </InternalSignature>
      <RelatedFormat>
        <RelationshipType>Has priority over</RelationshipType>
        <RelatedFormatID>138</RelatedFormatID>
        <RelatedFormatName>Postscript</RelatedFormatName>
        <RelatedFormatVersion>1.0</RelatedFormatVersion>
      </RelatedFormat>
      <RelatedFormat>
        <RelationshipType>Has priority over</RelationshipType>
        <RelatedFormatID>771</RelatedFormatID>
        <RelatedFormatName>PostScript</RelatedFormatName>
        <RelatedFormatVersion>2.0</RelatedFormatVersion>
      </RelatedFormat>
      <RelatedFormat>
        <RelationshipType>Has priority over</RelationshipType>
        <RelatedFormatID>772</RelatedFormatID>
        <RelatedFormatName>PostScript</RelatedFormatName>
        <RelatedFormatVersion>2.1</RelatedFormatVersion>
      </RelatedFormat>
      <RelatedFormat>
        <RelationshipType>Has priority over</RelationshipType>
        <RelatedFormatID>773</RelatedFormatID>
        <RelatedFormatName>PostScript</RelatedFormatName>
        <RelatedFormatVersion>3.0</RelatedFormatVersion>
      </RelatedFormat>
      <RelatedFormat>
        <RelationshipType>Has priority over</RelationshipType>
        <RelatedFormatID>1073</RelatedFormatID>
        <RelatedFormatName>EndNote Import File</RelatedFormatName>
        <RelatedFormatVersion>
        </RelatedFormatVersion>
      </RelatedFormat>
      <RelatedFormat>
        <RelationshipType>Is subsequent version of</RelationshipType>
        <RelatedFormatID>332</RelatedFormatID>
        <RelatedFormatName>Encapsulated PostScript File Format</RelatedFormatName>
        <RelatedFormatVersion>2.0</RelatedFormatVersion>
      </RelatedFormat>
    </FileFormat>
    <SearchCriteria>Criteria</SearchCriteria>
  </report_format_detail>
</PRONOM-Report>
