<?xml version="1.0" encoding="utf-8"?>
<PRONOM-Report xmlns="http://pronom.nationalarchives.gov.uk">
  <report_format_detail>
    <FileFormat>
      <FormatID>1015</FormatID>
      <FormatName>Microsoft Access Database</FormatName>
      <FormatVersion>2007</FormatVersion>
      <FormatAliases>
      </FormatAliases>
      <FormatFamilies>
      </FormatFamilies>
      <FormatTypes>
      </FormatTypes>
      <FormatDisclosure>
      </FormatDisclosure>
      <FormatDescription>This is an outline record only, and requires further details, research or authentication to provide information that will enable users to further understand the format and to assess digital preservation risks associated with it if appropriate. If you are able to help by supplying any additional information concerning this entry, please return to the main PRONOM page and select ‘Add an Entry’.</FormatDescription>
      <BinaryFileFormat>Text</BinaryFileFormat>
      <ByteOrders>
      </ByteOrders>
      <ReleaseDate>
      </ReleaseDate>
      <WithdrawnDate>
      </WithdrawnDate>
      <ProvenanceSourceID>1</ProvenanceSourceID>
      <ProvenanceName>Digital Preservation Department / The National Archives</ProvenanceName>
      <ProvenanceSourceDate>17 Mar 2010</ProvenanceSourceDate>
      <ProvenanceDescription>DROID 5.0 research.</ProvenanceDescription>
      <LastUpdatedDate>17 Mar 2010</LastUpdatedDate>
      <FormatNote>
      </FormatNote>
      <FormatRisk>
      </FormatRisk>
      <TechnicalEnvironment>
      </TechnicalEnvironment>
      <FileFormatIdentifier>
        <Identifier>fmt/275</Identifier>
        <IdentifierType>PUID</IdentifierType>
      </FileFormatIdentifier>
      <ExternalSignature>
        <ExternalSignatureID>993</ExternalSignatureID>
        <Signature>accdb</Signature>
        <SignatureType>File extension</SignatureType>
      </ExternalSignature>
      <InternalSignature>
        <SignatureID>276</SignatureID>
        <SignatureName>MS Access 2007</SignatureName>
        <SignatureNote>ACE Database header plus variably positioned AccessVersion element having value 09. Two byte sequences. First byte sequence character sequence, Standard ACE DB. Second byte sequence character sequence, A c c e s s V e r s I o n{0-2048} 0 9 . [0:9] [0:9]</SignatureNote>
        <ByteSequence>
          <ByteSequenceID>354</ByteSequenceID>
          <PositionType>Absolute from BOF</PositionType>
          <Offset>0</Offset>
          <MaxOffset>
          </MaxOffset>
          <IndirectOffsetLocation>
          </IndirectOffsetLocation>
          <IndirectOffsetLength>
          </IndirectOffsetLength>
          <Endianness>Little-endian</Endianness>
          <ByteSequenceValue>000100005374616E64617264204143452044420002000000</ByteSequenceValue>
        </ByteSequence>
        <ByteSequence>
          <ByteSequenceID>355</ByteSequenceID>
          <PositionType>Variable</PositionType>
          <Offset>
          </Offset>
          <MaxOffset>
          </MaxOffset>
          <IndirectOffsetLocation>
          </IndirectOffsetLocation>
          <IndirectOffsetLength>
          </IndirectOffsetLength>
          <Endianness>Little-endian</Endianness>
          <ByteSequenceValue>410063006300650073007300560065007200730069006F006E{0-2048}300039002E00[30:39]00[30:39]</ByteSequenceValue>
        </ByteSequence>
      </InternalSignature>
    </FileFormat>
    <SearchCriteria>Criteria</SearchCriteria>
  </report_format_detail>
</PRONOM-Report>
