<?xml version="1.0" encoding="utf-8"?>
<PRONOM-Report xmlns="http://pronom.nationalarchives.gov.uk">
  <report_format_detail>
    <FileFormat>
      <FormatID>122</FormatID>
      <FormatName>Macintosh PICT Image</FormatName>
      <FormatVersion>1.0</FormatVersion>
      <FormatAliases>
      </FormatAliases>
      <FormatFamilies>
      </FormatFamilies>
      <FormatTypes>Image (Raster), Image (Vector)</FormatTypes>
      <FormatDisclosure>
      </FormatDisclosure>
      <FormatDescription>This is an outline record only, and requires further details, research or authentication to provide information that will enable users to further understand the format and to assess digital preservation risks associated with it if appropriate. If you are able to help by supplying any additional information concerning this entry, please return to the main PRONOM page and select ‘Add an Entry’.</FormatDescription>
      <BinaryFileFormat>Text</BinaryFileFormat>
      <ByteOrders>Big-endian (Motorola)</ByteOrders>
      <ReleaseDate>
      </ReleaseDate>
      <WithdrawnDate>
      </WithdrawnDate>
      <ProvenanceSourceID>1</ProvenanceSourceID>
      <ProvenanceName>Digital Preservation Department / The National Archives</ProvenanceName>
      <ProvenanceSourceDate>02 Aug 2005</ProvenanceSourceDate>
      <ProvenanceDescription>
      </ProvenanceDescription>
      <LastUpdatedDate>02 Aug 2005</LastUpdatedDate>
      <FormatNote>
      </FormatNote>
      <FormatRisk>
      </FormatRisk>
      <TechnicalEnvironment>
      </TechnicalEnvironment>
      <FileFormatIdentifier>
        <Identifier>com.apple.pict</Identifier>
        <IdentifierType>Apple Uniform Type Identifier</IdentifierType>
      </FileFormatIdentifier>
      <FileFormatIdentifier>
        <Identifier>image/x-pict</Identifier>
        <IdentifierType>MIME</IdentifierType>
      </FileFormatIdentifier>
      <FileFormatIdentifier>
        <Identifier>x-fmt/80</Identifier>
        <IdentifierType>PUID</IdentifierType>
      </FileFormatIdentifier>
      <ExternalSignature>
        <ExternalSignatureID>116</ExternalSignatureID>
        <Signature>pct</Signature>
        <SignatureType>File extension</SignatureType>
      </ExternalSignature>
      <ExternalSignature>
        <ExternalSignatureID>237</ExternalSignatureID>
        <Signature>pict</Signature>
        <SignatureType>File extension</SignatureType>
      </ExternalSignature>
      <InternalSignature>
        <SignatureID>467</SignatureID>
        <SignatureName>Macintosh PICT Image 1.0 (monochrome images)</SignatureName>
        <SignatureNote>512 byte header, 2-byte picture size, 8 bytes picture frame (rectangle), version operator (11h); version number (01h). The PICT format can be written by a number of applications; as a result the 512 byte header either includes information about the particular software which created the file, or is all zeros. The version operator and version number information is constant across objects of this format.</SignatureNote>
        <ByteSequence>
          <ByteSequenceID>583</ByteSequenceID>
          <PositionType>Absolute from BOF</PositionType>
          <Offset>522</Offset>
          <MaxOffset>
          </MaxOffset>
          <IndirectOffsetLocation>
          </IndirectOffsetLocation>
          <IndirectOffsetLength>
          </IndirectOffsetLength>
          <Endianness>Big-endian</Endianness>
          <ByteSequenceValue>1101</ByteSequenceValue>
        </ByteSequence>
      </InternalSignature>
      <RelatedFormat>
        <RelationshipType>Is previous version of</RelationshipType>
        <RelatedFormatID>1086</RelatedFormatID>
        <RelatedFormatName>Macintosh PICT Image</RelatedFormatName>
        <RelatedFormatVersion>2.0</RelatedFormatVersion>
      </RelatedFormat>
    </FileFormat>
    <SearchCriteria>Criteria</SearchCriteria>
  </report_format_detail>
</PRONOM-Report>
