<?xml version="1.0" encoding="utf-8"?>
<PRONOM-Report xmlns="http://pronom.nationalarchives.gov.uk">
  <report_format_detail>
    <FileFormat>
      <FormatID>75</FormatID>
      <FormatName>WordPerfect for MS-DOS/Windows Document</FormatName>
      <FormatVersion>6.0</FormatVersion>
      <FormatAliases>
      </FormatAliases>
      <FormatFamilies>
      </FormatFamilies>
      <FormatTypes>Word Processor</FormatTypes>
      <FormatDisclosure>
      </FormatDisclosure>
      <FormatDescription>This is an outline record only, and requires further details, research or authentication to provide information that will enable users to further understand the format and to assess digital preservation risks associated with it if appropriate. If you are able to help by supplying any additional information concerning this entry, please return to the main PRONOM page and select ‘Add an Entry’.</FormatDescription>
      <BinaryFileFormat>Text</BinaryFileFormat>
      <ByteOrders>
      </ByteOrders>
      <ReleaseDate>13 Sep 1993</ReleaseDate>
      <WithdrawnDate>
      </WithdrawnDate>
      <ProvenanceSourceID>1</ProvenanceSourceID>
      <ProvenanceName>Digital Preservation Department / The National Archives</ProvenanceName>
      <ProvenanceSourceDate>02 Aug 2005</ProvenanceSourceDate>
      <ProvenanceDescription>
      </ProvenanceDescription>
      <LastUpdatedDate>02 Aug 2005</LastUpdatedDate>
      <FormatNote>
      </FormatNote>
      <FormatRisk>
      </FormatRisk>
      <TechnicalEnvironment>
      </TechnicalEnvironment>
      <FileFormatIdentifier>
        <Identifier>x-fmt/44</Identifier>
        <IdentifierType>PUID</IdentifierType>
      </FileFormatIdentifier>
      <Document>
        <DocumentID>4</DocumentID>
        <DisplayText>Born, G, 1995, The file formats handbook, International Thompson Computer Press</DisplayText>
        <DocumentType>Informative</DocumentType>
        <AvailabilityDescription>Public</AvailabilityDescription>
        <AvailabilityNote>
        </AvailabilityNote>
        <PublicationDate>01 Jan 1995</PublicationDate>
        <TitleText>The file formats handbook</TitleText>
        <DocumentIPR>
        </DocumentIPR>
        <DocumentNote>
        </DocumentNote>
        <DocumentIdentifier>
          <Identifier>1-85032-117-5</Identifier>
          <IdentifierType>ISBN</IdentifierType>
        </DocumentIdentifier>
        <Author>
          <AuthorID>115</AuthorID>
          <AuthorName>
          </AuthorName>
          <OrganisationName>Gunter Born</OrganisationName>
          <AuthorCompoundName>Gunter Born</AuthorCompoundName>
        </Author>
        <Publisher>
          <PublisherID>117</PublisherID>
          <PublisherName>
          </PublisherName>
          <OrganisationName>International Thompson Computer Press</OrganisationName>
          <PublisherCompoundName>International Thompson Computer Press</PublisherCompoundName>
        </Publisher>
      </Document>
      <ExternalSignature>
        <ExternalSignatureID>69</ExternalSignatureID>
        <Signature>doc</Signature>
        <SignatureType>File extension</SignatureType>
      </ExternalSignature>
      <ExternalSignature>
        <ExternalSignatureID>166</ExternalSignatureID>
        <Signature>wpd</Signature>
        <SignatureType>File extension</SignatureType>
      </ExternalSignature>
      <ExternalSignature>
        <ExternalSignatureID>610</ExternalSignatureID>
        <Signature>wp6</Signature>
        <SignatureType>File extension</SignatureType>
      </ExternalSignature>
      <ExternalSignature>
        <ExternalSignatureID>655</ExternalSignatureID>
        <Signature>wp</Signature>
        <SignatureType>File extension</SignatureType>
      </ExternalSignature>
      <ExternalSignature>
        <ExternalSignatureID>711</ExternalSignatureID>
        <Signature>w60</Signature>
        <SignatureType>File extension</SignatureType>
      </ExternalSignature>
      <InternalSignature>
        <SignatureID>246</SignatureID>
        <SignatureName>WordPerfect for Windows 6.x - 12</SignatureName>
        <SignatureNote>Also known as Corel WordPerfect. Major and minor version fields are the main variants between 6.x and 12 formats (The last two bytes in this signature). The major version is the same for 6.x through to 12 documents - 2. The minor version byte for a 9 non-compound file created in WPWin 8.0 is 1. The minor version for a 9 compound file created in WPWin 8.0. Is 2.</SignatureNote>
        <ByteSequence>
          <ByteSequenceID>321</ByteSequenceID>
          <PositionType>Absolute from BOF</PositionType>
          <Offset>0</Offset>
          <MaxOffset>
          </MaxOffset>
          <IndirectOffsetLocation>
          </IndirectOffsetLocation>
          <IndirectOffsetLength>
          </IndirectOffsetLength>
          <Endianness>Little-endian</Endianness>
          <ByteSequenceValue>FF575043{4}010A0201</ByteSequenceValue>
        </ByteSequence>
      </InternalSignature>
      <RelatedFormat>
        <RelationshipType>Is subsequent version of</RelationshipType>
        <RelatedFormatID>281</RelatedFormatID>
        <RelatedFormatName>WordPerfect for Windows Document</RelatedFormatName>
        <RelatedFormatVersion>5.2</RelatedFormatVersion>
      </RelatedFormat>
      <RelatedFormat>
        <RelationshipType>Is subsequent version of</RelationshipType>
        <RelatedFormatID>737</RelatedFormatID>
        <RelatedFormatName>WordPerfect for MS-DOS/Windows Document</RelatedFormatName>
        <RelatedFormatVersion>5.1</RelatedFormatVersion>
      </RelatedFormat>
    </FileFormat>
    <SearchCriteria>Criteria</SearchCriteria>
  </report_format_detail>
</PRONOM-Report>
