<?xml version="1.0" encoding="utf-8"?>
<PRONOM-Report xmlns="http://pronom.nationalarchives.gov.uk">
  <report_format_detail>
    <FileFormat>
      <FormatID>993</FormatID>
      <FormatName>DjVu File Format</FormatName>
      <FormatVersion>
      </FormatVersion>
      <FormatAliases>
      </FormatAliases>
      <FormatFamilies>
      </FormatFamilies>
      <FormatTypes>Image (Raster)</FormatTypes>
      <FormatDisclosure>
      </FormatDisclosure>
      <FormatDescription>This is an outline record only, and requires further details, research or authentication to provide information that will enable users to further understand the format and to assess digital preservation risks associated with it if appropriate. If you are able to help by supplying any additional information concerning this entry, please return to the main PRONOM page and select ‘Add an Entry’.</FormatDescription>
      <BinaryFileFormat>Text</BinaryFileFormat>
      <ByteOrders>
      </ByteOrders>
      <ReleaseDate>
      </ReleaseDate>
      <WithdrawnDate>
      </WithdrawnDate>
      <ProvenanceSourceID>149</ProvenanceSourceID>
      <ProvenanceName>National Library of Singapore / National Library Board Singapore</ProvenanceName>
      <ProvenanceSourceDate>08 Jan 2010</ProvenanceSourceDate>
      <ProvenanceDescription>
      </ProvenanceDescription>
      <LastUpdatedDate>19 Jan 2011</LastUpdatedDate>
      <FormatNote>
      </FormatNote>
      <FormatRisk>
      </FormatRisk>
      <TechnicalEnvironment>
      </TechnicalEnvironment>
      <FileFormatIdentifier>
        <Identifier>fmt/255</Identifier>
        <IdentifierType>PUID</IdentifierType>
      </FileFormatIdentifier>
      <FileFormatIdentifier>
        <Identifier>image/vnd.djvu</Identifier>
        <IdentifierType>MIME</IdentifierType>
      </FileFormatIdentifier>
      <FileFormatIdentifier>
        <Identifier>image/x-djvu</Identifier>
        <IdentifierType>MIME</IdentifierType>
      </FileFormatIdentifier>
      <Developers>
        <DeveloperID>151</DeveloperID>
        <DeveloperName>
        </DeveloperName>
        <OrganisationName>Caminova Corporation</OrganisationName>
        <DeveloperCompoundName>Caminova Corporation</DeveloperCompoundName>
      </Developers>
      <Support>
        <SupportID>151</SupportID>
        <SupportName>
        </SupportName>
        <OrganisationName>Caminova Corporation</OrganisationName>
        <SupportCompoundName>Caminova Corporation</SupportCompoundName>
      </Support>
      <ExternalSignature>
        <ExternalSignatureID>950</ExternalSignatureID>
        <Signature>djvu</Signature>
        <SignatureType>File extension</SignatureType>
      </ExternalSignature>
      <ExternalSignature>
        <ExternalSignatureID>1067</ExternalSignatureID>
        <Signature>djv</Signature>
        <SignatureType>File extension</SignatureType>
      </ExternalSignature>
      <InternalSignature>
        <SignatureID>411</SignatureID>
        <SignatureName>DjVu File Format</SignatureName>
        <SignatureNote>Header ASCII: AT&amp;T  followed by container Chunk FORM, then either DJVMDIRM or DJVUINFO as secondary identifiers to DjVu document type. This is a generic signature which will identify all DjVu files up to DjVu specifications v3. No distinction is made between single or multi page documents, or any internal image encoding.</SignatureNote>
        <ByteSequence>
          <ByteSequenceID>517</ByteSequenceID>
          <PositionType>Absolute from BOF</PositionType>
          <Offset>
          </Offset>
          <MaxOffset>
          </MaxOffset>
          <IndirectOffsetLocation>
          </IndirectOffsetLocation>
          <IndirectOffsetLength>
          </IndirectOffsetLength>
          <Endianness>
          </Endianness>
          <ByteSequenceValue>41542654464F524D{4}(444A564D4449524D|444A5655494E464F)</ByteSequenceValue>
        </ByteSequence>
      </InternalSignature>
    </FileFormat>
    <SearchCriteria>Criteria</SearchCriteria>
  </report_format_detail>
</PRONOM-Report>
