<?xml version="1.0" encoding="utf-8"?>
<PRONOM-Report xmlns="http://pronom.nationalarchives.gov.uk">
  <report_format_detail>
    <FileFormat>
      <FormatID>332</FormatID>
      <FormatName>Encapsulated PostScript File Format</FormatName>
      <FormatVersion>2.0</FormatVersion>
      <FormatAliases>EPS (2.0)</FormatAliases>
      <FormatFamilies>
      </FormatFamilies>
      <FormatTypes>Page Description</FormatTypes>
      <FormatDisclosure>Full</FormatDisclosure>
      <FormatDescription>Encapsulated Postscript (EPS) is a page description format, developed by Adobe Systems Incorporated. Version 2.0, the second version of the format, was developed in 1989. An EPS file comprises a header section followed by a PostScript document. An EPS can optionally include a preview raster image, in which case a binary header is prepended to the header.</FormatDescription>
      <BinaryFileFormat>Text</BinaryFileFormat>
      <ByteOrders>
      </ByteOrders>
      <ReleaseDate>16 Jan 1989</ReleaseDate>
      <WithdrawnDate>
      </WithdrawnDate>
      <ProvenanceSourceID>1</ProvenanceSourceID>
      <ProvenanceName>Digital Preservation Department / The National Archives</ProvenanceName>
      <ProvenanceSourceDate>02 Aug 2005</ProvenanceSourceDate>
      <ProvenanceDescription>
      </ProvenanceDescription>
      <LastUpdatedDate>02 Aug 2005</LastUpdatedDate>
      <FormatNote>
      </FormatNote>
      <FormatRisk>
      </FormatRisk>
      <TechnicalEnvironment>
      </TechnicalEnvironment>
      <FileFormatIdentifier>
        <Identifier>application/postscript</Identifier>
        <IdentifierType>MIME</IdentifierType>
      </FileFormatIdentifier>
      <FileFormatIdentifier>
        <Identifier>com.adobe.encapsulated-postscript</Identifier>
        <IdentifierType>Apple Uniform Type Identifier</IdentifierType>
      </FileFormatIdentifier>
      <FileFormatIdentifier>
        <Identifier>fmt/123</Identifier>
        <IdentifierType>PUID</IdentifierType>
      </FileFormatIdentifier>
      <Developers>
        <DeveloperID>7</DeveloperID>
        <DeveloperName>
        </DeveloperName>
        <OrganisationName>Adobe Systems Incorporated</OrganisationName>
        <DeveloperCompoundName>Adobe Systems Incorporated</DeveloperCompoundName>
      </Developers>
      <Document>
        <DocumentID>66</DocumentID>
        <DisplayText>Adobe Systems Incorporated, 1989, Encapsulated PostScript Files Specification: Version 2.0</DisplayText>
        <DocumentType>Authoritative</DocumentType>
        <AvailabilityDescription>Public</AvailabilityDescription>
        <AvailabilityNote>
        </AvailabilityNote>
        <PublicationDate>16 Jan 1989</PublicationDate>
        <TitleText>Encapsulated PostScript Files Specification: Version 2.0</TitleText>
        <DocumentIPR>
        </DocumentIPR>
        <DocumentNote>
        </DocumentNote>
        <Author>
          <AuthorID>7</AuthorID>
          <AuthorName>
          </AuthorName>
          <OrganisationName>Adobe Systems Incorporated</OrganisationName>
          <AuthorCompoundName>Adobe Systems Incorporated</AuthorCompoundName>
        </Author>
        <Publisher>
          <PublisherID>7</PublisherID>
          <PublisherName>
          </PublisherName>
          <OrganisationName>Adobe Systems Incorporated</OrganisationName>
          <PublisherCompoundName>Adobe Systems Incorporated</PublisherCompoundName>
        </Publisher>
      </Document>
      <ExternalSignature>
        <ExternalSignatureID>319</ExternalSignatureID>
        <Signature>eps</Signature>
        <SignatureType>File extension</SignatureType>
      </ExternalSignature>
      <ExternalSignature>
        <ExternalSignatureID>766</ExternalSignatureID>
        <Signature>epsf</Signature>
        <SignatureType>File extension</SignatureType>
      </ExternalSignature>
      <InternalSignature>
        <SignatureID>177</SignatureID>
        <SignatureName>EPS 2.0</SignatureName>
        <SignatureNote>Version comment</SignatureNote>
        <ByteSequence>
          <ByteSequenceID>210</ByteSequenceID>
          <PositionType>Absolute from BOF</PositionType>
          <Offset>0</Offset>
          <MaxOffset>
          </MaxOffset>
          <IndirectOffsetLocation>
          </IndirectOffsetLocation>
          <IndirectOffsetLength>
          </IndirectOffsetLength>
          <Endianness>
          </Endianness>
          <ByteSequenceValue>252150532D41646F62652D322E3020455053462D322E30(0D|0A|0D0A|0A0D)</ByteSequenceValue>
        </ByteSequence>
      </InternalSignature>
      <InternalSignature>
        <SignatureID>178</SignatureID>
        <SignatureName>EPS 2.0 Preview</SignatureName>
        <SignatureNote>Version comment</SignatureNote>
        <ByteSequence>
          <ByteSequenceID>211</ByteSequenceID>
          <PositionType>Absolute from BOF</PositionType>
          <Offset>0</Offset>
          <MaxOffset>
          </MaxOffset>
          <IndirectOffsetLocation>
          </IndirectOffsetLocation>
          <IndirectOffsetLength>
          </IndirectOffsetLength>
          <Endianness>
          </Endianness>
          <ByteSequenceValue>C5D0D3C6</ByteSequenceValue>
        </ByteSequence>
        <ByteSequence>
          <ByteSequenceID>213</ByteSequenceID>
          <PositionType>Variable</PositionType>
          <Offset>
          </Offset>
          <MaxOffset>
          </MaxOffset>
          <IndirectOffsetLocation>
          </IndirectOffsetLocation>
          <IndirectOffsetLength>
          </IndirectOffsetLength>
          <Endianness>
          </Endianness>
          <ByteSequenceValue>252150532D41646F62652D322E3020455053462D322E30(0D|0A|0D0A|0A0D)</ByteSequenceValue>
        </ByteSequence>
      </InternalSignature>
      <RelatedFormat>
        <RelationshipType>Has priority over</RelationshipType>
        <RelatedFormatID>138</RelatedFormatID>
        <RelatedFormatName>Postscript</RelatedFormatName>
        <RelatedFormatVersion>1.0</RelatedFormatVersion>
      </RelatedFormat>
      <RelatedFormat>
        <RelationshipType>Has priority over</RelationshipType>
        <RelatedFormatID>316</RelatedFormatID>
        <RelatedFormatName>Cascading Style Sheet</RelatedFormatName>
        <RelatedFormatVersion>
        </RelatedFormatVersion>
      </RelatedFormat>
      <RelatedFormat>
        <RelationshipType>Has priority over</RelationshipType>
        <RelatedFormatID>771</RelatedFormatID>
        <RelatedFormatName>PostScript</RelatedFormatName>
        <RelatedFormatVersion>2.0</RelatedFormatVersion>
      </RelatedFormat>
      <RelatedFormat>
        <RelationshipType>Has priority over</RelationshipType>
        <RelatedFormatID>772</RelatedFormatID>
        <RelatedFormatName>PostScript</RelatedFormatName>
        <RelatedFormatVersion>2.1</RelatedFormatVersion>
      </RelatedFormat>
      <RelatedFormat>
        <RelationshipType>Has priority over</RelationshipType>
        <RelatedFormatID>773</RelatedFormatID>
        <RelatedFormatName>PostScript</RelatedFormatName>
        <RelatedFormatVersion>3.0</RelatedFormatVersion>
      </RelatedFormat>
      <RelatedFormat>
        <RelationshipType>Has priority over</RelationshipType>
        <RelatedFormatID>1073</RelatedFormatID>
        <RelatedFormatName>EndNote Import File</RelatedFormatName>
        <RelatedFormatVersion>
        </RelatedFormatVersion>
      </RelatedFormat>
      <RelatedFormat>
        <RelationshipType>Is previous version of</RelationshipType>
        <RelatedFormatID>331</RelatedFormatID>
        <RelatedFormatName>Encapsulated PostScript File Format</RelatedFormatName>
        <RelatedFormatVersion>3</RelatedFormatVersion>
      </RelatedFormat>
      <RelatedFormat>
        <RelationshipType>Is subsequent version of</RelationshipType>
        <RelatedFormatID>86</RelatedFormatID>
        <RelatedFormatName>Encapsulated PostScript File Format</RelatedFormatName>
        <RelatedFormatVersion>1.2</RelatedFormatVersion>
      </RelatedFormat>
    </FileFormat>
    <SearchCriteria>Criteria</SearchCriteria>
  </report_format_detail>
</PRONOM-Report>
