<?xml version="1.0" encoding="utf-8"?>
<PRONOM-Report xmlns="http://pronom.nationalarchives.gov.uk">
  <report_format_detail>
    <FileFormat>
      <FormatID>1099</FormatID>
      <FormatName>Tagged Image File Format</FormatName>
      <FormatVersion>
      </FormatVersion>
      <FormatAliases>TIFF</FormatAliases>
      <FormatFamilies>
      </FormatFamilies>
      <FormatTypes>Image (Raster)</FormatTypes>
      <FormatDisclosure>Full</FormatDisclosure>
      <FormatDescription>The Tagged Image File Format (TIFF) is a raster image format originally developed by the Aldus Corporation, primarily for use in scanning and desktop publishing. When Adobe Systems Incorporated purchased Aldus in 1994, they acquired the rights to the TIFF format and have maintained it since then. TIFF files comprise three sections: an Image File Header (IFH), an Image File Directory (IFD), and the image data. TIFF files can contain multiple images (multi-page TIFF), and each image has a separate IFD. The IFH always appears at the beginning of the file, and is immediately followed by a pointer to the first IFD. The IFD contains metadata which describes the associated image, stored as a series of tags. The IFD also contains a pointer to the actual image data. TIFF supports colour depths from 1 bit to 24 bit (e.g. monochrome to true colour), and a wide range of compression types (RLE, LZW, CCITT Group 3 and Group 4, and JPEG), as well as uncompressed data.</FormatDescription>
      <BinaryFileFormat>
      </BinaryFileFormat>
      <ByteOrders>Little-endian (Intel) and Big-endian (Motorola)</ByteOrders>
      <ReleaseDate>01 Aug 1986</ReleaseDate>
      <WithdrawnDate>
      </WithdrawnDate>
      <ProvenanceSourceID>1</ProvenanceSourceID>
      <ProvenanceName>Digital Preservation Department / The National Archives</ProvenanceName>
      <ProvenanceSourceDate>07 Jul 2011</ProvenanceSourceDate>
      <ProvenanceDescription>PUID created for the TIFF format in response to the difficulties we have been having with multiple identification of the format and a consensus on a new interpretation of the standard from within The National Archives and outside with external stakeholders.</ProvenanceDescription>
      <LastUpdatedDate>07 Jul 2011</LastUpdatedDate>
      <FormatNote>
      </FormatNote>
      <FormatRisk>
      </FormatRisk>
      <TechnicalEnvironment>
      </TechnicalEnvironment>
      <FileFormatIdentifier>
        <Identifier>fmt/353</Identifier>
        <IdentifierType>PUID</IdentifierType>
      </FileFormatIdentifier>
      <FileFormatIdentifier>
        <Identifier>image/tiff</Identifier>
        <IdentifierType>MIME</IdentifierType>
      </FileFormatIdentifier>
      <FileFormatIdentifier>
        <Identifier>public.tiff</Identifier>
        <IdentifierType>Apple Uniform Type Identifier</IdentifierType>
      </FileFormatIdentifier>
      <Developers>
        <DeveloperID>82</DeveloperID>
        <DeveloperName>
        </DeveloperName>
        <OrganisationName>Aldus Corporation</OrganisationName>
        <DeveloperCompoundName>Aldus Corporation</DeveloperCompoundName>
      </Developers>
      <Document>
        <DocumentID>52</DocumentID>
        <DisplayText>Adobe Systems Incorporated, 1992, TIFF Revision 6.0</DisplayText>
        <DocumentType>Authoritative</DocumentType>
        <AvailabilityDescription>Public</AvailabilityDescription>
        <AvailabilityNote>
        </AvailabilityNote>
        <PublicationDate>03 Jun 1992</PublicationDate>
        <TitleText>TIFF Revision 6.0</TitleText>
        <DocumentIPR>
        </DocumentIPR>
        <DocumentNote>
        </DocumentNote>
        <DocumentIdentifier>
          <Identifier>partners.adobe.com/public/developer/en/tiff/TIFF6.pdf</Identifier>
          <IdentifierType>URL</IdentifierType>
        </DocumentIdentifier>
        <Author>
          <AuthorID>7</AuthorID>
          <AuthorName>
          </AuthorName>
          <OrganisationName>Adobe Systems Incorporated</OrganisationName>
          <AuthorCompoundName>Adobe Systems Incorporated</AuthorCompoundName>
        </Author>
        <Publisher>
          <PublisherID>7</PublisherID>
          <PublisherName>
          </PublisherName>
          <OrganisationName>Adobe Systems Incorporated</OrganisationName>
          <PublisherCompoundName>Adobe Systems Incorporated</PublisherCompoundName>
        </Publisher>
      </Document>
      <Document>
        <DocumentID>53</DocumentID>
        <DisplayText>Adobe Systems Incorporated, 1995, TIFF Technical Note #2 (draft)</DisplayText>
        <DocumentType>Authoritative</DocumentType>
        <AvailabilityDescription>Public</AvailabilityDescription>
        <AvailabilityNote>
        </AvailabilityNote>
        <PublicationDate>01 Jan 1995</PublicationDate>
        <TitleText>TIFF Technical Note #2 (draft)</TitleText>
        <DocumentIPR>
        </DocumentIPR>
        <DocumentNote>The implementation of JPEG compression described in Revision 6.0 is flawed: a revised design was issued as TIFF Technical Note #2, which should be followed instead.</DocumentNote>
        <DocumentIdentifier>
          <Identifier>www.remotesensing.org/libtiff/TIFFTechNote2.html</Identifier>
          <IdentifierType>URL</IdentifierType>
        </DocumentIdentifier>
        <Author>
          <AuthorID>7</AuthorID>
          <AuthorName>
          </AuthorName>
          <OrganisationName>Adobe Systems Incorporated</OrganisationName>
          <AuthorCompoundName>Adobe Systems Incorporated</AuthorCompoundName>
        </Author>
        <Publisher>
          <PublisherID>7</PublisherID>
          <PublisherName>
          </PublisherName>
          <OrganisationName>Adobe Systems Incorporated</OrganisationName>
          <PublisherCompoundName>Adobe Systems Incorporated</PublisherCompoundName>
        </Publisher>
      </Document>
      <Document>
        <DocumentID>54</DocumentID>
        <DisplayText>Adobe Systems Incorporated, 1995, Adobe PageMaker 6.0: TIFF Technical Notes</DisplayText>
        <DocumentType>Informative</DocumentType>
        <AvailabilityDescription>Public</AvailabilityDescription>
        <AvailabilityNote>
        </AvailabilityNote>
        <PublicationDate>01 Jan 1995</PublicationDate>
        <TitleText>Adobe PageMaker 6.0: TIFF Technical Notes</TitleText>
        <DocumentIPR>
        </DocumentIPR>
        <DocumentNote>
        </DocumentNote>
        <DocumentIdentifier>
          <Identifier>partners.adobe.com/public/developer/en/tiff/TIFFPM6.pdf</Identifier>
          <IdentifierType>URL</IdentifierType>
        </DocumentIdentifier>
        <Author>
          <AuthorID>7</AuthorID>
          <AuthorName>
          </AuthorName>
          <OrganisationName>Adobe Systems Incorporated</OrganisationName>
          <AuthorCompoundName>Adobe Systems Incorporated</AuthorCompoundName>
        </Author>
        <Publisher>
          <PublisherID>7</PublisherID>
          <PublisherName>
          </PublisherName>
          <OrganisationName>Adobe Systems Incorporated</OrganisationName>
          <PublisherCompoundName>Adobe Systems Incorporated</PublisherCompoundName>
        </Publisher>
      </Document>
      <Document>
        <DocumentID>55</DocumentID>
        <DisplayText>Adobe Systems Incorporated, 2002, Adobe Photoshop: TIFF Technical Notes</DisplayText>
        <DocumentType>Informative</DocumentType>
        <AvailabilityDescription>Public</AvailabilityDescription>
        <AvailabilityNote>
        </AvailabilityNote>
        <PublicationDate>01 Jan 2002</PublicationDate>
        <TitleText>Adobe Photoshop: TIFF Technical Notes</TitleText>
        <DocumentIPR>
        </DocumentIPR>
        <DocumentNote>
        </DocumentNote>
        <DocumentIdentifier>
          <Identifier>partners.adobe.com/public/developer/en/tiff/TIFFphotoshop.pdf</Identifier>
          <IdentifierType>URL</IdentifierType>
        </DocumentIdentifier>
        <Author>
          <AuthorID>7</AuthorID>
          <AuthorName>
          </AuthorName>
          <OrganisationName>Adobe Systems Incorporated</OrganisationName>
          <AuthorCompoundName>Adobe Systems Incorporated</AuthorCompoundName>
        </Author>
        <Publisher>
          <PublisherID>7</PublisherID>
          <PublisherName>
          </PublisherName>
          <OrganisationName>Adobe Systems Incorporated</OrganisationName>
          <PublisherCompoundName>Adobe Systems Incorporated</PublisherCompoundName>
        </Publisher>
      </Document>
      <ExternalSignature>
        <ExternalSignatureID>1120</ExternalSignatureID>
        <Signature>tif</Signature>
        <SignatureType>File extension</SignatureType>
      </ExternalSignature>
      <ExternalSignature>
        <ExternalSignatureID>1121</ExternalSignatureID>
        <Signature>tiff</Signature>
        <SignatureType>File extension</SignatureType>
      </ExternalSignature>
      <InternalSignature>
        <SignatureID>9</SignatureID>
        <SignatureName>TIFF generic (little-endian)</SignatureName>
        <SignatureNote>Header</SignatureNote>
        <ByteSequence>
          <ByteSequenceID>183</ByteSequenceID>
          <PositionType>Absolute from BOF</PositionType>
          <Offset>0</Offset>
          <MaxOffset>
          </MaxOffset>
          <IndirectOffsetLocation>
          </IndirectOffsetLocation>
          <IndirectOffsetLength>
          </IndirectOffsetLength>
          <Endianness>
          </Endianness>
          <ByteSequenceValue>49492A00</ByteSequenceValue>
        </ByteSequence>
      </InternalSignature>
      <InternalSignature>
        <SignatureID>10</SignatureID>
        <SignatureName>TIFF generic (big-endian)</SignatureName>
        <SignatureNote>Header</SignatureNote>
        <ByteSequence>
          <ByteSequenceID>184</ByteSequenceID>
          <PositionType>Absolute from BOF</PositionType>
          <Offset>0</Offset>
          <MaxOffset>
          </MaxOffset>
          <IndirectOffsetLocation>
          </IndirectOffsetLocation>
          <IndirectOffsetLength>
          </IndirectOffsetLength>
          <Endianness>
          </Endianness>
          <ByteSequenceValue>4D4D002A</ByteSequenceValue>
        </ByteSequence>
      </InternalSignature>
      <CompressionType>
        <CompressionID>11</CompressionID>
        <CompressionName>Baseline JPEG</CompressionName>
        <CompressionVersion>
        </CompressionVersion>
        <CompressionAliases>Discrete Cosine Transform, DCT, JPEG</CompressionAliases>
        <CompressionFamilies>
        </CompressionFamilies>
        <Description>The JPEG compression algorithm was developed in 1990 by the Joint Photographic Experts Group of ISO and CCITT, for the transmission of colour and greyscale images. It is a lossy technique which provides best compression rates with complex 24-bit (True Colour) images. It achieves its effect by discarding image data which is imperceptible to the human eye, using a technique called Discrete Cosine Transform (DCT). It then applies Huffman encoding to achieve further compression. The JPEG specification allows users to set the degree of compression, using an abstract Quality Setting. This provides a trade-off between compression rate and image quality. It is important to note that the Quality Setting is not an absolute value, with different JPEG encoders use different scales, and that even the maximum quality setting for baseline JPEG involves some loss. JPEG compression is most commonly used in the JPEG File Interchange Format (JFIF), SPIFF and TIFF.</Description>
        <Lossiness>Lossy</Lossiness>
        <ReleaseDate>01 Jan 1994</ReleaseDate>
        <WithdrawnDate>
        </WithdrawnDate>
        <CompressionDocumentation>ISO/IEC 10918-1: 1994, Information technology - Digital compression and coding of continuous-tone still images: Requirements and guidelines</CompressionDocumentation>
        <CompressionIPR>
        </CompressionIPR>
        <CompressionNote>
        </CompressionNote>
        <CompressionIdentifier>
          <Identifier>x-cmp/11</Identifier>
          <IdentifierType>PUID</IdentifierType>
        </CompressionIdentifier>
        <Developer>
          <DeveloperID>112</DeveloperID>
          <DeveloperName>
          </DeveloperName>
          <OrganisationName>International Standards Organisation</OrganisationName>
          <DeveloperCompoundName>International Standards Organisation</DeveloperCompoundName>
        </Developer>
      </CompressionType>
      <CompressionType>
        <CompressionID>12</CompressionID>
        <CompressionName>Lempel-Ziv-Welch</CompressionName>
        <CompressionVersion>
        </CompressionVersion>
        <CompressionAliases>LZW</CompressionAliases>
        <CompressionFamilies>
        </CompressionFamilies>
        <Description>The Lempel-Ziv-Welch compression algorithm was developed by Terry Welch in 1984, as a modification of the LZ78 compressor. It is a lossless technique which can be applied to almost any type of data, but is most commonly used for image compression. LZW compression is effective on images with colour depths from 1-bit (monochrome) to 24-bit (True Colour). LZW compression is encountered in a range of common graphics file formats, including TIFF and GIF.</Description>
        <Lossiness>Lossless</Lossiness>
        <ReleaseDate>01 Jan 1984</ReleaseDate>
        <WithdrawnDate>
        </WithdrawnDate>
        <CompressionDocumentation>Welch, T A, 1984, A technique for high performance data compression, IEEE Computer, 17: 6</CompressionDocumentation>
        <CompressionIPR>
        </CompressionIPR>
        <CompressionNote>
        </CompressionNote>
        <CompressionIdentifier>
          <Identifier>x-cmp/12</Identifier>
          <IdentifierType>PUID</IdentifierType>
        </CompressionIdentifier>
        <Developer>
          <DeveloperID>121</DeveloperID>
          <DeveloperName>T A Welch</DeveloperName>
          <OrganisationName>
          </OrganisationName>
          <DeveloperCompoundName>T A Welch / [No organisation specified]</DeveloperCompoundName>
        </Developer>
      </CompressionType>
      <CompressionType>
        <CompressionID>13</CompressionID>
        <CompressionName>Run Length Encoding</CompressionName>
        <CompressionVersion>
        </CompressionVersion>
        <CompressionAliases>RLE</CompressionAliases>
        <CompressionFamilies>
        </CompressionFamilies>
        <Description>Run length encoding (RLE) is perhaps the simplest image compression technique in common use. RLE algorithms are lossless, and work by searching for runs of bits, bytes, or pixels of the same value, and encoding the length and value of the run. As such, RLE achieves best results with images containing large areas of contiguous colour, and especially monochrome images. Complex colour images, such as photographs, do not compress well – in some cases, RLE can actually increase the file size. There are a number of RLE variants in common use, which are encountered in the TIFF, PCX and BMP graphics formats.</Description>
        <Lossiness>Lossless</Lossiness>
        <ReleaseDate>
        </ReleaseDate>
        <WithdrawnDate>
        </WithdrawnDate>
        <CompressionDocumentation>
        </CompressionDocumentation>
        <CompressionIPR>
        </CompressionIPR>
        <CompressionNote>
        </CompressionNote>
        <CompressionIdentifier>
          <Identifier>x-cmp/13</Identifier>
          <IdentifierType>PUID</IdentifierType>
        </CompressionIdentifier>
      </CompressionType>
      <CompressionType>
        <CompressionID>14</CompressionID>
        <CompressionName>CCITT T.4</CompressionName>
        <CompressionVersion>
        </CompressionVersion>
        <CompressionAliases>CCITT Group 3</CompressionAliases>
        <CompressionFamilies>
        </CompressionFamilies>
        <Description>Officially known as CCITT T.4, Group 3 is a compression algorithm developed by the International Telegraph and Telephone Consultative Committee in 1985 for encoding and compressing 1-bit (monochrome) image data. Its primary use has been in fax transmission, and it is optimised for scanned printed or handwritten documents. Group 3 is a lossless algorithm, of which two forms exist: one-dimensional (which is a modified version of Huffman encoding) and two-dimensional, which offers superior compression rates. Due to its origin as a data transmission protocol, Group 3 encoding incorporates error detection codes. Group 3 compression is most commonly used in the TIFF file format.</Description>
        <Lossiness>Lossless</Lossiness>
        <ReleaseDate>01 Jan 1985</ReleaseDate>
        <WithdrawnDate>
        </WithdrawnDate>
        <CompressionDocumentation>CCITT Blue Book, 1989, Volume VII, Fascicle VII.3: Terminal equipment and protocols for telematic services, recommendations T.0 - T.63</CompressionDocumentation>
        <CompressionIPR>
        </CompressionIPR>
        <CompressionNote>
        </CompressionNote>
        <CompressionIdentifier>
          <Identifier>x-cmp/14</Identifier>
          <IdentifierType>PUID</IdentifierType>
        </CompressionIdentifier>
        <Developer>
          <DeveloperID>124</DeveloperID>
          <DeveloperName>
          </DeveloperName>
          <OrganisationName>International Telecommunication Union</OrganisationName>
          <DeveloperCompoundName>International Telecommunication Union</DeveloperCompoundName>
        </Developer>
      </CompressionType>
      <CompressionType>
        <CompressionID>15</CompressionID>
        <CompressionName>CCITT T.6</CompressionName>
        <CompressionVersion>
        </CompressionVersion>
        <CompressionAliases>CCITT Group 4</CompressionAliases>
        <CompressionFamilies>
        </CompressionFamilies>
        <Description>Officially known as CCITT T.6, Group 4 is a compression algorithm developed by the International Telegraph and Telephone Consultative Committee as a development of the two-dimensional Group 3 standard for encoding and compressing 1-bit (monochrome) image data. It is faster, and offers compression rates which are typically double those of Group 3. Like Group 3, it is lossless and designed for 1-bit images. However, being designed as a storage rather than transmission format, it does not incorporate the error detection and correction functions of Group 3 compression. Group 4 compression is most commonly used in the TIFF file format.</Description>
        <Lossiness>Lossless</Lossiness>
        <ReleaseDate>01 Jan 1989</ReleaseDate>
        <WithdrawnDate>
        </WithdrawnDate>
        <CompressionDocumentation>CCITT Blue Book, 1989, Volume VII, Fascicle VII.3: Terminal equipment and protocols for telematic services, recommendations T.0 - T.63</CompressionDocumentation>
        <CompressionIPR>
        </CompressionIPR>
        <CompressionNote>
        </CompressionNote>
        <CompressionIdentifier>
          <Identifier>x-cmp/15</Identifier>
          <IdentifierType>PUID</IdentifierType>
        </CompressionIdentifier>
        <Developer>
          <DeveloperID>124</DeveloperID>
          <DeveloperName>
          </DeveloperName>
          <OrganisationName>International Telecommunication Union</OrganisationName>
          <DeveloperCompoundName>International Telecommunication Union</DeveloperCompoundName>
        </Developer>
      </CompressionType>
      <FormatProperties>
        <FormatProperty>
          <PropertyName>Bits Per Sample</PropertyName>
          <PropertyDescription>
          </PropertyDescription>
          <PropertyType>Instance</PropertyType>
          <PropertyRiskScore>
          </PropertyRiskScore>
          <PropertyHighRisk>
          </PropertyHighRisk>
          <PropertyValueDescription>
          </PropertyValueDescription>
          <PropertyRisks />
        </FormatProperty>
        <FormatProperty>
          <PropertyName>Samples Per Pixel</PropertyName>
          <PropertyDescription>
          </PropertyDescription>
          <PropertyType>Instance</PropertyType>
          <PropertyRiskScore>
          </PropertyRiskScore>
          <PropertyHighRisk>
          </PropertyHighRisk>
          <PropertyValueDescription>
          </PropertyValueDescription>
          <PropertyRisks />
        </FormatProperty>
        <FormatProperty>
          <PropertyName>Byte Order</PropertyName>
          <PropertyDescription>
          </PropertyDescription>
          <PropertyType>Instance</PropertyType>
          <PropertyRiskScore>
          </PropertyRiskScore>
          <PropertyHighRisk>
          </PropertyHighRisk>
          <PropertyValueDescription>
          </PropertyValueDescription>
          <PropertyRisks />
        </FormatProperty>
        <FormatProperty>
          <PropertyName>Colour Space</PropertyName>
          <PropertyDescription>
          </PropertyDescription>
          <PropertyType>Instance</PropertyType>
          <PropertyRiskScore>
          </PropertyRiskScore>
          <PropertyHighRisk>
          </PropertyHighRisk>
          <PropertyValueDescription>
          </PropertyValueDescription>
          <PropertyRisks />
        </FormatProperty>
        <FormatProperty>
          <PropertyName>Compression Type</PropertyName>
          <PropertyDescription>
          </PropertyDescription>
          <PropertyType>Instance</PropertyType>
          <PropertyRiskScore>
          </PropertyRiskScore>
          <PropertyHighRisk>
          </PropertyHighRisk>
          <PropertyValueDescription>
          </PropertyValueDescription>
          <PropertyRisks />
        </FormatProperty>
        <FormatProperty>
          <PropertyName>Compression Level</PropertyName>
          <PropertyDescription>
          </PropertyDescription>
          <PropertyType>Instance</PropertyType>
          <PropertyRiskScore>
          </PropertyRiskScore>
          <PropertyHighRisk>
          </PropertyHighRisk>
          <PropertyValueDescription>
          </PropertyValueDescription>
          <PropertyRisks />
        </FormatProperty>
        <FormatProperty>
          <PropertyName>Image Width</PropertyName>
          <PropertyDescription>
          </PropertyDescription>
          <PropertyType>Instance</PropertyType>
          <PropertyRiskScore>
          </PropertyRiskScore>
          <PropertyHighRisk>
          </PropertyHighRisk>
          <PropertyValueDescription>
          </PropertyValueDescription>
          <PropertyRisks />
        </FormatProperty>
        <FormatProperty>
          <PropertyName>Image Height</PropertyName>
          <PropertyDescription>
          </PropertyDescription>
          <PropertyType>Instance</PropertyType>
          <PropertyRiskScore>
          </PropertyRiskScore>
          <PropertyHighRisk>
          </PropertyHighRisk>
          <PropertyValueDescription>
          </PropertyValueDescription>
          <PropertyRisks />
        </FormatProperty>
        <FormatProperty>
          <PropertyName>Sampling Frequency Unit</PropertyName>
          <PropertyDescription>
          </PropertyDescription>
          <PropertyType>Instance</PropertyType>
          <PropertyRiskScore>
          </PropertyRiskScore>
          <PropertyHighRisk>
          </PropertyHighRisk>
          <PropertyValueDescription>
          </PropertyValueDescription>
          <PropertyRisks />
        </FormatProperty>
        <FormatProperty>
          <PropertyName>X Sampling Frequency</PropertyName>
          <PropertyDescription>
          </PropertyDescription>
          <PropertyType>Instance</PropertyType>
          <PropertyRiskScore>
          </PropertyRiskScore>
          <PropertyHighRisk>
          </PropertyHighRisk>
          <PropertyValueDescription>
          </PropertyValueDescription>
          <PropertyRisks />
        </FormatProperty>
        <FormatProperty>
          <PropertyName>Y Sampling Frequency</PropertyName>
          <PropertyDescription>
          </PropertyDescription>
          <PropertyType>Instance</PropertyType>
          <PropertyRiskScore>
          </PropertyRiskScore>
          <PropertyHighRisk>
          </PropertyHighRisk>
          <PropertyValueDescription>
          </PropertyValueDescription>
          <PropertyRisks />
        </FormatProperty>
      </FormatProperties>
    </FileFormat>
    <SearchCriteria>Criteria</SearchCriteria>
  </report_format_detail>
</PRONOM-Report>
