<?xml version="1.0" encoding="utf-8"?>
<PRONOM-Report xmlns="http://pronom.nationalarchives.gov.uk">
  <report_format_detail>
    <FileFormat>
      <FormatID>194</FormatID>
      <FormatName>Audio Interchange File Format</FormatName>
      <FormatVersion>
      </FormatVersion>
      <FormatAliases>
      </FormatAliases>
      <FormatFamilies>
      </FormatFamilies>
      <FormatTypes>Audio</FormatTypes>
      <FormatDisclosure>
      </FormatDisclosure>
      <FormatDescription>The Audio Interchange File Format (Audio IFF) was developed by Apple Computer, Inc., and provides a standard for storing sampled sounds. The format allows for the storage of monaural or multichannel sampled sounds at a variety of sample rates and sample widths.  Audio IFF was designed to serve primarily as an interchange format. Audio IFF conforms to the "EA IFF 85" Standard for Interchange Format Files developed by Electronic Arts. The audio data in a standard AIFF file is uncompressed pulse-code modulation (PCM). There is also a compressed variant of AIFF known as AIFF-C or AIFC, with various defined compression codecs.
File specifications available at http://www-mmsp.ece.mcgill.ca/documents/audioformats/aiff/Docs/AIFF-1.3.pdf</FormatDescription>
      <BinaryFileFormat>Text</BinaryFileFormat>
      <ByteOrders>
      </ByteOrders>
      <ReleaseDate>04 Jan 1989</ReleaseDate>
      <WithdrawnDate>
      </WithdrawnDate>
      <ProvenanceSourceID>1</ProvenanceSourceID>
      <ProvenanceName>Digital Preservation Department / The National Archives</ProvenanceName>
      <ProvenanceSourceDate>02 Aug 2005</ProvenanceSourceDate>
      <ProvenanceDescription>File format information supplied by NARA Information Services/Applied Research Division, The National Archives and Records Administration.</ProvenanceDescription>
      <LastUpdatedDate>29 Nov 2011</LastUpdatedDate>
      <FormatNote>
      </FormatNote>
      <FormatRisk>
      </FormatRisk>
      <TechnicalEnvironment>
      </TechnicalEnvironment>
      <FileFormatIdentifier>
        <Identifier>audio/x-aiff</Identifier>
        <IdentifierType>MIME</IdentifierType>
      </FileFormatIdentifier>
      <FileFormatIdentifier>
        <Identifier>x-fmt/135</Identifier>
        <IdentifierType>PUID</IdentifierType>
      </FileFormatIdentifier>
      <Developers>
        <DeveloperID>15</DeveloperID>
        <DeveloperName>
        </DeveloperName>
        <OrganisationName>Apple Computer, Inc.</OrganisationName>
        <DeveloperCompoundName>Apple Computer, Inc.</DeveloperCompoundName>
      </Developers>
      <ExternalSignature>
        <ExternalSignatureID>188</ExternalSignatureID>
        <Signature>aif</Signature>
        <SignatureType>File extension</SignatureType>
      </ExternalSignature>
      <ExternalSignature>
        <ExternalSignatureID>190</ExternalSignatureID>
        <Signature>aiff</Signature>
        <SignatureType>File extension</SignatureType>
      </ExternalSignature>
      <InternalSignature>
        <SignatureID>320</SignatureID>
        <SignatureName>Audio Interchange File Format</SignatureName>
        <SignatureNote>Starts like most IFF files (FORM) followed by four bytes that tell how many more bytes follow in the file followed by AIFF.</SignatureNote>
        <ByteSequence>
          <ByteSequenceID>420</ByteSequenceID>
          <PositionType>Absolute from BOF</PositionType>
          <Offset>0</Offset>
          <MaxOffset>
          </MaxOffset>
          <IndirectOffsetLocation>
          </IndirectOffsetLocation>
          <IndirectOffsetLength>
          </IndirectOffsetLength>
          <Endianness>Big-endian</Endianness>
          <ByteSequenceValue>464F524D{4}41494646</ByteSequenceValue>
        </ByteSequence>
      </InternalSignature>
      <RelatedFormat>
        <RelationshipType>Has priority over</RelationshipType>
        <RelatedFormatID>221</RelatedFormatID>
        <RelatedFormatName>Interchange File</RelatedFormatName>
        <RelatedFormatVersion>
        </RelatedFormatVersion>
      </RelatedFormat>
      <FormatProperties>
        <FormatProperty>
          <PropertyName>Compression Type</PropertyName>
          <PropertyDescription>
          </PropertyDescription>
          <PropertyType>Instance</PropertyType>
          <PropertyRiskScore>
          </PropertyRiskScore>
          <PropertyHighRisk>
          </PropertyHighRisk>
          <PropertyValueDescription>
          </PropertyValueDescription>
          <PropertyRisks />
        </FormatProperty>
        <FormatProperty>
          <PropertyName>Number Of Channels</PropertyName>
          <PropertyDescription>
          </PropertyDescription>
          <PropertyType>Instance</PropertyType>
          <PropertyRiskScore>
          </PropertyRiskScore>
          <PropertyHighRisk>
          </PropertyHighRisk>
          <PropertyValueDescription>
          </PropertyValueDescription>
          <PropertyRisks />
        </FormatProperty>
        <FormatProperty>
          <PropertyName>Sampling Frequency</PropertyName>
          <PropertyDescription>
          </PropertyDescription>
          <PropertyType>Instance</PropertyType>
          <PropertyRiskScore>
          </PropertyRiskScore>
          <PropertyHighRisk>
          </PropertyHighRisk>
          <PropertyValueDescription>
          </PropertyValueDescription>
          <PropertyRisks />
        </FormatProperty>
        <FormatProperty>
          <PropertyName>Byte Order</PropertyName>
          <PropertyDescription>
          </PropertyDescription>
          <PropertyType>Instance</PropertyType>
          <PropertyRiskScore>
          </PropertyRiskScore>
          <PropertyHighRisk>
          </PropertyHighRisk>
          <PropertyValueDescription>
          </PropertyValueDescription>
          <PropertyRisks />
        </FormatProperty>
      </FormatProperties>
    </FileFormat>
    <SearchCriteria>Criteria</SearchCriteria>
  </report_format_detail>
</PRONOM-Report>
