<?xml version="1.0" encoding="utf-8"?>
<PRONOM-Report xmlns="http://pronom.nationalarchives.gov.uk">
  <report_format_detail>
    <FileFormat>
      <FormatID>612</FormatID>
      <FormatName>Tagged Image File Format</FormatName>
      <FormatVersion>6</FormatVersion>
      <FormatAliases>
      </FormatAliases>
      <FormatFamilies>
      </FormatFamilies>
      <FormatTypes>
      </FormatTypes>
      <FormatDisclosure>Full</FormatDisclosure>
      <FormatDescription>PUID deprecated. Please see fmt/353 for information on Tagged Image File Format.</FormatDescription>
      <BinaryFileFormat>Binary</BinaryFileFormat>
      <ByteOrders>
      </ByteOrders>
      <ReleaseDate>
      </ReleaseDate>
      <WithdrawnDate>
      </WithdrawnDate>
      <ProvenanceSourceID>1</ProvenanceSourceID>
      <ProvenanceName>Digital Preservation Department / The National Archives</ProvenanceName>
      <ProvenanceSourceDate>11 Mar 2005</ProvenanceSourceDate>
      <ProvenanceDescription>
      </ProvenanceDescription>
      <LastUpdatedDate>07 Jul 2011</LastUpdatedDate>
      <FormatNote>
      </FormatNote>
      <FormatRisk>
      </FormatRisk>
      <TechnicalEnvironment>
      </TechnicalEnvironment>
      <FileFormatIdentifier>
        <Identifier>fmt/10</Identifier>
        <IdentifierType>PUID</IdentifierType>
      </FileFormatIdentifier>
      <RelatedFormat>
        <RelationshipType>Has lower priority than</RelationshipType>
        <RelatedFormatID>672</RelatedFormatID>
        <RelatedFormatName>Exchangeable Image File Format (Uncompressed)</RelatedFormatName>
        <RelatedFormatVersion>2.2</RelatedFormatVersion>
      </RelatedFormat>
      <RelatedFormat>
        <RelationshipType>Has lower priority than</RelationshipType>
        <RelatedFormatID>673</RelatedFormatID>
        <RelatedFormatName>Exchangeable Image File Format (Uncompressed)</RelatedFormatName>
        <RelatedFormatVersion>2.1</RelatedFormatVersion>
      </RelatedFormat>
      <RelatedFormat>
        <RelationshipType>Has lower priority than</RelationshipType>
        <RelatedFormatID>752</RelatedFormatID>
        <RelatedFormatName>Exchangeable Image File Format (Uncompressed)</RelatedFormatName>
        <RelatedFormatVersion>2.0</RelatedFormatVersion>
      </RelatedFormat>
      <RelatedFormat>
        <RelationshipType>Is supertype of</RelationshipType>
        <RelatedFormatID>795</RelatedFormatID>
        <RelatedFormatName>Digital Negative Format (DNG)</RelatedFormatName>
        <RelatedFormatVersion>1.1</RelatedFormatVersion>
      </RelatedFormat>
      <RelatedFormat>
        <RelationshipType>Is supertype of</RelationshipType>
        <RelatedFormatID>796</RelatedFormatID>
        <RelatedFormatName>Tagged Image File Format for Image Technology (TIFF/IT)</RelatedFormatName>
        <RelatedFormatVersion>
        </RelatedFormatVersion>
      </RelatedFormat>
      <RelatedFormat>
        <RelationshipType>Is supertype of</RelationshipType>
        <RelatedFormatID>797</RelatedFormatID>
        <RelatedFormatName>Tagged Image File Format for Electronic Still Picture Imaging (TIFF/EP)</RelatedFormatName>
        <RelatedFormatVersion>
        </RelatedFormatVersion>
      </RelatedFormat>
      <RelatedFormat>
        <RelationshipType>Is supertype of</RelationshipType>
        <RelatedFormatID>799</RelatedFormatID>
        <RelatedFormatName>Tagged Image File Format for Internet Fax (TIFF-FX)</RelatedFormatName>
        <RelatedFormatVersion>
        </RelatedFormatVersion>
      </RelatedFormat>
    </FileFormat>
    <SearchCriteria>Criteria</SearchCriteria>
  </report_format_detail>
</PRONOM-Report>
