<?xml version="1.0" encoding="utf-8"?>
<PRONOM-Report xmlns="http://pronom.nationalarchives.gov.uk">
  <report_format_detail>
    <FileFormat>
      <FormatID>403</FormatID>
      <FormatName>dBASE Database</FormatName>
      <FormatVersion>III+</FormatVersion>
      <FormatAliases>
      </FormatAliases>
      <FormatFamilies>
      </FormatFamilies>
      <FormatTypes>Database</FormatTypes>
      <FormatDisclosure>
      </FormatDisclosure>
      <FormatDescription>dBase is a database management systems for microcomputers.The dBase system includes the core database engine, a query system, a forms engine, and a programming language that ties all of these components together. dBase's underlying file format, the .dbf file, is widely used in applications needing a simple format to store structured data.</FormatDescription>
      <BinaryFileFormat>Text</BinaryFileFormat>
      <ByteOrders>Little-endian (Intel)</ByteOrders>
      <ReleaseDate>
      </ReleaseDate>
      <WithdrawnDate>
      </WithdrawnDate>
      <ProvenanceSourceID>1</ProvenanceSourceID>
      <ProvenanceName>Digital Preservation Department / The National Archives</ProvenanceName>
      <ProvenanceSourceDate>10 Oct 2003</ProvenanceSourceDate>
      <ProvenanceDescription>
      </ProvenanceDescription>
      <LastUpdatedDate>09 May 2023</LastUpdatedDate>
      <FormatNote>
      </FormatNote>
      <FormatRisk>
      </FormatRisk>
      <TechnicalEnvironment>
      </TechnicalEnvironment>
      <FileFormatIdentifier>
        <Identifier>x-fmt/271</Identifier>
        <IdentifierType>PUID</IdentifierType>
      </FileFormatIdentifier>
      <Developers>
        <DeveloperID>80</DeveloperID>
        <DeveloperName>
        </DeveloperName>
        <OrganisationName>dBASE Inc.</OrganisationName>
        <DeveloperCompoundName>dBASE Inc.</DeveloperCompoundName>
      </Developers>
      <Support>
        <SupportID>80</SupportID>
        <SupportName>
        </SupportName>
        <OrganisationName>dBASE Inc.</OrganisationName>
        <SupportCompoundName>dBASE Inc.</SupportCompoundName>
      </Support>
      <ExternalSignature>
        <ExternalSignatureID>390</ExternalSignatureID>
        <Signature>dbf</Signature>
        <SignatureType>File extension</SignatureType>
      </ExternalSignature>
      <InternalSignature>
        <SignatureID>385</SignatureID>
        <SignatureName>dBase Table with dbt Version III+</SignatureName>
        <SignatureNote>dbt Flag(Bit 7 of first byte), Version number(bits 0-2 of first byte), Date of last update MMDD, First upper or lowercase character of field name, field type (C, D, L, M, N). Memo fields in the dbf and a flag indicating the existence of a database text (.dbt) file were already a part of the dbase III dbf file format.</SignatureNote>
        <ByteSequence>
          <ByteSequenceID>491</ByteSequenceID>
          <PositionType>Absolute from BOF</PositionType>
          <Offset>0</Offset>
          <MaxOffset>
          </MaxOffset>
          <IndirectOffsetLocation>
          </IndirectOffsetLocation>
          <IndirectOffsetLength>
          </IndirectOffsetLength>
          <Endianness>
          </Endianness>
          <ByteSequenceValue>83??[01:0C][01:1F]{28}([41:5A]|[61:7A]){10}(43|44|4C|4D|4E)</ByteSequenceValue>
        </ByteSequence>
      </InternalSignature>
    </FileFormat>
    <SearchCriteria>Criteria</SearchCriteria>
  </report_format_detail>
</PRONOM-Report>
