<?xml version="1.0" encoding="utf-8"?>
<PRONOM-Report xmlns="http://pronom.nationalarchives.gov.uk">
  <report_format_detail>
    <FileFormat>
      <FormatID>228</FormatID>
      <FormatName>MacPaint Image</FormatName>
      <FormatVersion>1</FormatVersion>
      <FormatAliases>
      </FormatAliases>
      <FormatFamilies>
      </FormatFamilies>
      <FormatTypes>Image (Raster)</FormatTypes>
      <FormatDisclosure>
      </FormatDisclosure>
      <FormatDescription>MacPaint is the native format for the MacPaint application. Files of this type may lack an extension.</FormatDescription>
      <BinaryFileFormat>Text</BinaryFileFormat>
      <ByteOrders>
      </ByteOrders>
      <ReleaseDate>
      </ReleaseDate>
      <WithdrawnDate>
      </WithdrawnDate>
      <ProvenanceSourceID>220</ProvenanceSourceID>
      <ProvenanceName>The Church of Jesus Christ of Latter-Day Saints / The Church of Jesus Christ of Latter-Day Saints</ProvenanceName>
      <ProvenanceSourceDate>02 Aug 2005</ProvenanceSourceDate>
      <ProvenanceDescription>
      </ProvenanceDescription>
      <LastUpdatedDate>28 Sep 2020</LastUpdatedDate>
      <FormatNote>
      </FormatNote>
      <FormatRisk>
      </FormatRisk>
      <TechnicalEnvironment>
      </TechnicalEnvironment>
      <FileFormatIdentifier>
        <Identifier>com.apple.macpaint-image</Identifier>
        <IdentifierType>Apple Uniform Type Identifier</IdentifierType>
      </FileFormatIdentifier>
      <FileFormatIdentifier>
        <Identifier>x-fmt/161</Identifier>
        <IdentifierType>PUID</IdentifierType>
      </FileFormatIdentifier>
      <Developers>
        <DeveloperID>15</DeveloperID>
        <DeveloperName>
        </DeveloperName>
        <OrganisationName>Apple Computer, Inc.</OrganisationName>
        <DeveloperCompoundName>Apple Computer, Inc.</DeveloperCompoundName>
      </Developers>
      <Support>
        <SupportID>15</SupportID>
        <SupportName>
        </SupportName>
        <OrganisationName>Apple Computer, Inc.</OrganisationName>
        <SupportCompoundName>Apple Computer, Inc.</SupportCompoundName>
      </Support>
      <ExternalSignature>
        <ExternalSignatureID>222</ExternalSignatureID>
        <Signature>mac</Signature>
        <SignatureType>File extension</SignatureType>
      </ExternalSignature>
      <InternalSignature>
        <SignatureID>1797</SignatureID>
        <SignatureName>MacPaint 1</SignatureName>
        <SignatureNote>BOF: 0x00000002FFFFFFFF</SignatureNote>
        <ByteSequence>
          <ByteSequenceID>2089</ByteSequenceID>
          <PositionType>Absolute from BOF</PositionType>
          <Offset>0</Offset>
          <MaxOffset>0</MaxOffset>
          <IndirectOffsetLocation>
          </IndirectOffsetLocation>
          <IndirectOffsetLength>
          </IndirectOffsetLength>
          <Endianness>
          </Endianness>
          <ByteSequenceValue>00000002FFFFFFFF</ByteSequenceValue>
        </ByteSequence>
      </InternalSignature>
    </FileFormat>
    <SearchCriteria>Criteria</SearchCriteria>
  </report_format_detail>
</PRONOM-Report>
