<?xml version="1.0" encoding="utf-8"?>
<PRONOM-Report xmlns="http://pronom.nationalarchives.gov.uk">
  <report_format_detail>
    <FileFormat>
      <FormatID>154</FormatID>
      <FormatName>Microsoft Symbolic Link (SYLK) File</FormatName>
      <FormatVersion>
      </FormatVersion>
      <FormatAliases>
      </FormatAliases>
      <FormatFamilies>
      </FormatFamilies>
      <FormatTypes>
      </FormatTypes>
      <FormatDisclosure>
      </FormatDisclosure>
      <FormatDescription>The SYLK (SYmbolic LinK) file format is a ASCII format used to exchange information between versions of Multiplan and spreadsheets such as Excel.</FormatDescription>
      <BinaryFileFormat>Text</BinaryFileFormat>
      <ByteOrders>
      </ByteOrders>
      <ReleaseDate>
      </ReleaseDate>
      <WithdrawnDate>
      </WithdrawnDate>
      <ProvenanceSourceID>1</ProvenanceSourceID>
      <ProvenanceName>Digital Preservation Department / The National Archives</ProvenanceName>
      <ProvenanceSourceDate>02 Aug 2005</ProvenanceSourceDate>
      <ProvenanceDescription>11/2023 (v.115)- description updated, internal signature max offset values changed from null to 0 and EOF signature modified to accommodate for different operating systems. Submitted by Brigham Young University as part of PRONOM Research Week.</ProvenanceDescription>
      <LastUpdatedDate>14 Nov 2023</LastUpdatedDate>
      <FormatNote>http://fileformats.archiveteam.org/wiki/SYLK
http://netghost.narod.ru/gff/graphics/summary/micsylk.htm</FormatNote>
      <FormatRisk>
      </FormatRisk>
      <TechnicalEnvironment>
      </TechnicalEnvironment>
      <FileFormatIdentifier>
        <Identifier>x-fmt/106</Identifier>
        <IdentifierType>PUID</IdentifierType>
      </FileFormatIdentifier>
      <ExternalSignature>
        <ExternalSignatureID>148</ExternalSignatureID>
        <Signature>slk</Signature>
        <SignatureType>File extension</SignatureType>
      </ExternalSignature>
      <InternalSignature>
        <SignatureID>603</SignatureID>
        <SignatureName>Microsoft Symbolic Link (SYLK) File</SignatureName>
        <SignatureNote>First Record type descriptor is ID;P&lt;name&gt;;  Last record is E</SignatureNote>
        <ByteSequence>
          <ByteSequenceID>746</ByteSequenceID>
          <PositionType>Absolute from BOF</PositionType>
          <Offset>0</Offset>
          <MaxOffset>0</MaxOffset>
          <IndirectOffsetLocation>
          </IndirectOffsetLocation>
          <IndirectOffsetLength>
          </IndirectOffsetLength>
          <Endianness>
          </Endianness>
          <ByteSequenceValue>49443B50</ByteSequenceValue>
        </ByteSequence>
        <ByteSequence>
          <ByteSequenceID>747</ByteSequenceID>
          <PositionType>Absolute from EOF</PositionType>
          <Offset>0</Offset>
          <MaxOffset>0</MaxOffset>
          <IndirectOffsetLocation>
          </IndirectOffsetLocation>
          <IndirectOffsetLength>
          </IndirectOffsetLength>
          <Endianness>
          </Endianness>
          <ByteSequenceValue>(0D|0D0A|0A)45(0D|0D0A|0A)</ByteSequenceValue>
        </ByteSequence>
      </InternalSignature>
    </FileFormat>
    <SearchCriteria>Criteria</SearchCriteria>
  </report_format_detail>
</PRONOM-Report>
