<?xml version="1.0" encoding="utf-8"?>
<PRONOM-Report xmlns="http://pronom.nationalarchives.gov.uk">
  <report_format_detail>
    <FileFormat>
      <FormatID>186</FormatID>
      <FormatName>Microsoft Excel Workspace File</FormatName>
      <FormatVersion>
      </FormatVersion>
      <FormatAliases>
      </FormatAliases>
      <FormatFamilies>
      </FormatFamilies>
      <FormatTypes>Spreadsheet</FormatTypes>
      <FormatDisclosure>
      </FormatDisclosure>
      <FormatDescription>An XLW file is a workspace file created by Microsoft Excel. It contains the screen locations of one or more workbooks. XLW files are used to restore the layout when working simultaneously on multiple workbooks, and as such do not contain any actual spreadsheet data; their only function is to store the physical layout of workbook files. They were created when the user selected View&gt; Save Workspace in earlier versions of Excel. Versions of Excel 2013 onwards don’t generate Workspace files, but you can MLlw files from Excel 2010 and before.</FormatDescription>
      <BinaryFileFormat>Text</BinaryFileFormat>
      <ByteOrders>
      </ByteOrders>
      <ReleaseDate>
      </ReleaseDate>
      <WithdrawnDate>
      </WithdrawnDate>
      <ProvenanceSourceID>1</ProvenanceSourceID>
      <ProvenanceName>Digital Preservation Department / The National Archives</ProvenanceName>
      <ProvenanceSourceDate>02 Aug 2005</ProvenanceSourceDate>
      <ProvenanceDescription>
      </ProvenanceDescription>
      <LastUpdatedDate>09 May 2023</LastUpdatedDate>
      <FormatNote>
      </FormatNote>
      <FormatRisk>
      </FormatRisk>
      <TechnicalEnvironment>
      </TechnicalEnvironment>
      <FileFormatIdentifier>
        <Identifier>x-fmt/128</Identifier>
        <IdentifierType>PUID</IdentifierType>
      </FileFormatIdentifier>
      <ExternalSignature>
        <ExternalSignatureID>180</ExternalSignatureID>
        <Signature>xlw</Signature>
        <SignatureType>File extension</SignatureType>
      </ExternalSignature>
      <RelatedFormat>
        <RelationshipType>Has lower priority than</RelationshipType>
        <RelatedFormatID>2712</RelatedFormatID>
        <RelatedFormatName>Microsoft Excel Workspace File</RelatedFormatName>
        <RelatedFormatVersion>5/95</RelatedFormatVersion>
      </RelatedFormat>
    </FileFormat>
    <SearchCriteria>Criteria</SearchCriteria>
  </report_format_detail>
</PRONOM-Report>
