<?xml version="1.0" encoding="utf-8"?>
<PRONOM-Report xmlns="http://pronom.nationalarchives.gov.uk">
  <report_format_detail>
    <FileFormat>
      <FormatID>371</FormatID>
      <FormatName>Microsoft Publisher</FormatName>
      <FormatVersion>95</FormatVersion>
      <FormatAliases>
      </FormatAliases>
      <FormatFamilies>
      </FormatFamilies>
      <FormatTypes>Presentation</FormatTypes>
      <FormatDisclosure>
      </FormatDisclosure>
      <FormatDescription>Microsoft Publisher is a desktop publishing application.</FormatDescription>
      <BinaryFileFormat>Text</BinaryFileFormat>
      <ByteOrders>
      </ByteOrders>
      <ReleaseDate>
      </ReleaseDate>
      <WithdrawnDate>
      </WithdrawnDate>
      <ProvenanceSourceID>1</ProvenanceSourceID>
      <ProvenanceName>Digital Preservation Department / The National Archives</ProvenanceName>
      <ProvenanceSourceDate>02 Aug 2005</ProvenanceSourceDate>
      <ProvenanceDescription>This format can be identified via a container signature in DROID version 6 or later. The PRONOM database cannot currently represent container signatures.</ProvenanceDescription>
      <LastUpdatedDate>24 Oct 2021</LastUpdatedDate>
      <FormatNote>
      </FormatNote>
      <FormatRisk>
      </FormatRisk>
      <TechnicalEnvironment>
      </TechnicalEnvironment>
      <FileFormatIdentifier>
        <Identifier>application/x-mspublisher</Identifier>
        <IdentifierType>MIME</IdentifierType>
      </FileFormatIdentifier>
      <FileFormatIdentifier>
        <Identifier>x-fmt/253</Identifier>
        <IdentifierType>PUID</IdentifierType>
      </FileFormatIdentifier>
      <Developers>
        <DeveloperID>93</DeveloperID>
        <DeveloperName>
        </DeveloperName>
        <OrganisationName>Microsoft Corporation</OrganisationName>
        <DeveloperCompoundName>Microsoft Corporation</DeveloperCompoundName>
      </Developers>
      <Support>
        <SupportID>93</SupportID>
        <SupportName>
        </SupportName>
        <OrganisationName>Microsoft Corporation</OrganisationName>
        <SupportCompoundName>Microsoft Corporation</SupportCompoundName>
      </Support>
      <ExternalSignature>
        <ExternalSignatureID>358</ExternalSignatureID>
        <Signature>pub</Signature>
        <SignatureType>File extension</SignatureType>
      </ExternalSignature>
    </FileFormat>
    <SearchCriteria>Criteria</SearchCriteria>
  </report_format_detail>
</PRONOM-Report>
