<?xml version="1.0" encoding="utf-8"?>
<PRONOM-Report xmlns="http://pronom.nationalarchives.gov.uk">
  <report_format_detail>
    <FileFormat>
      <FormatID>202</FormatID>
      <FormatName>Calendar Creator Plus Data File</FormatName>
      <FormatVersion>2</FormatVersion>
      <FormatAliases>
      </FormatAliases>
      <FormatFamilies>
      </FormatFamilies>
      <FormatTypes>Dataset</FormatTypes>
      <FormatDisclosure>
      </FormatDisclosure>
      <FormatDescription>Calendar Creator is software published by Broderbund Software for the creation of personlised calendars.</FormatDescription>
      <BinaryFileFormat>Text</BinaryFileFormat>
      <ByteOrders>
      </ByteOrders>
      <ReleaseDate>
      </ReleaseDate>
      <WithdrawnDate>
      </WithdrawnDate>
      <ProvenanceSourceID>1</ProvenanceSourceID>
      <ProvenanceName>Digital Preservation Department / The National Archives</ProvenanceName>
      <ProvenanceSourceDate>10 Oct 2003</ProvenanceSourceDate>
      <ProvenanceDescription>
      </ProvenanceDescription>
      <LastUpdatedDate>18 Jan 2020</LastUpdatedDate>
      <FormatNote>
      </FormatNote>
      <FormatRisk>
      </FormatRisk>
      <TechnicalEnvironment>
      </TechnicalEnvironment>
      <FileFormatIdentifier>
        <Identifier>x-fmt/141</Identifier>
        <IdentifierType>PUID</IdentifierType>
      </FileFormatIdentifier>
      <Developers>
        <DeveloperID>20</DeveloperID>
        <DeveloperName>
        </DeveloperName>
        <OrganisationName>Broderbund Software, Inc</OrganisationName>
        <DeveloperCompoundName>Broderbund Software, Inc</DeveloperCompoundName>
      </Developers>
      <Support>
        <SupportID>20</SupportID>
        <SupportName>
        </SupportName>
        <OrganisationName>Broderbund Software, Inc</OrganisationName>
        <SupportCompoundName>Broderbund Software, Inc</SupportCompoundName>
      </Support>
      <ExternalSignature>
        <ExternalSignatureID>196</ExternalSignatureID>
        <Signature>cce</Signature>
        <SignatureType>File extension</SignatureType>
      </ExternalSignature>
      <InternalSignature>
        <SignatureID>1673</SignatureID>
        <SignatureName>Calendar Creator Event 2</SignatureName>
        <SignatureNote>0xFFCC{2}29{43}65007F01</SignatureNote>
        <ByteSequence>
          <ByteSequenceID>1941</ByteSequenceID>
          <PositionType>Absolute from BOF</PositionType>
          <Offset>0</Offset>
          <MaxOffset>0</MaxOffset>
          <IndirectOffsetLocation>
          </IndirectOffsetLocation>
          <IndirectOffsetLength>
          </IndirectOffsetLength>
          <Endianness>
          </Endianness>
          <ByteSequenceValue>FFCC{2}29{43}65007F01</ByteSequenceValue>
        </ByteSequence>
      </InternalSignature>
      <RelatedFormat>
        <RelationshipType>Is previous version of</RelationshipType>
        <RelatedFormatID>2113</RelatedFormatID>
        <RelatedFormatName>Calendar Creator Event</RelatedFormatName>
        <RelatedFormatVersion>3-4</RelatedFormatVersion>
      </RelatedFormat>
    </FileFormat>
    <SearchCriteria>Criteria</SearchCriteria>
  </report_format_detail>
</PRONOM-Report>
