<?xml version="1.0" encoding="utf-8"?>
<PRONOM-Report xmlns="http://pronom.nationalarchives.gov.uk">
  <report_format_detail>
    <FileFormat>
      <FormatID>660</FormatID>
      <FormatName>MPEG-2 Program Stream</FormatName>
      <FormatVersion>
      </FormatVersion>
      <FormatAliases>
      </FormatAliases>
      <FormatFamilies>
      </FormatFamilies>
      <FormatTypes>Video</FormatTypes>
      <FormatDisclosure>
      </FormatDisclosure>
      <FormatDescription>MPEG-2 is a lossy compression standard (an improvement and expansion of the MPEG-1 standard) designed for the generic coding of video and audio and intended to cover a wide scope of application, including: video production, broadcast and editing. Streams are at potentially higher bitrates than MPEG-1 but more efficient compression making it suited to High Definition video. MPEG-2 Video supports both 'progressive' and 'interlaced' frame video. An MPG-2 ‘Program’ stream (PS) file (*.mpg, *.mpeg) generally contain both video and audio streams, generally for synchronised playback, and may carry a variety of other data (e.g. video captions).

Some camcorders store their MPEG-2 Program Stream video data as files with the .mod extension, usually alongside other files containing metadata and management information for the video.</FormatDescription>
      <BinaryFileFormat>Binary</BinaryFileFormat>
      <ByteOrders>Big-endian (Motorola)</ByteOrders>
      <ReleaseDate>
      </ReleaseDate>
      <WithdrawnDate>
      </WithdrawnDate>
      <ProvenanceSourceID>1</ProvenanceSourceID>
      <ProvenanceName>Digital Preservation Department / The National Archives</ProvenanceName>
      <ProvenanceSourceDate>11 Mar 2005</ProvenanceSourceDate>
      <ProvenanceDescription>
      </ProvenanceDescription>
      <LastUpdatedDate>13 Sep 2018</LastUpdatedDate>
      <FormatNote>
      </FormatNote>
      <FormatRisk>
      </FormatRisk>
      <TechnicalEnvironment>
      </TechnicalEnvironment>
      <FileFormatIdentifier>
        <Identifier>public.mpeg</Identifier>
        <IdentifierType>Apple Uniform Type Identifier</IdentifierType>
      </FileFormatIdentifier>
      <FileFormatIdentifier>
        <Identifier>video/mpeg</Identifier>
        <IdentifierType>MIME</IdentifierType>
      </FileFormatIdentifier>
      <FileFormatIdentifier>
        <Identifier>x-fmt/386</Identifier>
        <IdentifierType>PUID</IdentifierType>
      </FileFormatIdentifier>
      <ExternalSignature>
        <ExternalSignatureID>608</ExternalSignatureID>
        <Signature>mpeg</Signature>
        <SignatureType>File extension</SignatureType>
      </ExternalSignature>
      <ExternalSignature>
        <ExternalSignatureID>683</ExternalSignatureID>
        <Signature>mpg</Signature>
        <SignatureType>File extension</SignatureType>
      </ExternalSignature>
      <ExternalSignature>
        <ExternalSignatureID>2257</ExternalSignatureID>
        <Signature>mod</Signature>
        <SignatureType>File extension</SignatureType>
      </ExternalSignature>
      <InternalSignature>
        <SignatureID>655</SignatureID>
        <SignatureName>MPEG-2 Program Stream</SignatureName>
        <SignatureNote>Pack Header Start Code + System Header Start Code</SignatureNote>
        <ByteSequence>
          <ByteSequenceID>800</ByteSequenceID>
          <PositionType>Absolute from BOF</PositionType>
          <Offset>0</Offset>
          <MaxOffset>0</MaxOffset>
          <IndirectOffsetLocation>
          </IndirectOffsetLocation>
          <IndirectOffsetLength>
          </IndirectOffsetLength>
          <Endianness>
          </Endianness>
          <ByteSequenceValue>000001BA{8-12}000001BB{8-65536}000001B3{8-136}000001B5</ByteSequenceValue>
        </ByteSequence>
      </InternalSignature>
      <RelatedFormat>
        <RelationshipType>Can contain</RelationshipType>
        <RelatedFormatID>1439</RelatedFormatID>
        <RelatedFormatName>MPEG-2 Elementary Stream</RelatedFormatName>
        <RelatedFormatVersion>
        </RelatedFormatVersion>
      </RelatedFormat>
      <RelatedFormat>
        <RelationshipType>Has lower priority than</RelationshipType>
        <RelatedFormatID>1207</RelatedFormatID>
        <RelatedFormatName>Video Object File (MPEG-2 subset)</RelatedFormatName>
        <RelatedFormatVersion>
        </RelatedFormatVersion>
      </RelatedFormat>
      <RelatedFormat>
        <RelationshipType>Has priority over</RelationshipType>
        <RelatedFormatID>659</RelatedFormatID>
        <RelatedFormatName>MPEG-1 Program Stream</RelatedFormatName>
        <RelatedFormatVersion>
        </RelatedFormatVersion>
      </RelatedFormat>
      <RelatedFormat>
        <RelationshipType>Is supertype of</RelationshipType>
        <RelatedFormatID>1207</RelatedFormatID>
        <RelatedFormatName>Video Object File (MPEG-2 subset)</RelatedFormatName>
        <RelatedFormatVersion>
        </RelatedFormatVersion>
      </RelatedFormat>
    </FileFormat>
    <SearchCriteria>Criteria</SearchCriteria>
  </report_format_detail>
</PRONOM-Report>
