<?xml version="1.0" encoding="utf-8"?>
<PRONOM-Report xmlns="http://pronom.nationalarchives.gov.uk">
  <report_format_detail>
    <FileFormat>
      <FormatID>655</FormatID>
      <FormatName>Audio/Video Interleaved Format</FormatName>
      <FormatVersion>
      </FormatVersion>
      <FormatAliases>AVI (Generic)</FormatAliases>
      <FormatFamilies>
      </FormatFamilies>
      <FormatTypes>Audio, Video</FormatTypes>
      <FormatDisclosure>Full</FormatDisclosure>
      <FormatDescription>Audio/Video Interleaved Format (AVI) is a chunk-based video format developed by Microsoft, based on the generic Resource Interchange File Format (RIFF) specification developed by Microsoft and IBM. Structurally, an AVI file is composed of a number of chunks, each comprising a four character code chunk identifier, the chunk size, and the chunk data. It comprises a RIFF header with an AVI data type identifier, followed by a series of chunks. Every file must include two List chunks. The first List chunk is the main AVI header chunk, which contain one or more Stream Header chunks, one for each data stream, describing the format of the data streams. The second LIST chunk is the ‘movi’ chunk, which contains the actual data for the audio and video data streams. Other optional chunks are also allowed. The format supports a wide variety of compressed and uncompressed video encodings, but all audio streams are stored in Microsoft’s Waveform Audio format.</FormatDescription>
      <BinaryFileFormat>Binary</BinaryFileFormat>
      <ByteOrders>Little-endian (Intel)</ByteOrders>
      <ReleaseDate>
      </ReleaseDate>
      <WithdrawnDate>
      </WithdrawnDate>
      <ProvenanceSourceID>1</ProvenanceSourceID>
      <ProvenanceName>Digital Preservation Department / The National Archives</ProvenanceName>
      <ProvenanceSourceDate>11 Mar 2005</ProvenanceSourceDate>
      <ProvenanceDescription>08/2023 (v.113) - Added priority over fmt/1886 (Resource Interchange Format (RIFF)) and simplified internal signature to reduce identification tool processing time. Submitted by Preservica and New York Public Libraries.</ProvenanceDescription>
      <LastUpdatedDate>14 Aug 2023</LastUpdatedDate>
      <FormatNote>
      </FormatNote>
      <FormatRisk>
      </FormatRisk>
      <TechnicalEnvironment>
      </TechnicalEnvironment>
      <FileFormatIdentifier>
        <Identifier>fmt/5</Identifier>
        <IdentifierType>PUID</IdentifierType>
      </FileFormatIdentifier>
      <FileFormatIdentifier>
        <Identifier>public.avi</Identifier>
        <IdentifierType>Apple Uniform Type Identifier</IdentifierType>
      </FileFormatIdentifier>
      <FileFormatIdentifier>
        <Identifier>video/x-msvideo</Identifier>
        <IdentifierType>MIME</IdentifierType>
      </FileFormatIdentifier>
      <Document>
        <DocumentID>6</DocumentID>
        <DisplayText>Microsoft Corporation, 2004, Microsoft DirectX 9.0 SDK Update: AVI File Format</DisplayText>
        <DocumentType>Authoritative</DocumentType>
        <AvailabilityDescription>Public</AvailabilityDescription>
        <AvailabilityNote>
        </AvailabilityNote>
        <PublicationDate>01 Oct 2004</PublicationDate>
        <TitleText>Microsoft DirectX 9.0 SDK Update: AVI File Format</TitleText>
        <DocumentIPR>
        </DocumentIPR>
        <DocumentNote>
        </DocumentNote>
        <DocumentIdentifier>
          <Identifier>msdn.microsoft.com/library/default.asp?url=/library/en-us/directshow/htm/avifileformat.asp</Identifier>
          <IdentifierType>URL</IdentifierType>
        </DocumentIdentifier>
        <Author>
          <AuthorID>93</AuthorID>
          <AuthorName>
          </AuthorName>
          <OrganisationName>Microsoft Corporation</OrganisationName>
          <AuthorCompoundName>Microsoft Corporation</AuthorCompoundName>
        </Author>
        <Publisher>
          <PublisherID>93</PublisherID>
          <PublisherName>
          </PublisherName>
          <OrganisationName>Microsoft Corporation</OrganisationName>
          <PublisherCompoundName>Microsoft Corporation</PublisherCompoundName>
        </Publisher>
      </Document>
      <ExternalSignature>
        <ExternalSignatureID>698</ExternalSignatureID>
        <Signature>avi</Signature>
        <SignatureType>File extension</SignatureType>
      </ExternalSignature>
      <InternalSignature>
        <SignatureID>51</SignatureID>
        <SignatureName>AVI</SignatureName>
        <SignatureNote>BOF: 'RIFF' and after four bytes 'AVI'</SignatureNote>
        <ByteSequence>
          <ByteSequenceID>155</ByteSequenceID>
          <PositionType>Absolute from BOF</PositionType>
          <Offset>0</Offset>
          <MaxOffset>0</MaxOffset>
          <IndirectOffsetLocation>
          </IndirectOffsetLocation>
          <IndirectOffsetLength>
          </IndirectOffsetLength>
          <Endianness>
          </Endianness>
          <ByteSequenceValue>52494646{4}41564920</ByteSequenceValue>
        </ByteSequence>
      </InternalSignature>
      <RelatedFormat>
        <RelationshipType>Has priority over</RelationshipType>
        <RelatedFormatID>2741</RelatedFormatID>
        <RelatedFormatName>Resource Interchange File Format (RIFF)</RelatedFormatName>
        <RelatedFormatVersion>
        </RelatedFormatVersion>
      </RelatedFormat>
    </FileFormat>
    <SearchCriteria>Criteria</SearchCriteria>
  </report_format_detail>
</PRONOM-Report>
