<?xml version="1.0" encoding="utf-8"?>
<PRONOM-Report xmlns="http://pronom.nationalarchives.gov.uk">
  <report_format_detail>
    <FileFormat>
      <FormatID>247</FormatID>
      <FormatName>PageMaker PC Document</FormatName>
      <FormatVersion>6.0</FormatVersion>
      <FormatAliases>
      </FormatAliases>
      <FormatFamilies>
      </FormatFamilies>
      <FormatTypes>Word Processor</FormatTypes>
      <FormatDisclosure>
      </FormatDisclosure>
      <FormatDescription>PageMaker is a discontinued desktop publishing program created by Aldus Corporation in 1985. Originally created for Macintosh computers the PC version was released in 1987. It was purchased alongside other Aldus software such as FreeHand in 1994. File extensions begin with either pm or pt, for the PageMaker file or for PageMaker template, followed by the version number.</FormatDescription>
      <BinaryFileFormat>Text</BinaryFileFormat>
      <ByteOrders>
      </ByteOrders>
      <ReleaseDate>
      </ReleaseDate>
      <WithdrawnDate>
      </WithdrawnDate>
      <ProvenanceSourceID>1</ProvenanceSourceID>
      <ProvenanceName>Digital Preservation Department / The National Archives</ProvenanceName>
      <ProvenanceSourceDate>10 Oct 2003</ProvenanceSourceDate>
      <ProvenanceDescription>This format can be identified via a container signature in DROID version 6 or later. The PRONOM database cannot currently represent container signatures.</ProvenanceDescription>
      <LastUpdatedDate>30 Jun 2022</LastUpdatedDate>
      <FormatNote>
      </FormatNote>
      <FormatRisk>
      </FormatRisk>
      <TechnicalEnvironment>
      </TechnicalEnvironment>
      <FileFormatIdentifier>
        <Identifier>application/vnd.pagemaker</Identifier>
        <IdentifierType>MIME</IdentifierType>
      </FileFormatIdentifier>
      <FileFormatIdentifier>
        <Identifier>x-fmt/174</Identifier>
        <IdentifierType>PUID</IdentifierType>
      </FileFormatIdentifier>
      <Developers>
        <DeveloperID>7</DeveloperID>
        <DeveloperName>
        </DeveloperName>
        <OrganisationName>Adobe Systems Incorporated</OrganisationName>
        <DeveloperCompoundName>Adobe Systems Incorporated</DeveloperCompoundName>
      </Developers>
      <Developers>
        <DeveloperID>82</DeveloperID>
        <DeveloperName>
        </DeveloperName>
        <OrganisationName>Aldus Corporation</OrganisationName>
        <DeveloperCompoundName>Aldus Corporation</DeveloperCompoundName>
      </Developers>
      <ExternalSignature>
        <ExternalSignatureID>241</ExternalSignatureID>
        <Signature>pm6</Signature>
        <SignatureType>File extension</SignatureType>
      </ExternalSignature>
      <ExternalSignature>
        <ExternalSignatureID>3106</ExternalSignatureID>
        <Signature>pt6</Signature>
        <SignatureType>File extension</SignatureType>
      </ExternalSignature>
      <RelatedFormat>
        <RelationshipType>Equivalent to</RelationshipType>
        <RelatedFormatID>2555</RelatedFormatID>
        <RelatedFormatName>PageMaker Mac Document</RelatedFormatName>
        <RelatedFormatVersion>6.0</RelatedFormatVersion>
      </RelatedFormat>
      <RelatedFormat>
        <RelationshipType>Has priority over</RelationshipType>
        <RelatedFormatID>1680</RelatedFormatID>
        <RelatedFormatName>Pagemaker Document (Generic)</RelatedFormatName>
        <RelatedFormatVersion>
        </RelatedFormatVersion>
      </RelatedFormat>
      <RelatedFormat>
        <RelationshipType>Is previous version of</RelationshipType>
        <RelatedFormatID>254</RelatedFormatID>
        <RelatedFormatName>PageMaker PC Document</RelatedFormatName>
        <RelatedFormatVersion>6.5-7.0</RelatedFormatVersion>
      </RelatedFormat>
      <RelatedFormat>
        <RelationshipType>Is previous version of</RelationshipType>
        <RelatedFormatID>2554</RelatedFormatID>
        <RelatedFormatName>PageMaker Mac Document</RelatedFormatName>
        <RelatedFormatVersion>6.5-7.0</RelatedFormatVersion>
      </RelatedFormat>
      <RelatedFormat>
        <RelationshipType>Is subsequent version of</RelationshipType>
        <RelatedFormatID>246</RelatedFormatID>
        <RelatedFormatName>PageMaker PC Document</RelatedFormatName>
        <RelatedFormatVersion>5.0</RelatedFormatVersion>
      </RelatedFormat>
    </FileFormat>
    <SearchCriteria>Criteria</SearchCriteria>
  </report_format_detail>
</PRONOM-Report>
