<?xml version="1.0" encoding="utf-8"?>
<PRONOM-Report xmlns="http://pronom.nationalarchives.gov.uk">
  <report_format_detail>
    <FileFormat>
      <FormatID>352</FormatID>
      <FormatName>Microsoft Access Database File</FormatName>
      <FormatVersion>2000</FormatVersion>
      <FormatAliases>
      </FormatAliases>
      <FormatFamilies>
      </FormatFamilies>
      <FormatTypes>Database</FormatTypes>
      <FormatDisclosure>
      </FormatDisclosure>
      <FormatDescription>Microsoft Access Database File, formerly known as Jet Maseas Database format, is proprietary file format developed and used by Microsoft as a native format for its Microsoft Access (formerly Microsoft Jet Database Engine) desktop database management system. First released in 1992, starting with version 1.0 the earlier versions of the database used the Jet Database Engine, with version Microsoft Access 2000 utilizing the Jet 4.0 database engine. The page size of the Jet 4.0 database engine is 4096 bytes. The .mde extension refers to protected Access database file with compiled VBA and macros. This entry records the version 2000 of MDB file format, for a full list of versions please follow the links provided in the Notes section.</FormatDescription>
      <BinaryFileFormat>Text</BinaryFileFormat>
      <ByteOrders>
      </ByteOrders>
      <ReleaseDate>
      </ReleaseDate>
      <WithdrawnDate>
      </WithdrawnDate>
      <ProvenanceSourceID>1</ProvenanceSourceID>
      <ProvenanceName>Digital Preservation Department / The National Archives</ProvenanceName>
      <ProvenanceSourceDate>23 Sep 2003</ProvenanceSourceDate>
      <ProvenanceDescription>
      </ProvenanceDescription>
      <LastUpdatedDate>02 May 2023</LastUpdatedDate>
      <FormatNote>https://web.archive.org/web/20220711181532/http://fileformats.archiveteam.org/wiki/Access

https://web.archive.org/web/20220901011824/https://en.wikipedia.org/wiki/Microsoft_Access

https://web.archive.org/web/20220825195028/https://www.loc.gov/preservation/digital/formats/fdd/fdd000462.shtml

http://web.archive.org/web/20111115230803/http://support.microsoft.com/kb/178882</FormatNote>
      <FormatRisk>
      </FormatRisk>
      <TechnicalEnvironment>
      </TechnicalEnvironment>
      <FileFormatIdentifier>
        <Identifier>fdd000462</Identifier>
        <IdentifierType>Library of Congress Format Description Identifier</IdentifierType>
      </FileFormatIdentifier>
      <FileFormatIdentifier>
        <Identifier>Q48021588</Identifier>
        <IdentifierType>Wikidata QID Identifier</IdentifierType>
      </FileFormatIdentifier>
      <FileFormatIdentifier>
        <Identifier>x-fmt/240</Identifier>
        <IdentifierType>PUID</IdentifierType>
      </FileFormatIdentifier>
      <Developers>
        <DeveloperID>93</DeveloperID>
        <DeveloperName>
        </DeveloperName>
        <OrganisationName>Microsoft Corporation</OrganisationName>
        <DeveloperCompoundName>Microsoft Corporation</DeveloperCompoundName>
      </Developers>
      <ExternalSignature>
        <ExternalSignatureID>339</ExternalSignatureID>
        <Signature>mdb</Signature>
        <SignatureType>File extension</SignatureType>
      </ExternalSignature>
      <ExternalSignature>
        <ExternalSignatureID>3312</ExternalSignatureID>
        <Signature>mde</Signature>
        <SignatureType>File extension</SignatureType>
      </ExternalSignature>
      <InternalSignature>
        <SignatureID>273</SignatureID>
        <SignatureName>MS Access 2000</SignatureName>
        <SignatureNote>Jet 4 DB header plus variably-positioned AccessVersion 08. Two byte sequences. First byte sequence character sequence, Standard Jet DB. Second byte sequence character sequence, A c c e s s V e r s I o n{0-2048} 0 8 . [0:9] [0:9]</SignatureNote>
        <ByteSequence>
          <ByteSequenceID>350</ByteSequenceID>
          <PositionType>Absolute from BOF</PositionType>
          <Offset>0</Offset>
          <MaxOffset>
          </MaxOffset>
          <IndirectOffsetLocation>
          </IndirectOffsetLocation>
          <IndirectOffsetLength>
          </IndirectOffsetLength>
          <Endianness>Little-endian</Endianness>
          <ByteSequenceValue>000100005374616E64617264204A65742044420001000000</ByteSequenceValue>
        </ByteSequence>
        <ByteSequence>
          <ByteSequenceID>351</ByteSequenceID>
          <PositionType>Variable</PositionType>
          <Offset>
          </Offset>
          <MaxOffset>
          </MaxOffset>
          <IndirectOffsetLocation>
          </IndirectOffsetLocation>
          <IndirectOffsetLength>
          </IndirectOffsetLength>
          <Endianness>Little-endian</Endianness>
          <ByteSequenceValue>410063006300650073007300560065007200730069006F006E{0-2048}300038002E00[30:39]00[30:39]</ByteSequenceValue>
        </ByteSequence>
      </InternalSignature>
      <RelatedFormat>
        <RelationshipType>Has lower priority than</RelationshipType>
        <RelatedFormatID>2163</RelatedFormatID>
        <RelatedFormatName>Legacy Family Tree Database</RelatedFormatName>
        <RelatedFormatVersion>3-9</RelatedFormatVersion>
      </RelatedFormat>
      <RelatedFormat>
        <RelationshipType>Is previous version of</RelationshipType>
        <RelatedFormatID>353</RelatedFormatID>
        <RelatedFormatName>Microsoft Access Database File</RelatedFormatName>
        <RelatedFormatVersion>2002</RelatedFormatVersion>
      </RelatedFormat>
      <RelatedFormat>
        <RelationshipType>Is subsequent version of</RelationshipType>
        <RelatedFormatID>351</RelatedFormatID>
        <RelatedFormatName>Microsoft Access Database File</RelatedFormatName>
        <RelatedFormatVersion>97</RelatedFormatVersion>
      </RelatedFormat>
    </FileFormat>
    <SearchCriteria>Criteria</SearchCriteria>
  </report_format_detail>
</PRONOM-Report>
