<?xml version="1.0" encoding="utf-8"?>
<PRONOM-Report xmlns="http://pronom.nationalarchives.gov.uk">
  <report_format_detail>
    <FileFormat>
      <FormatID>53</FormatID>
      <FormatName>AutoCAD Block Attribute Template</FormatName>
      <FormatVersion>
      </FormatVersion>
      <FormatAliases>
      </FormatAliases>
      <FormatFamilies>
      </FormatFamilies>
      <FormatTypes>
      </FormatTypes>
      <FormatDisclosure>
      </FormatDisclosure>
      <FormatDescription>AutoCAD Block Attribute Template file is used when extracting attribute information from a drawing which creates a text file for use with database software. Signatures based on v. 2005, 2006, 2008 versions. Any information which can help us expand these signatures would be valuable.</FormatDescription>
      <BinaryFileFormat>Text</BinaryFileFormat>
      <ByteOrders>
      </ByteOrders>
      <ReleaseDate>
      </ReleaseDate>
      <WithdrawnDate>
      </WithdrawnDate>
      <ProvenanceSourceID>1</ProvenanceSourceID>
      <ProvenanceName>Digital Preservation Department / The National Archives</ProvenanceName>
      <ProvenanceSourceDate>02 Aug 2005</ProvenanceSourceDate>
      <ProvenanceDescription>11/2023 (v.115)- Added two internal signatures and updated description. Submitted by National Archives and Records Administration.</ProvenanceDescription>
      <LastUpdatedDate>15 Nov 2023</LastUpdatedDate>
      <FormatNote>
      </FormatNote>
      <FormatRisk>
      </FormatRisk>
      <TechnicalEnvironment>
      </TechnicalEnvironment>
      <FileFormatIdentifier>
        <Identifier>x-fmt/24</Identifier>
        <IdentifierType>PUID</IdentifierType>
      </FileFormatIdentifier>
      <ExternalSignature>
        <ExternalSignatureID>47</ExternalSignatureID>
        <Signature>blk</Signature>
        <SignatureType>File extension</SignatureType>
      </ExternalSignature>
      <InternalSignature>
        <SignatureID>2282</SignatureID>
        <SignatureName>AutoCAD Block Attribute Template</SignatureName>
        <SignatureNote>Absolute from beginning of file, magic bytes: …..ÿÿÿÿ………….AcDx</SignatureNote>
        <ByteSequence>
          <ByteSequenceID>2657</ByteSequenceID>
          <PositionType>Absolute from BOF</PositionType>
          <Offset>0</Offset>
          <MaxOffset>0</MaxOffset>
          <IndirectOffsetLocation>
          </IndirectOffsetLocation>
          <IndirectOffsetLength>
          </IndirectOffsetLength>
          <Endianness>
          </Endianness>
          <ByteSequenceValue>0001000000FFFFFFFF01000000000000000C02000000{1}41634478</ByteSequenceValue>
        </ByteSequence>
      </InternalSignature>
      <InternalSignature>
        <SignatureID>2283</SignatureID>
        <SignatureName>AutoCAD Block Attribute Template, BlockInfo</SignatureName>
        <SignatureNote>Absolute from beginning of file, magic bytes: ……ÿÿ….CEattBlockInfo</SignatureNote>
        <ByteSequence>
          <ByteSequenceID>2658</ByteSequenceID>
          <PositionType>Absolute from BOF</PositionType>
          <Offset>0</Offset>
          <MaxOffset>0</MaxOffset>
          <IndirectOffsetLocation>
          </IndirectOffsetLocation>
          <IndirectOffsetLength>
          </IndirectOffsetLength>
          <Endianness>
          </Endianness>
          <ByteSequenceValue>01000000{1}00FFFF01000E004345617474426C6F636B496E666F</ByteSequenceValue>
        </ByteSequence>
      </InternalSignature>
    </FileFormat>
    <SearchCriteria>Criteria</SearchCriteria>
  </report_format_detail>
</PRONOM-Report>
