<?xml version="1.0" encoding="utf-8"?>
<PRONOM-Report xmlns="http://pronom.nationalarchives.gov.uk">
  <report_format_detail>
    <FileFormat>
      <FormatID>64</FormatID>
      <FormatName>Corel R.A.V.E.</FormatName>
      <FormatVersion>1</FormatVersion>
      <FormatAliases>
      </FormatAliases>
      <FormatFamilies>
      </FormatFamilies>
      <FormatTypes>Image (Vector)</FormatTypes>
      <FormatDisclosure>
      </FormatDisclosure>
      <FormatDescription>Corel R.A.V.E. (Real Animated Vector Effects) is the vector-based animation application which comes bundled as part of the CorelDRAW Graphics Suite (starting in version 10).</FormatDescription>
      <BinaryFileFormat>Text</BinaryFileFormat>
      <ByteOrders>
      </ByteOrders>
      <ReleaseDate>
      </ReleaseDate>
      <WithdrawnDate>
      </WithdrawnDate>
      <ProvenanceSourceID>1</ProvenanceSourceID>
      <ProvenanceName>Digital Preservation Department / The National Archives</ProvenanceName>
      <ProvenanceSourceDate>02 Aug 2005</ProvenanceSourceDate>
      <ProvenanceDescription>08/2023 (v.113) - Added priority over fmt/1886 (Resource Interchange Format (RIFF)). Submitted by New York Public Libraries and Preservica.; 11/2023 (v.115)- Modified the offset values in the internal signature from null to 0 as part of a project to match PRONOM data with the xsd standard. Internally researched.</ProvenanceDescription>
      <LastUpdatedDate>14 Nov 2023</LastUpdatedDate>
      <FormatNote>
      </FormatNote>
      <FormatRisk>
      </FormatRisk>
      <TechnicalEnvironment>
      </TechnicalEnvironment>
      <FileFormatIdentifier>
        <Identifier>x-fmt/33</Identifier>
        <IdentifierType>PUID</IdentifierType>
      </FileFormatIdentifier>
      <ExternalSignature>
        <ExternalSignatureID>58</ExternalSignatureID>
        <Signature>clk</Signature>
        <SignatureType>File extension</SignatureType>
      </ExternalSignature>
      <InternalSignature>
        <SignatureID>646</SignatureID>
        <SignatureName>Corel R.A.V.E version 1</SignatureName>
        <SignatureNote>ASCII: RIFF{4}CARAvrsn (where A is version1)</SignatureNote>
        <ByteSequence>
          <ByteSequenceID>794</ByteSequenceID>
          <PositionType>Absolute from BOF</PositionType>
          <Offset>0</Offset>
          <MaxOffset>0</MaxOffset>
          <IndirectOffsetLocation>
          </IndirectOffsetLocation>
          <IndirectOffsetLength>
          </IndirectOffsetLength>
          <Endianness>
          </Endianness>
          <ByteSequenceValue>52494646{4}434152417672736E</ByteSequenceValue>
        </ByteSequence>
      </InternalSignature>
      <RelatedFormat>
        <RelationshipType>Has priority over</RelationshipType>
        <RelatedFormatID>2741</RelatedFormatID>
        <RelatedFormatName>Resource Interchange File Format (RIFF)</RelatedFormatName>
        <RelatedFormatVersion>
        </RelatedFormatVersion>
      </RelatedFormat>
    </FileFormat>
    <SearchCriteria>Criteria</SearchCriteria>
  </report_format_detail>
</PRONOM-Report>
