<?xml version="1.0" encoding="utf-8"?>
<PRONOM-Report xmlns="http://pronom.nationalarchives.gov.uk">
  <report_format_detail>
    <FileFormat>
      <FormatID>318</FormatID>
      <FormatName>ESRI Arc/Info Export File</FormatName>
      <FormatVersion>
      </FormatVersion>
      <FormatAliases>
      </FormatAliases>
      <FormatFamilies>
      </FormatFamilies>
      <FormatTypes>GIS</FormatTypes>
      <FormatDisclosure>
      </FormatDisclosure>
      <FormatDescription>ESRI ArcInfo Export File Format (also known as ArcInfo Interchange File Format) is a vector file format which is produced by ESRI and pre-dates the shapefile. It is as an export file used to enable coverage, grid or TIN and an associated INFO table to be transferred between different machines, which are not connected by any type of file sharing network. A volume has the extension .E00 through .E99. 
A non-authoritative version of the specification can be found at: http://avce00.maptools.org/docs/v7_e00_cover.html</FormatDescription>
      <BinaryFileFormat>Text</BinaryFileFormat>
      <ByteOrders>
      </ByteOrders>
      <ReleaseDate>
      </ReleaseDate>
      <WithdrawnDate>
      </WithdrawnDate>
      <ProvenanceSourceID>1</ProvenanceSourceID>
      <ProvenanceName>Digital Preservation Department / The National Archives</ProvenanceName>
      <ProvenanceSourceDate>02 Aug 2005</ProvenanceSourceDate>
      <ProvenanceDescription>Format description information supplied by the Geospatial Multistate Access and Preservation Partnership (GeoMAPP), a grant funded collaboration sponsored by the National Digital Information Infrastructure Preservation Program (NDIIPP) of the Library of Congress, involving archives staff from North Carolina, Kentucky, Montana, and Utah state archives.</ProvenanceDescription>
      <LastUpdatedDate>20 Jan 2020</LastUpdatedDate>
      <FormatNote>
      </FormatNote>
      <FormatRisk>
      </FormatRisk>
      <TechnicalEnvironment>
      </TechnicalEnvironment>
      <FileFormatIdentifier>
        <Identifier>x-fmt/226</Identifier>
        <IdentifierType>PUID</IdentifierType>
      </FileFormatIdentifier>
      <ExternalSignature>
        <ExternalSignatureID>305</ExternalSignatureID>
        <Signature>e00</Signature>
        <SignatureType>File extension</SignatureType>
      </ExternalSignature>
      <ExternalSignature>
        <ExternalSignatureID>1132</ExternalSignatureID>
        <Signature>x00</Signature>
        <SignatureType>File extension</SignatureType>
      </ExternalSignature>
      <ExternalSignature>
        <ExternalSignatureID>2479</ExternalSignatureID>
        <Signature>e01</Signature>
        <SignatureType>File extension</SignatureType>
      </ExternalSignature>
      <ExternalSignature>
        <ExternalSignatureID>2480</ExternalSignatureID>
        <Signature>e02</Signature>
        <SignatureType>File extension</SignatureType>
      </ExternalSignature>
      <ExternalSignature>
        <ExternalSignatureID>2481</ExternalSignatureID>
        <Signature>e03</Signature>
        <SignatureType>File extension</SignatureType>
      </ExternalSignature>
      <ExternalSignature>
        <ExternalSignatureID>2482</ExternalSignatureID>
        <Signature>e04</Signature>
        <SignatureType>File extension</SignatureType>
      </ExternalSignature>
      <ExternalSignature>
        <ExternalSignatureID>2483</ExternalSignatureID>
        <Signature>e05</Signature>
        <SignatureType>File extension</SignatureType>
      </ExternalSignature>
      <ExternalSignature>
        <ExternalSignatureID>2484</ExternalSignatureID>
        <Signature>e06</Signature>
        <SignatureType>File extension</SignatureType>
      </ExternalSignature>
      <ExternalSignature>
        <ExternalSignatureID>2485</ExternalSignatureID>
        <Signature>e07</Signature>
        <SignatureType>File extension</SignatureType>
      </ExternalSignature>
      <ExternalSignature>
        <ExternalSignatureID>2486</ExternalSignatureID>
        <Signature>e08</Signature>
        <SignatureType>File extension</SignatureType>
      </ExternalSignature>
      <ExternalSignature>
        <ExternalSignatureID>2487</ExternalSignatureID>
        <Signature>e09</Signature>
        <SignatureType>File extension</SignatureType>
      </ExternalSignature>
      <ExternalSignature>
        <ExternalSignatureID>2488</ExternalSignatureID>
        <Signature>e10</Signature>
        <SignatureType>File extension</SignatureType>
      </ExternalSignature>
      <ExternalSignature>
        <ExternalSignatureID>2489</ExternalSignatureID>
        <Signature>e11</Signature>
        <SignatureType>File extension</SignatureType>
      </ExternalSignature>
      <ExternalSignature>
        <ExternalSignatureID>2490</ExternalSignatureID>
        <Signature>e12</Signature>
        <SignatureType>File extension</SignatureType>
      </ExternalSignature>
      <ExternalSignature>
        <ExternalSignatureID>2491</ExternalSignatureID>
        <Signature>e13</Signature>
        <SignatureType>File extension</SignatureType>
      </ExternalSignature>
      <ExternalSignature>
        <ExternalSignatureID>2492</ExternalSignatureID>
        <Signature>e14</Signature>
        <SignatureType>File extension</SignatureType>
      </ExternalSignature>
      <ExternalSignature>
        <ExternalSignatureID>2493</ExternalSignatureID>
        <Signature>e15</Signature>
        <SignatureType>File extension</SignatureType>
      </ExternalSignature>
      <ExternalSignature>
        <ExternalSignatureID>2494</ExternalSignatureID>
        <Signature>e16</Signature>
        <SignatureType>File extension</SignatureType>
      </ExternalSignature>
      <ExternalSignature>
        <ExternalSignatureID>2495</ExternalSignatureID>
        <Signature>e17</Signature>
        <SignatureType>File extension</SignatureType>
      </ExternalSignature>
      <ExternalSignature>
        <ExternalSignatureID>2496</ExternalSignatureID>
        <Signature>e18</Signature>
        <SignatureType>File extension</SignatureType>
      </ExternalSignature>
      <ExternalSignature>
        <ExternalSignatureID>2497</ExternalSignatureID>
        <Signature>e19</Signature>
        <SignatureType>File extension</SignatureType>
      </ExternalSignature>
      <ExternalSignature>
        <ExternalSignatureID>2498</ExternalSignatureID>
        <Signature>e20</Signature>
        <SignatureType>File extension</SignatureType>
      </ExternalSignature>
      <InternalSignature>
        <SignatureID>389</SignatureID>
        <SignatureName>ESRI Arc/Info Export File</SignatureName>
        <SignatureNote>Header line beginning with EXP, followed by a constant of 0 or 1. Footer sequence ASCII: ..EOI..EOS..</SignatureNote>
        <ByteSequence>
          <ByteSequenceID>495</ByteSequenceID>
          <PositionType>Absolute from BOF</PositionType>
          <Offset>0</Offset>
          <MaxOffset>
          </MaxOffset>
          <IndirectOffsetLocation>
          </IndirectOffsetLocation>
          <IndirectOffsetLength>
          </IndirectOffsetLength>
          <Endianness>
          </Endianness>
          <ByteSequenceValue>4558502020[30:31]</ByteSequenceValue>
        </ByteSequence>
        <ByteSequence>
          <ByteSequenceID>658</ByteSequenceID>
          <PositionType>Absolute from EOF</PositionType>
          <Offset>0</Offset>
          <MaxOffset>
          </MaxOffset>
          <IndirectOffsetLocation>
          </IndirectOffsetLocation>
          <IndirectOffsetLength>
          </IndirectOffsetLength>
          <Endianness>
          </Endianness>
          <ByteSequenceValue>454F49{0-2}454F53{0-2}0A</ByteSequenceValue>
        </ByteSequence>
      </InternalSignature>
    </FileFormat>
    <SearchCriteria>Criteria</SearchCriteria>
  </report_format_detail>
</PRONOM-Report>
