<?xml version="1.0" encoding="utf-8"?>
<PRONOM-Report xmlns="http://pronom.nationalarchives.gov.uk">
  <report_format_detail>
    <FileFormat>
      <FormatID>19</FormatID>
      <FormatName>dBASE Database</FormatName>
      <FormatVersion>III</FormatVersion>
      <FormatAliases>
      </FormatAliases>
      <FormatFamilies>
      </FormatFamilies>
      <FormatTypes>Database</FormatTypes>
      <FormatDisclosure>
      </FormatDisclosure>
      <FormatDescription>dBase is a database management systems for microcomputers.The dBase system includes the core database engine, a query system, a forms engine, and a programming language that ties all of these components together. dBase's underlying file format, the .dbf file, is widely used in applications needing a simple format to store structured data.</FormatDescription>
      <BinaryFileFormat>Text</BinaryFileFormat>
      <ByteOrders>Little-endian (Intel)</ByteOrders>
      <ReleaseDate>
      </ReleaseDate>
      <WithdrawnDate>
      </WithdrawnDate>
      <ProvenanceSourceID>1</ProvenanceSourceID>
      <ProvenanceName>Digital Preservation Department / The National Archives</ProvenanceName>
      <ProvenanceSourceDate>10 Oct 2003</ProvenanceSourceDate>
      <ProvenanceDescription>11/2023 (v.115)- Links and specifications added to note field. Submitted by The National Library of Australia.</ProvenanceDescription>
      <LastUpdatedDate>15 Nov 2023</LastUpdatedDate>
      <FormatNote>http://www.dbase.com/help/Design_Tables/IDH_TABLEDES_FIELD_TYPES.htm;http://www.dbase.com/KnowledgeBase/int/db7_file_fmt.htm

https://www.promotic.eu/en/pmdoc/Subsystems/Db/dBase/DbfFormat.htm</FormatNote>
      <FormatRisk>
      </FormatRisk>
      <TechnicalEnvironment>
      </TechnicalEnvironment>
      <FileFormatIdentifier>
        <Identifier>x-fmt/9</Identifier>
        <IdentifierType>PUID</IdentifierType>
      </FileFormatIdentifier>
      <Developers>
        <DeveloperID>80</DeveloperID>
        <DeveloperName>
        </DeveloperName>
        <OrganisationName>dBASE Inc.</OrganisationName>
        <DeveloperCompoundName>dBASE Inc.</DeveloperCompoundName>
      </Developers>
      <Support>
        <SupportID>80</SupportID>
        <SupportName>
        </SupportName>
        <OrganisationName>dBASE Inc.</OrganisationName>
        <SupportCompoundName>dBASE Inc.</SupportCompoundName>
      </Support>
      <ExternalSignature>
        <ExternalSignatureID>17</ExternalSignatureID>
        <Signature>dbf</Signature>
        <SignatureType>File extension</SignatureType>
      </ExternalSignature>
      <InternalSignature>
        <SignatureID>384</SignatureID>
        <SignatureName>dBase Table Version III</SignatureName>
        <SignatureNote>Version number, Date of last update MMDD, First upper or lowercase character of field name, field type (C, D, L, M, N). Dbase III (versions 1.0, 1.1 and 1.2) was released by Ashton-Tate during the period 1984-85. Dbase III+ (versions 1.0 and 1.1) was released during the period 1986-1987. Dbase IV (versions 1.0 and 1.1) was released during the period 1988-1990. All used the same dBase III file format for a dbf.</SignatureNote>
        <ByteSequence>
          <ByteSequenceID>490</ByteSequenceID>
          <PositionType>Absolute from BOF</PositionType>
          <Offset>0</Offset>
          <MaxOffset>
          </MaxOffset>
          <IndirectOffsetLocation>
          </IndirectOffsetLocation>
          <IndirectOffsetLength>
          </IndirectOffsetLength>
          <Endianness>Little-endian</Endianness>
          <ByteSequenceValue>03??[01:0C][01:1F]{28}([41:5A]|[61:7A]){10}(43|44|4C|4D|4E)</ByteSequenceValue>
        </ByteSequence>
      </InternalSignature>
    </FileFormat>
    <SearchCriteria>Criteria</SearchCriteria>
  </report_format_detail>
</PRONOM-Report>
