<?xml version="1.0" encoding="utf-8"?>
<PRONOM-Report xmlns="http://pronom.nationalarchives.gov.uk">
  <report_format_detail>
    <FileFormat>
      <FormatID>676</FormatID>
      <FormatName>Exchangeable Image File Format (Compressed)</FormatName>
      <FormatVersion>2.2</FormatVersion>
      <FormatAliases>Exif Compressed Image (2.2)</FormatAliases>
      <FormatFamilies>
      </FormatFamilies>
      <FormatTypes>Image (Raster)</FormatTypes>
      <FormatDisclosure>
      </FormatDisclosure>
      <FormatDescription>Exchangeable image file format (Exif) is a standard that specifies the formats for images, sound, and ancillary tags used by digital cameras (including smartphones), scanners and other systems handling image and sound files recorded by digital cameras.</FormatDescription>
      <BinaryFileFormat>Binary</BinaryFileFormat>
      <ByteOrders>Little-endian (Intel) and Big-endian (Motorola)</ByteOrders>
      <ReleaseDate>
      </ReleaseDate>
      <WithdrawnDate>
      </WithdrawnDate>
      <ProvenanceSourceID>1</ProvenanceSourceID>
      <ProvenanceName>Digital Preservation Department / The National Archives</ProvenanceName>
      <ProvenanceSourceDate>11 Mar 2005</ProvenanceSourceDate>
      <ProvenanceDescription>
      </ProvenanceDescription>
      <LastUpdatedDate>02 Aug 2005</LastUpdatedDate>
      <FormatNote>
      </FormatNote>
      <FormatRisk>
      </FormatRisk>
      <TechnicalEnvironment>
      </TechnicalEnvironment>
      <FileFormatIdentifier>
        <Identifier>image/jpeg</Identifier>
        <IdentifierType>MIME</IdentifierType>
      </FileFormatIdentifier>
      <FileFormatIdentifier>
        <Identifier>x-fmt/391</Identifier>
        <IdentifierType>PUID</IdentifierType>
      </FileFormatIdentifier>
      <Document>
        <DocumentID>20</DocumentID>
        <DisplayText>Japan Electronic Industry Development Association, 2002, JEITA CP-3451 - Exchangeable image file format for digital still cameras: Exif Version 2.2</DisplayText>
        <DocumentType>Authoritative</DocumentType>
        <AvailabilityDescription>Public</AvailabilityDescription>
        <AvailabilityNote>
        </AvailabilityNote>
        <PublicationDate>01 Apr 2002</PublicationDate>
        <TitleText>JEITA CP-3451 - Exchangeable image file format for digital still cameras: Exif Version 2.2</TitleText>
        <DocumentIPR>
        </DocumentIPR>
        <DocumentNote>
        </DocumentNote>
        <DocumentIdentifier>
          <Identifier>www.exif.org/Exif2-2.PDF</Identifier>
          <IdentifierType>URL</IdentifierType>
        </DocumentIdentifier>
        <Author>
          <AuthorID>105</AuthorID>
          <AuthorName>
          </AuthorName>
          <OrganisationName>Japan Electronic Industry Development Association</OrganisationName>
          <AuthorCompoundName>Japan Electronic Industry Development Association</AuthorCompoundName>
        </Author>
        <Publisher>
          <PublisherID>105</PublisherID>
          <PublisherName>
          </PublisherName>
          <OrganisationName>Japan Electronic Industry Development Association</OrganisationName>
          <PublisherCompoundName>Japan Electronic Industry Development Association</PublisherCompoundName>
        </Publisher>
      </Document>
      <ExternalSignature>
        <ExternalSignatureID>650</ExternalSignatureID>
        <Signature>jpg</Signature>
        <SignatureType>File extension</SignatureType>
      </ExternalSignature>
      <ExternalSignature>
        <ExternalSignatureID>2263</ExternalSignatureID>
        <Signature>jpeg</Signature>
        <SignatureType>File extension</SignatureType>
      </ExternalSignature>
      <InternalSignature>
        <SignatureID>148</SignatureID>
        <SignatureName>EXIF Compressed Image 2.2 (big-endian)</SignatureName>
        <SignatureNote>SOI and APP1, EXIF IFD (EXIF ver=2.2), EOI marker</SignatureNote>
        <ByteSequence>
          <ByteSequenceID>95</ByteSequenceID>
          <PositionType>Absolute from BOF</PositionType>
          <Offset>0</Offset>
          <MaxOffset>
          </MaxOffset>
          <IndirectOffsetLocation>
          </IndirectOffsetLocation>
          <IndirectOffsetLength>
          </IndirectOffsetLength>
          <Endianness>
          </Endianness>
          <ByteSequenceValue>FFD8FFE1{2}4578696600004D4D002A*900000070000000430323230</ByteSequenceValue>
        </ByteSequence>
        <ByteSequence>
          <ByteSequenceID>107</ByteSequenceID>
          <PositionType>Absolute from EOF</PositionType>
          <Offset>0</Offset>
          <MaxOffset>131072</MaxOffset>
          <IndirectOffsetLocation>
          </IndirectOffsetLocation>
          <IndirectOffsetLength>
          </IndirectOffsetLength>
          <Endianness>
          </Endianness>
          <ByteSequenceValue>FFD9</ByteSequenceValue>
        </ByteSequence>
      </InternalSignature>
      <InternalSignature>
        <SignatureID>151</SignatureID>
        <SignatureName>EXIF Compressed Image 2.2 (little-endian)</SignatureName>
        <SignatureNote>SOI and APP1, EXIF IFD (EXIF ver=2.2), EOI marker</SignatureNote>
        <ByteSequence>
          <ByteSequenceID>96</ByteSequenceID>
          <PositionType>Absolute from BOF</PositionType>
          <Offset>0</Offset>
          <MaxOffset>
          </MaxOffset>
          <IndirectOffsetLocation>
          </IndirectOffsetLocation>
          <IndirectOffsetLength>
          </IndirectOffsetLength>
          <Endianness>
          </Endianness>
          <ByteSequenceValue>FFD8FFE1{2}45786966000049492A00*009007000400000030323230</ByteSequenceValue>
        </ByteSequence>
        <ByteSequence>
          <ByteSequenceID>108</ByteSequenceID>
          <PositionType>Absolute from EOF</PositionType>
          <Offset>0</Offset>
          <MaxOffset>131072</MaxOffset>
          <IndirectOffsetLocation>
          </IndirectOffsetLocation>
          <IndirectOffsetLength>
          </IndirectOffsetLength>
          <Endianness>
          </Endianness>
          <ByteSequenceValue>FFD9</ByteSequenceValue>
        </ByteSequence>
      </InternalSignature>
      <RelatedFormat>
        <RelationshipType>Has priority over</RelationshipType>
        <RelatedFormatID>670</RelatedFormatID>
        <RelatedFormatName>Raw JPEG Stream</RelatedFormatName>
        <RelatedFormatVersion>
        </RelatedFormatVersion>
      </RelatedFormat>
      <RelatedFormat>
        <RelationshipType>Is previous version of</RelationshipType>
        <RelatedFormatID>1444</RelatedFormatID>
        <RelatedFormatName>Exchangeable Image File Format (Compressed)</RelatedFormatName>
        <RelatedFormatVersion>2.21</RelatedFormatVersion>
      </RelatedFormat>
      <RelatedFormat>
        <RelationshipType>Is subsequent version of</RelationshipType>
        <RelatedFormatID>675</RelatedFormatID>
        <RelatedFormatName>Exchangeable Image File Format (Compressed)</RelatedFormatName>
        <RelatedFormatVersion>2.1</RelatedFormatVersion>
      </RelatedFormat>
    </FileFormat>
    <SearchCriteria>Criteria</SearchCriteria>
  </report_format_detail>
</PRONOM-Report>
