<?xml version="1.0" encoding="utf-8"?>
<PRONOM-Report xmlns="http://pronom.nationalarchives.gov.uk">
  <report_format_detail>
    <FileFormat>
      <FormatID>382</FormatID>
      <FormatName>ZIP Format</FormatName>
      <FormatVersion>
      </FormatVersion>
      <FormatAliases>
      </FormatAliases>
      <FormatFamilies>
      </FormatFamilies>
      <FormatTypes>Aggregate</FormatTypes>
      <FormatDisclosure>
      </FormatDisclosure>
      <FormatDescription>This is an outline record only, and requires further details, research or authentication to provide information that will enable users to further understand the format and to assess digital preservation risks associated with it if appropriate. If you are able to help by supplying any additional information concerning this entry, please return to the main PRONOM page and select ‘Add an Entry’.</FormatDescription>
      <BinaryFileFormat>Text</BinaryFileFormat>
      <ByteOrders>
      </ByteOrders>
      <ReleaseDate>
      </ReleaseDate>
      <WithdrawnDate>
      </WithdrawnDate>
      <ProvenanceSourceID>1</ProvenanceSourceID>
      <ProvenanceName>Digital Preservation Department / The National Archives</ProvenanceName>
      <ProvenanceSourceDate>02 Aug 2005</ProvenanceSourceDate>
      <ProvenanceDescription>
      </ProvenanceDescription>
      <LastUpdatedDate>02 Aug 2005</LastUpdatedDate>
      <FormatNote>
      </FormatNote>
      <FormatRisk>
      </FormatRisk>
      <TechnicalEnvironment>
      </TechnicalEnvironment>
      <FileFormatIdentifier>
        <Identifier>application/zip</Identifier>
        <IdentifierType>MIME</IdentifierType>
      </FileFormatIdentifier>
      <FileFormatIdentifier>
        <Identifier>com.pkware.zip-archive</Identifier>
        <IdentifierType>Apple Uniform Type Identifier</IdentifierType>
      </FileFormatIdentifier>
      <FileFormatIdentifier>
        <Identifier>x-fmt/263</Identifier>
        <IdentifierType>PUID</IdentifierType>
      </FileFormatIdentifier>
      <ExternalSignature>
        <ExternalSignatureID>369</ExternalSignatureID>
        <Signature>zip</Signature>
        <SignatureType>File extension</SignatureType>
      </ExternalSignature>
      <InternalSignature>
        <SignatureID>200</SignatureID>
        <SignatureName>ZIP format</SignatureName>
        <SignatureNote>Local file header at BOF (with maximum offset of 4 bytes) + central file header and end of central directory near EOF. NB. The signature byte sequence is currently massaged to steer around the known PRONOM bug in the area of right fragment matching when the longest fragment is not nearest EOF. The first fragment in the EOF byte sequence has been shortened by 1 byte to ensure that the subsequent fragment is the longest. This abbreviation does not reduce the overall signature strength too much and so will hopefully not result in any false pisitive identification. When the PRONOM bug has been fixed, the "504B01" at the start of the EOF byte sequence should be extended to "504B0102", and this note reduced.</SignatureNote>
        <ByteSequence>
          <ByteSequenceID>258</ByteSequenceID>
          <PositionType>Absolute from BOF</PositionType>
          <Offset>0</Offset>
          <MaxOffset>4</MaxOffset>
          <IndirectOffsetLocation>
          </IndirectOffsetLocation>
          <IndirectOffsetLength>
          </IndirectOffsetLength>
          <Endianness>
          </Endianness>
          <ByteSequenceValue>504B0304</ByteSequenceValue>
        </ByteSequence>
        <ByteSequence>
          <ByteSequenceID>338</ByteSequenceID>
          <PositionType>Absolute from EOF</PositionType>
          <Offset>0</Offset>
          <MaxOffset>
          </MaxOffset>
          <IndirectOffsetLocation>
          </IndirectOffsetLocation>
          <IndirectOffsetLength>
          </IndirectOffsetLength>
          <Endianness>Little-endian</Endianness>
          <ByteSequenceValue>504B01{43-65531}504B0506{18-65531}</ByteSequenceValue>
        </ByteSequence>
      </InternalSignature>
      <RelatedFormat>
        <RelationshipType>Has lower priority than</RelationshipType>
        <RelatedFormatID>745</RelatedFormatID>
        <RelatedFormatName>OpenOffice Writer</RelatedFormatName>
        <RelatedFormatVersion>1.0</RelatedFormatVersion>
      </RelatedFormat>
      <RelatedFormat>
        <RelationshipType>Has lower priority than</RelationshipType>
        <RelatedFormatID>746</RelatedFormatID>
        <RelatedFormatName>OpenOffice Calc</RelatedFormatName>
        <RelatedFormatVersion>1.0</RelatedFormatVersion>
      </RelatedFormat>
      <RelatedFormat>
        <RelationshipType>Has lower priority than</RelationshipType>
        <RelatedFormatID>747</RelatedFormatID>
        <RelatedFormatName>OpenOffice Impress</RelatedFormatName>
        <RelatedFormatVersion>1.0</RelatedFormatVersion>
      </RelatedFormat>
      <RelatedFormat>
        <RelationshipType>Has lower priority than</RelationshipType>
        <RelatedFormatID>748</RelatedFormatID>
        <RelatedFormatName>OpenOffice Draw</RelatedFormatName>
        <RelatedFormatVersion>1.0</RelatedFormatVersion>
      </RelatedFormat>
      <RelatedFormat>
        <RelationshipType>Has lower priority than</RelationshipType>
        <RelatedFormatID>777</RelatedFormatID>
        <RelatedFormatName>Java Archive Format</RelatedFormatName>
        <RelatedFormatVersion>
        </RelatedFormatVersion>
      </RelatedFormat>
      <RelatedFormat>
        <RelationshipType>Has lower priority than</RelationshipType>
        <RelatedFormatID>778</RelatedFormatID>
        <RelatedFormatName>OpenDocument Format</RelatedFormatName>
        <RelatedFormatVersion>1.0</RelatedFormatVersion>
      </RelatedFormat>
      <RelatedFormat>
        <RelationshipType>Has lower priority than</RelationshipType>
        <RelatedFormatID>783</RelatedFormatID>
        <RelatedFormatName>OpenDocument Database Format</RelatedFormatName>
        <RelatedFormatVersion>1.0</RelatedFormatVersion>
      </RelatedFormat>
      <RelatedFormat>
        <RelationshipType>Has lower priority than</RelationshipType>
        <RelatedFormatID>876</RelatedFormatID>
        <RelatedFormatName>SIARD (Software-Independent Archiving of Relational Databases)</RelatedFormatName>
        <RelatedFormatVersion>1.0</RelatedFormatVersion>
      </RelatedFormat>
      <RelatedFormat>
        <RelationshipType>Has lower priority than</RelationshipType>
        <RelatedFormatID>910</RelatedFormatID>
        <RelatedFormatName>Microsoft Office Open XML</RelatedFormatName>
        <RelatedFormatVersion>2007 onwards</RelatedFormatVersion>
      </RelatedFormat>
      <RelatedFormat>
        <RelationshipType>Has lower priority than</RelationshipType>
        <RelatedFormatID>1033</RelatedFormatID>
        <RelatedFormatName>OpenDocument Text</RelatedFormatName>
        <RelatedFormatVersion>1.1</RelatedFormatVersion>
      </RelatedFormat>
      <RelatedFormat>
        <RelationshipType>Has lower priority than</RelationshipType>
        <RelatedFormatID>1034</RelatedFormatID>
        <RelatedFormatName>OpenDocument Text</RelatedFormatName>
        <RelatedFormatVersion>1.2</RelatedFormatVersion>
      </RelatedFormat>
      <RelatedFormat>
        <RelationshipType>Has lower priority than</RelationshipType>
        <RelatedFormatID>1035</RelatedFormatID>
        <RelatedFormatName>OpenDocument Presentation</RelatedFormatName>
        <RelatedFormatVersion>1.1</RelatedFormatVersion>
      </RelatedFormat>
      <RelatedFormat>
        <RelationshipType>Has lower priority than</RelationshipType>
        <RelatedFormatID>1036</RelatedFormatID>
        <RelatedFormatName>OpenDocument Presentation</RelatedFormatName>
        <RelatedFormatVersion>1.2</RelatedFormatVersion>
      </RelatedFormat>
      <RelatedFormat>
        <RelationshipType>Has lower priority than</RelationshipType>
        <RelatedFormatID>1037</RelatedFormatID>
        <RelatedFormatName>OpenDocument Spreadsheet</RelatedFormatName>
        <RelatedFormatVersion>1.1</RelatedFormatVersion>
      </RelatedFormat>
      <RelatedFormat>
        <RelationshipType>Has lower priority than</RelationshipType>
        <RelatedFormatID>1038</RelatedFormatID>
        <RelatedFormatName>OpenDocument Spreadsheet</RelatedFormatName>
        <RelatedFormatVersion>1.2</RelatedFormatVersion>
      </RelatedFormat>
      <RelatedFormat>
        <RelationshipType>Has lower priority than</RelationshipType>
        <RelatedFormatID>1039</RelatedFormatID>
        <RelatedFormatName>OpenDocument Graphics</RelatedFormatName>
        <RelatedFormatVersion>1.1</RelatedFormatVersion>
      </RelatedFormat>
      <RelatedFormat>
        <RelationshipType>Has lower priority than</RelationshipType>
        <RelatedFormatID>1040</RelatedFormatID>
        <RelatedFormatName>OpenDocument Graphics</RelatedFormatName>
        <RelatedFormatVersion>1.2</RelatedFormatVersion>
      </RelatedFormat>
      <RelatedFormat>
        <RelationshipType>Has lower priority than</RelationshipType>
        <RelatedFormatID>1206</RelatedFormatID>
        <RelatedFormatName>OpenDocument Database Format</RelatedFormatName>
        <RelatedFormatVersion>1.2</RelatedFormatVersion>
      </RelatedFormat>
      <RelatedFormat>
        <RelationshipType>Has lower priority than</RelationshipType>
        <RelatedFormatID>1215</RelatedFormatID>
        <RelatedFormatName>CorelDraw Drawing</RelatedFormatName>
        <RelatedFormatVersion>X4</RelatedFormatVersion>
      </RelatedFormat>
      <RelatedFormat>
        <RelationshipType>Has lower priority than</RelationshipType>
        <RelatedFormatID>1216</RelatedFormatID>
        <RelatedFormatName>CorelDraw Drawing</RelatedFormatName>
        <RelatedFormatVersion>X5</RelatedFormatVersion>
      </RelatedFormat>
      <RelatedFormat>
        <RelationshipType>Has lower priority than</RelationshipType>
        <RelatedFormatID>1231</RelatedFormatID>
        <RelatedFormatName>OpenDocument Database Format</RelatedFormatName>
        <RelatedFormatVersion>1.1</RelatedFormatVersion>
      </RelatedFormat>
      <RelatedFormat>
        <RelationshipType>Has lower priority than</RelationshipType>
        <RelatedFormatID>1269</RelatedFormatID>
        <RelatedFormatName>Apple iBook format</RelatedFormatName>
        <RelatedFormatVersion>
        </RelatedFormatVersion>
      </RelatedFormat>
      <RelatedFormat>
        <RelationshipType>Has lower priority than</RelationshipType>
        <RelatedFormatID>1270</RelatedFormatID>
        <RelatedFormatName>ePub format</RelatedFormatName>
        <RelatedFormatVersion>
        </RelatedFormatVersion>
      </RelatedFormat>
      <RelatedFormat>
        <RelationshipType>Has lower priority than</RelationshipType>
        <RelatedFormatID>2393</RelatedFormatID>
        <RelatedFormatName>ISDOCX Information System Document</RelatedFormatName>
        <RelatedFormatVersion>5.x</RelatedFormatVersion>
      </RelatedFormat>
      <RelatedFormat>
        <RelationshipType>Has lower priority than</RelationshipType>
        <RelatedFormatID>2396</RelatedFormatID>
        <RelatedFormatName>ISDOCX Information System Document</RelatedFormatName>
        <RelatedFormatVersion>6.0.1</RelatedFormatVersion>
      </RelatedFormat>
      <RelatedFormat>
        <RelationshipType>Has lower priority than</RelationshipType>
        <RelatedFormatID>2518</RelatedFormatID>
        <RelatedFormatName>EndNote Library</RelatedFormatName>
        <RelatedFormatVersion>X - X9</RelatedFormatVersion>
      </RelatedFormat>
      <RelatedFormat>
        <RelationshipType>Has lower priority than</RelationshipType>
        <RelatedFormatID>2519</RelatedFormatID>
        <RelatedFormatName>EndNote Compressed Library</RelatedFormatName>
        <RelatedFormatVersion>X - X9</RelatedFormatVersion>
      </RelatedFormat>
      <RelatedFormat>
        <RelationshipType>Has lower priority than</RelationshipType>
        <RelatedFormatID>2521</RelatedFormatID>
        <RelatedFormatName>EndNote Compressed Library</RelatedFormatName>
        <RelatedFormatVersion>20</RelatedFormatVersion>
      </RelatedFormat>
    </FileFormat>
    <SearchCriteria>Criteria</SearchCriteria>
  </report_format_detail>
</PRONOM-Report>
