<?xml version="1.0" encoding="utf-8"?>
<PRONOM-Report xmlns="http://pronom.nationalarchives.gov.uk">
  <report_format_detail>
    <FileFormat>
      <FormatID>620</FormatID>
      <FormatName>Graphics Interchange Format</FormatName>
      <FormatVersion>89a</FormatVersion>
      <FormatAliases>GIF (1989a)</FormatAliases>
      <FormatFamilies>
      </FormatFamilies>
      <FormatTypes>Image (Raster)</FormatTypes>
      <FormatDisclosure>Full</FormatDisclosure>
      <FormatDescription>The Graphics Interchange Format (GIF) is a raster image format developed by Compuserve, primarily for use on the internet. A GIF file begins with a Header section and a Logical Screen Descriptor section. This is followed by one or more Image sections, and the file is terminated by a Trailer. GIF supports bit depths between 1 and 8 bits (i.e. up to 256 colours) and supports features such as interlacing and transparency. Images are always stored using lossless LZW compression. GIF 89a introduced a number of new features, including a series of optional Control Extensions, which can be used to control the rendering of images within a file.</FormatDescription>
      <BinaryFileFormat>Binary</BinaryFileFormat>
      <ByteOrders>Little-endian (Intel)</ByteOrders>
      <ReleaseDate>31 Jul 1990</ReleaseDate>
      <WithdrawnDate>
      </WithdrawnDate>
      <ProvenanceSourceID>1</ProvenanceSourceID>
      <ProvenanceName>Digital Preservation Department / The National Archives</ProvenanceName>
      <ProvenanceSourceDate>11 Mar 2005</ProvenanceSourceDate>
      <ProvenanceDescription>
      </ProvenanceDescription>
      <LastUpdatedDate>02 Aug 2005</LastUpdatedDate>
      <FormatNote>
      </FormatNote>
      <FormatRisk>
      </FormatRisk>
      <TechnicalEnvironment>
      </TechnicalEnvironment>
      <FileFormatIdentifier>
        <Identifier>com.compuserve.gif</Identifier>
        <IdentifierType>Apple Uniform Type Identifier</IdentifierType>
      </FileFormatIdentifier>
      <FileFormatIdentifier>
        <Identifier>fmt/4</Identifier>
        <IdentifierType>PUID</IdentifierType>
      </FileFormatIdentifier>
      <FileFormatIdentifier>
        <Identifier>image/gif</Identifier>
        <IdentifierType>MIME</IdentifierType>
      </FileFormatIdentifier>
      <Developers>
        <DeveloperID>108</DeveloperID>
        <DeveloperName>
        </DeveloperName>
        <OrganisationName>Compuserve Incorporated</OrganisationName>
        <DeveloperCompoundName>Compuserve Incorporated</DeveloperCompoundName>
      </Developers>
      <Document>
        <DocumentID>31</DocumentID>
        <DisplayText>Compuserve Incorporated, 1990, Graphics Interchange Format: Version 1989a</DisplayText>
        <DocumentType>Authoritative</DocumentType>
        <AvailabilityDescription>Public</AvailabilityDescription>
        <AvailabilityNote>
        </AvailabilityNote>
        <PublicationDate>01 Jan 1990</PublicationDate>
        <TitleText>Graphics Interchange Format: Version 1989a</TitleText>
        <DocumentIPR>
        </DocumentIPR>
        <DocumentNote>
        </DocumentNote>
        <DocumentIdentifier>
          <Identifier>www.w3.org/Graphics/GIF/spec-gif89a.txt</Identifier>
          <IdentifierType>URL</IdentifierType>
        </DocumentIdentifier>
        <Author>
          <AuthorID>108</AuthorID>
          <AuthorName>
          </AuthorName>
          <OrganisationName>Compuserve Incorporated</OrganisationName>
          <AuthorCompoundName>Compuserve Incorporated</AuthorCompoundName>
        </Author>
        <Publisher>
          <PublisherID>108</PublisherID>
          <PublisherName>
          </PublisherName>
          <OrganisationName>Compuserve Incorporated</OrganisationName>
          <PublisherCompoundName>Compuserve Incorporated</PublisherCompoundName>
        </Publisher>
      </Document>
      <ExternalSignature>
        <ExternalSignatureID>722</ExternalSignatureID>
        <Signature>gif</Signature>
        <SignatureType>File extension</SignatureType>
      </ExternalSignature>
      <InternalSignature>
        <SignatureID>17</SignatureID>
        <SignatureName>GIF 1989a</SignatureName>
        <SignatureNote>header &amp; trailer</SignatureNote>
        <ByteSequence>
          <ByteSequenceID>181</ByteSequenceID>
          <PositionType>Absolute from BOF</PositionType>
          <Offset>0</Offset>
          <MaxOffset>0</MaxOffset>
          <IndirectOffsetLocation>
          </IndirectOffsetLocation>
          <IndirectOffsetLength>
          </IndirectOffsetLength>
          <Endianness>
          </Endianness>
          <ByteSequenceValue>474946383961</ByteSequenceValue>
        </ByteSequence>
        <ByteSequence>
          <ByteSequenceID>182</ByteSequenceID>
          <PositionType>Absolute from EOF</PositionType>
          <Offset>0</Offset>
          <MaxOffset>4</MaxOffset>
          <IndirectOffsetLocation>
          </IndirectOffsetLocation>
          <IndirectOffsetLength>
          </IndirectOffsetLength>
          <Endianness>
          </Endianness>
          <ByteSequenceValue>3B</ByteSequenceValue>
        </ByteSequence>
      </InternalSignature>
      <RelatedFormat>
        <RelationshipType>Is subsequent version of</RelationshipType>
        <RelatedFormatID>619</RelatedFormatID>
        <RelatedFormatName>Graphics Interchange Format</RelatedFormatName>
        <RelatedFormatVersion>87a</RelatedFormatVersion>
      </RelatedFormat>
      <CompressionType>
        <CompressionID>12</CompressionID>
        <CompressionName>Lempel-Ziv-Welch</CompressionName>
        <CompressionVersion>
        </CompressionVersion>
        <CompressionAliases>LZW</CompressionAliases>
        <CompressionFamilies>
        </CompressionFamilies>
        <Description>The Lempel-Ziv-Welch compression algorithm was developed by Terry Welch in 1984, as a modification of the LZ78 compressor. It is a lossless technique which can be applied to almost any type of data, but is most commonly used for image compression. LZW compression is effective on images with colour depths from 1-bit (monochrome) to 24-bit (True Colour). LZW compression is encountered in a range of common graphics file formats, including TIFF and GIF.</Description>
        <Lossiness>Lossless</Lossiness>
        <ReleaseDate>01 Jan 1984</ReleaseDate>
        <WithdrawnDate>
        </WithdrawnDate>
        <CompressionDocumentation>Welch, T A, 1984, A technique for high performance data compression, IEEE Computer, 17: 6</CompressionDocumentation>
        <CompressionIPR>
        </CompressionIPR>
        <CompressionNote>
        </CompressionNote>
        <CompressionIdentifier>
          <Identifier>x-cmp/12</Identifier>
          <IdentifierType>PUID</IdentifierType>
        </CompressionIdentifier>
        <Developer>
          <DeveloperID>121</DeveloperID>
          <DeveloperName>T A Welch</DeveloperName>
          <OrganisationName>
          </OrganisationName>
          <DeveloperCompoundName>T A Welch / [No organisation specified]</DeveloperCompoundName>
        </Developer>
      </CompressionType>
      <FormatProperties>
        <FormatProperty>
          <PropertyName>Compression Type</PropertyName>
          <PropertyDescription>
          </PropertyDescription>
          <PropertyType>Instance</PropertyType>
          <PropertyRiskScore>
          </PropertyRiskScore>
          <PropertyHighRisk>
          </PropertyHighRisk>
          <PropertyValueDescription>
          </PropertyValueDescription>
          <PropertyRisks />
        </FormatProperty>
        <FormatProperty>
          <PropertyName>Image Width</PropertyName>
          <PropertyDescription>
          </PropertyDescription>
          <PropertyType>Instance</PropertyType>
          <PropertyRiskScore>
          </PropertyRiskScore>
          <PropertyHighRisk>
          </PropertyHighRisk>
          <PropertyValueDescription>
          </PropertyValueDescription>
          <PropertyRisks />
        </FormatProperty>
        <FormatProperty>
          <PropertyName>Image Height</PropertyName>
          <PropertyDescription>
          </PropertyDescription>
          <PropertyType>Instance</PropertyType>
          <PropertyRiskScore>
          </PropertyRiskScore>
          <PropertyHighRisk>
          </PropertyHighRisk>
          <PropertyValueDescription>
          </PropertyValueDescription>
          <PropertyRisks />
        </FormatProperty>
        <FormatProperty>
          <PropertyName>Colour Space</PropertyName>
          <PropertyDescription>
          </PropertyDescription>
          <PropertyType>Instance</PropertyType>
          <PropertyRiskScore>
          </PropertyRiskScore>
          <PropertyHighRisk>
          </PropertyHighRisk>
          <PropertyValueDescription>
          </PropertyValueDescription>
          <PropertyRisks />
        </FormatProperty>
        <FormatProperty>
          <PropertyName>Bits Per Sample</PropertyName>
          <PropertyDescription>
          </PropertyDescription>
          <PropertyType>Instance</PropertyType>
          <PropertyRiskScore>
          </PropertyRiskScore>
          <PropertyHighRisk>
          </PropertyHighRisk>
          <PropertyValueDescription>
          </PropertyValueDescription>
          <PropertyRisks />
        </FormatProperty>
        <FormatProperty>
          <PropertyName>Byte Order</PropertyName>
          <PropertyDescription>
          </PropertyDescription>
          <PropertyType>Instance</PropertyType>
          <PropertyRiskScore>
          </PropertyRiskScore>
          <PropertyHighRisk>
          </PropertyHighRisk>
          <PropertyValueDescription>
          </PropertyValueDescription>
          <PropertyRisks />
        </FormatProperty>
      </FormatProperties>
    </FileFormat>
    <SearchCriteria>Criteria</SearchCriteria>
  </report_format_detail>
</PRONOM-Report>
