<?xml version="1.0" encoding="utf-8"?>
<PRONOM-Report xmlns="http://pronom.nationalarchives.gov.uk">
  <report_format_detail>
    <FileFormat>
      <FormatID>75</FormatID>
      <FormatName>WordPerfect for MS-DOS/Windows Document</FormatName>
      <FormatVersion>6.x</FormatVersion>
      <FormatAliases>
      </FormatAliases>
      <FormatFamilies>
      </FormatFamilies>
      <FormatTypes>Word Processor</FormatTypes>
      <FormatDisclosure>
      </FormatDisclosure>
      <FormatDescription>This is an outline record only, and requires further details, research or authentication to provide information that will enable users to further understand the format and to assess digital preservation risks associated with it if appropriate. If you are able to help by supplying any additional information concerning this entry, please return to the main PRONOM page and select ‘Add an Entry’.</FormatDescription>
      <BinaryFileFormat>Text</BinaryFileFormat>
      <ByteOrders>
      </ByteOrders>
      <ReleaseDate>13 Sep 1993</ReleaseDate>
      <WithdrawnDate>
      </WithdrawnDate>
      <ProvenanceSourceID>1</ProvenanceSourceID>
      <ProvenanceName>Digital Preservation Department / The National Archives</ProvenanceName>
      <ProvenanceSourceDate>02 Aug 2005</ProvenanceSourceDate>
      <ProvenanceDescription>
      </ProvenanceDescription>
      <LastUpdatedDate>06 Mar 2023</LastUpdatedDate>
      <FormatNote>
      </FormatNote>
      <FormatRisk>
      </FormatRisk>
      <TechnicalEnvironment>
      </TechnicalEnvironment>
      <FileFormatIdentifier>
        <Identifier>application/vnd.wordperfect</Identifier>
        <IdentifierType>MIME</IdentifierType>
      </FileFormatIdentifier>
      <FileFormatIdentifier>
        <Identifier>x-fmt/44</Identifier>
        <IdentifierType>PUID</IdentifierType>
      </FileFormatIdentifier>
      <Document>
        <DocumentID>4</DocumentID>
        <DisplayText>Born, G, 1995, The file formats handbook, International Thompson Computer Press</DisplayText>
        <DocumentType>Informative</DocumentType>
        <AvailabilityDescription>Public</AvailabilityDescription>
        <AvailabilityNote>
        </AvailabilityNote>
        <PublicationDate>01 Jan 1995</PublicationDate>
        <TitleText>The file formats handbook</TitleText>
        <DocumentIPR>
        </DocumentIPR>
        <DocumentNote>
        </DocumentNote>
        <DocumentIdentifier>
          <Identifier>1-85032-117-5</Identifier>
          <IdentifierType>ISBN</IdentifierType>
        </DocumentIdentifier>
        <Author>
          <AuthorID>115</AuthorID>
          <AuthorName>
          </AuthorName>
          <OrganisationName>Gunter Born</OrganisationName>
          <AuthorCompoundName>Gunter Born</AuthorCompoundName>
        </Author>
        <Publisher>
          <PublisherID>117</PublisherID>
          <PublisherName>
          </PublisherName>
          <OrganisationName>International Thompson Computer Press</OrganisationName>
          <PublisherCompoundName>International Thompson Computer Press</PublisherCompoundName>
        </Publisher>
      </Document>
      <ExternalSignature>
        <ExternalSignatureID>69</ExternalSignatureID>
        <Signature>doc</Signature>
        <SignatureType>File extension</SignatureType>
      </ExternalSignature>
      <ExternalSignature>
        <ExternalSignatureID>166</ExternalSignatureID>
        <Signature>wpd</Signature>
        <SignatureType>File extension</SignatureType>
      </ExternalSignature>
      <ExternalSignature>
        <ExternalSignatureID>610</ExternalSignatureID>
        <Signature>wp6</Signature>
        <SignatureType>File extension</SignatureType>
      </ExternalSignature>
      <ExternalSignature>
        <ExternalSignatureID>655</ExternalSignatureID>
        <Signature>wp</Signature>
        <SignatureType>File extension</SignatureType>
      </ExternalSignature>
      <ExternalSignature>
        <ExternalSignatureID>711</ExternalSignatureID>
        <Signature>w60</Signature>
        <SignatureType>File extension</SignatureType>
      </ExternalSignature>
      <ExternalSignature>
        <ExternalSignatureID>3299</ExternalSignatureID>
        <Signature>w61</Signature>
        <SignatureType>File extension</SignatureType>
      </ExternalSignature>
      <ExternalSignature>
        <ExternalSignatureID>3300</ExternalSignatureID>
        <Signature>w62</Signature>
        <SignatureType>File extension</SignatureType>
      </ExternalSignature>
      <InternalSignature>
        <SignatureID>246</SignatureID>
        <SignatureName>WordPerfect for Windows 6.x</SignatureName>
        <SignatureNote>Major and minor version fields are the main variants between version of 6.x (The last two bytes in this signature). The signature follows the pattern of: BOF Byte 0 = FF, Bytes 1-3 = WPC, Bytes 4-7 = size of header, Byte 8 = Product, Byte 9 = FileType, Byte 10 = Major version, Byte 11= Minor Version, Bytes 12-13 = Encryption, Bytes 14-15 = Unused (0).</SignatureNote>
        <ByteSequence>
          <ByteSequenceID>321</ByteSequenceID>
          <PositionType>Absolute from BOF</PositionType>
          <Offset>0</Offset>
          <MaxOffset>0</MaxOffset>
          <IndirectOffsetLocation>
          </IndirectOffsetLocation>
          <IndirectOffsetLength>
          </IndirectOffsetLength>
          <Endianness>Little-endian</Endianness>
          <ByteSequenceValue>FF575043{4}010A02(00|01|02)</ByteSequenceValue>
        </ByteSequence>
      </InternalSignature>
      <RelatedFormat>
        <RelationshipType>Is subsequent version of</RelationshipType>
        <RelatedFormatID>281</RelatedFormatID>
        <RelatedFormatName>WordPerfect for Windows Document</RelatedFormatName>
        <RelatedFormatVersion>5.2</RelatedFormatVersion>
      </RelatedFormat>
      <RelatedFormat>
        <RelationshipType>Is subsequent version of</RelationshipType>
        <RelatedFormatID>737</RelatedFormatID>
        <RelatedFormatName>WordPerfect for MS-DOS/Windows Document</RelatedFormatName>
        <RelatedFormatVersion>5.1</RelatedFormatVersion>
      </RelatedFormat>
    </FileFormat>
    <SearchCriteria>Criteria</SearchCriteria>
  </report_format_detail>
</PRONOM-Report>
