<?xml version="1.0" encoding="utf-8"?>
<PRONOM-Report xmlns="http://pronom.nationalarchives.gov.uk">
  <report_format_detail>
    <FileFormat>
      <FormatID>658</FormatID>
      <FormatName>Quicktime</FormatName>
      <FormatVersion>
      </FormatVersion>
      <FormatAliases>MOV, QT</FormatAliases>
      <FormatFamilies>
      </FormatFamilies>
      <FormatTypes>Video</FormatTypes>
      <FormatDisclosure>Full</FormatDisclosure>
      <FormatDescription>The QuickTime file format is a format for storing multimedia content, principally video, developed by Apple. The basic data unit in a QuickTime file is the atom. Each atom contains size and type information along with its data. The size field indicates the number of bytes in the atom, including the size and type fields. The type field specifies the type of data stored in the atom and, by implication, the format of that data. Atoms are hierarchical in nature. That is, one atom can contain one or more other atoms of varying types. For example, a movie atom contains one track atom for each track in the movie. The track atoms, in turn, contain one or more media atoms each, along with other atoms that define other track and movie characteristics. This hierarchical structure of atoms is referred to as a containment hierarchy. A QuickTime file is simply a collection of atoms. QuickTime does not impose any rules about the order of these atoms.</FormatDescription>
      <BinaryFileFormat>Binary</BinaryFileFormat>
      <ByteOrders>Big-endian (Motorola)</ByteOrders>
      <ReleaseDate>
      </ReleaseDate>
      <WithdrawnDate>
      </WithdrawnDate>
      <ProvenanceSourceID>1</ProvenanceSourceID>
      <ProvenanceName>Digital Preservation Department / The National Archives</ProvenanceName>
      <ProvenanceSourceDate>11 Mar 2005</ProvenanceSourceDate>
      <ProvenanceDescription>
      </ProvenanceDescription>
      <LastUpdatedDate>02 Aug 2005</LastUpdatedDate>
      <FormatNote>
      </FormatNote>
      <FormatRisk>
      </FormatRisk>
      <TechnicalEnvironment>
      </TechnicalEnvironment>
      <FileFormatIdentifier>
        <Identifier>video/quicktime</Identifier>
        <IdentifierType>MIME</IdentifierType>
      </FileFormatIdentifier>
      <FileFormatIdentifier>
        <Identifier>x-fmt/384</Identifier>
        <IdentifierType>PUID</IdentifierType>
      </FileFormatIdentifier>
      <Developers>
        <DeveloperID>15</DeveloperID>
        <DeveloperName>
        </DeveloperName>
        <OrganisationName>Apple Computer, Inc.</OrganisationName>
        <DeveloperCompoundName>Apple Computer, Inc.</DeveloperCompoundName>
      </Developers>
      <Document>
        <DocumentID>57</DocumentID>
        <DisplayText>Apple Computer, Incorporated, 2000, Inside QuickTime: QuickTime File Format</DisplayText>
        <DocumentType>Authoritative</DocumentType>
        <AvailabilityDescription>Public</AvailabilityDescription>
        <AvailabilityNote>
        </AvailabilityNote>
        <PublicationDate>01 Jan 2000</PublicationDate>
        <TitleText>Inside QuickTime: QuickTime File Format</TitleText>
        <DocumentIPR>
        </DocumentIPR>
        <DocumentNote>
        </DocumentNote>
        <Author>
          <AuthorID>15</AuthorID>
          <AuthorName>
          </AuthorName>
          <OrganisationName>Apple Computer, Inc.</OrganisationName>
          <AuthorCompoundName>Apple Computer, Inc.</AuthorCompoundName>
        </Author>
        <Publisher>
          <PublisherID>15</PublisherID>
          <PublisherName>
          </PublisherName>
          <OrganisationName>Apple Computer, Inc.</OrganisationName>
          <PublisherCompoundName>Apple Computer, Inc.</PublisherCompoundName>
        </Publisher>
      </Document>
      <ExternalSignature>
        <ExternalSignatureID>707</ExternalSignatureID>
        <Signature>mov</Signature>
        <SignatureType>File extension</SignatureType>
      </ExternalSignature>
      <ExternalSignature>
        <ExternalSignatureID>710</ExternalSignatureID>
        <Signature>qtm</Signature>
        <SignatureType>File extension</SignatureType>
      </ExternalSignature>
      <InternalSignature>
        <SignatureID>56</SignatureID>
        <SignatureName>QuickTime 1</SignatureName>
        <SignatureNote>Movie atom (moov) + movie header atom (mvhd)</SignatureNote>
        <ByteSequence>
          <ByteSequenceID>159</ByteSequenceID>
          <PositionType>Absolute from BOF</PositionType>
          <Offset>4</Offset>
          <MaxOffset>
          </MaxOffset>
          <IndirectOffsetLocation>
          </IndirectOffsetLocation>
          <IndirectOffsetLength>
          </IndirectOffsetLength>
          <Endianness>
          </Endianness>
          <ByteSequenceValue>6D6F6F76{4}6D766864</ByteSequenceValue>
        </ByteSequence>
      </InternalSignature>
      <InternalSignature>
        <SignatureID>167</SignatureID>
        <SignatureName>Quicktime 2</SignatureName>
        <SignatureNote>Movie data atom (mdat) + movie atom (moov) + movie header atom (mvhd)</SignatureNote>
        <ByteSequence>
          <ByteSequenceID>197</ByteSequenceID>
          <PositionType>Absolute from BOF</PositionType>
          <Offset>4</Offset>
          <MaxOffset>
          </MaxOffset>
          <IndirectOffsetLocation>
          </IndirectOffsetLocation>
          <IndirectOffsetLength>
          </IndirectOffsetLength>
          <Endianness>
          </Endianness>
          <ByteSequenceValue>6D646174*6D6F6F76{4}6D766864</ByteSequenceValue>
        </ByteSequence>
      </InternalSignature>
      <InternalSignature>
        <SignatureID>168</SignatureID>
        <SignatureName>Quicktime 3</SignatureName>
        <SignatureNote>Movie atom (moov) + compressed movie atom (cmov) + data compression atom (dcom)</SignatureNote>
        <ByteSequence>
          <ByteSequenceID>198</ByteSequenceID>
          <PositionType>Absolute from BOF</PositionType>
          <Offset>4</Offset>
          <MaxOffset>
          </MaxOffset>
          <IndirectOffsetLocation>
          </IndirectOffsetLocation>
          <IndirectOffsetLength>
          </IndirectOffsetLength>
          <Endianness>
          </Endianness>
          <ByteSequenceValue>6D6F6F76{4}636D6F76{4}64636F6D</ByteSequenceValue>
        </ByteSequence>
      </InternalSignature>
      <InternalSignature>
        <SignatureID>169</SignatureID>
        <SignatureName>Quicktime 4</SignatureName>
        <SignatureNote>Movie data atom (mdat) + movie atom (moov) + compressed movie atom (cmov) + data compression atom (dcom)</SignatureNote>
        <ByteSequence>
          <ByteSequenceID>199</ByteSequenceID>
          <PositionType>Absolute from BOF</PositionType>
          <Offset>4</Offset>
          <MaxOffset>
          </MaxOffset>
          <IndirectOffsetLocation>
          </IndirectOffsetLocation>
          <IndirectOffsetLength>
          </IndirectOffsetLength>
          <Endianness>
          </Endianness>
          <ByteSequenceValue>6D646174*6D6F6F76{4}636D6F76{4}64636F6D</ByteSequenceValue>
        </ByteSequence>
      </InternalSignature>
      <InternalSignature>
        <SignatureID>194</SignatureID>
        <SignatureName>QuickTime 5</SignatureName>
        <SignatureNote>Placeholder atom (wide) + movie data atom (mdat) + movie atom (moov) + movie header atom (mvhd)</SignatureNote>
        <ByteSequence>
          <ByteSequenceID>252</ByteSequenceID>
          <PositionType>Absolute from BOF</PositionType>
          <Offset>0</Offset>
          <MaxOffset>
          </MaxOffset>
          <IndirectOffsetLocation>
          </IndirectOffsetLocation>
          <IndirectOffsetLength>
          </IndirectOffsetLength>
          <Endianness>
          </Endianness>
          <ByteSequenceValue>0000000877696465{4}6D646174*6D6F6F76{4}6D766864</ByteSequenceValue>
        </ByteSequence>
      </InternalSignature>
      <InternalSignature>
        <SignatureID>195</SignatureID>
        <SignatureName>QuickTime 6</SignatureName>
        <SignatureNote>Placeholder atom (wide) + movie data atom (mdat) + movie atom (moov) + compressed movie atom (cmov) + data compression atom (dcom)</SignatureNote>
        <ByteSequence>
          <ByteSequenceID>253</ByteSequenceID>
          <PositionType>Absolute from BOF</PositionType>
          <Offset>0</Offset>
          <MaxOffset>
          </MaxOffset>
          <IndirectOffsetLocation>
          </IndirectOffsetLocation>
          <IndirectOffsetLength>
          </IndirectOffsetLength>
          <Endianness>
          </Endianness>
          <ByteSequenceValue>0000000877696465{4}6D646174*6D6F6F76{4}636D6F76{4}64636F6D</ByteSequenceValue>
        </ByteSequence>
      </InternalSignature>
      <InternalSignature>
        <SignatureID>212</SignatureID>
        <SignatureName>QuickTime</SignatureName>
        <SignatureNote>Atoms: mdat, cmov, moov, ftyp, pnot, wide, skip, free, junk, or pict</SignatureNote>
        <ByteSequence>
          <ByteSequenceID>286</ByteSequenceID>
          <PositionType>Absolute from BOF</PositionType>
          <Offset>4</Offset>
          <MaxOffset>
          </MaxOffset>
          <IndirectOffsetLocation>
          </IndirectOffsetLocation>
          <IndirectOffsetLength>
          </IndirectOffsetLength>
          <Endianness>Little-endian</Endianness>
          <ByteSequenceValue>6D646174</ByteSequenceValue>
        </ByteSequence>
      </InternalSignature>
      <InternalSignature>
        <SignatureID>691</SignatureID>
        <SignatureName>QuickTime 7</SignatureName>
        <SignatureNote>size + ftyp + qt2020</SignatureNote>
        <ByteSequence>
          <ByteSequenceID>856</ByteSequenceID>
          <PositionType>Absolute from BOF</PositionType>
          <Offset>
          </Offset>
          <MaxOffset>
          </MaxOffset>
          <IndirectOffsetLocation>
          </IndirectOffsetLocation>
          <IndirectOffsetLength>
          </IndirectOffsetLength>
          <Endianness>
          </Endianness>
          <ByteSequenceValue>000000{1}6674797071742020</ByteSequenceValue>
        </ByteSequence>
      </InternalSignature>
      <InternalSignature>
        <SignatureID>717</SignatureID>
        <SignatureName>Quicktime 8</SignatureName>
        <SignatureNote>Looking for two atoms: 'wide' and 'mvhd'</SignatureNote>
        <ByteSequence>
          <ByteSequenceID>903</ByteSequenceID>
          <PositionType>Absolute from BOF</PositionType>
          <Offset>0</Offset>
          <MaxOffset>20</MaxOffset>
          <IndirectOffsetLocation>
          </IndirectOffsetLocation>
          <IndirectOffsetLength>
          </IndirectOffsetLength>
          <Endianness>
          </Endianness>
          <ByteSequenceValue>77696465{1-20}6D766864</ByteSequenceValue>
        </ByteSequence>
      </InternalSignature>
      <InternalSignature>
        <SignatureID>760</SignatureID>
        <SignatureName>Quicktime 9</SignatureName>
        <SignatureNote>BOF, offset 4: 'free' atom, followed by one or more 00 bytes, with 'ftyp' atom seen later in the file</SignatureNote>
        <ByteSequence>
          <ByteSequenceID>955</ByteSequenceID>
          <PositionType>Absolute from BOF</PositionType>
          <Offset>4</Offset>
          <MaxOffset>
          </MaxOffset>
          <IndirectOffsetLocation>
          </IndirectOffsetLocation>
          <IndirectOffsetLength>
          </IndirectOffsetLength>
          <Endianness>
          </Endianness>
          <ByteSequenceValue>6672656500*66747970</ByteSequenceValue>
        </ByteSequence>
      </InternalSignature>
    </FileFormat>
    <SearchCriteria>Criteria</SearchCriteria>
  </report_format_detail>
</PRONOM-Report>
