<?xml version="1.0" encoding="utf-8"?>
<PRONOM-Report xmlns="http://pronom.nationalarchives.gov.uk">
  <report_format_detail>
    <FileFormat>
      <FormatID>652</FormatID>
      <FormatName>Macromedia Flash</FormatName>
      <FormatVersion>7</FormatVersion>
      <FormatAliases>SWF (7)</FormatAliases>
      <FormatFamilies>
      </FormatFamilies>
      <FormatTypes>
      </FormatTypes>
      <FormatDisclosure>
      </FormatDisclosure>
      <FormatDescription>The Adobe Flash format, SWF, previously known as Shockwave Flash or Macromedia Shockwave Flash, and alternatively known as the Small Web Format, is a file format primarily designed for creating interactive multimedia applications. The format iterates rapidly, often in line with new releases of Adobe Flash or Adobe Air. Prior to version 6 all SWF files were uncompressed, however version 6 introduced the option of using zlib compression. Version 13 introduced the option of using LZMA compression..</FormatDescription>
      <BinaryFileFormat>Binary</BinaryFileFormat>
      <ByteOrders>Little-endian (Intel)</ByteOrders>
      <ReleaseDate>
      </ReleaseDate>
      <WithdrawnDate>
      </WithdrawnDate>
      <ProvenanceSourceID>1</ProvenanceSourceID>
      <ProvenanceName>Digital Preservation Department / The National Archives</ProvenanceName>
      <ProvenanceSourceDate>11 Mar 2005</ProvenanceSourceDate>
      <ProvenanceDescription>http://wwwimages.adobe.com/www.adobe.com/content/dam/Adobe/en/devnet/swf/pdf/swf-file-format-spec.pdf
http://www.adobe.com/devnet/articles/flashplayer-air-feature-list.html</ProvenanceDescription>
      <LastUpdatedDate>14 Sep 2018</LastUpdatedDate>
      <FormatNote>
      </FormatNote>
      <FormatRisk>
      </FormatRisk>
      <TechnicalEnvironment>
      </TechnicalEnvironment>
      <FileFormatIdentifier>
        <Identifier>application/x-shockwave-flash</Identifier>
        <IdentifierType>MIME</IdentifierType>
      </FileFormatIdentifier>
      <FileFormatIdentifier>
        <Identifier>fmt/110</Identifier>
        <IdentifierType>PUID</IdentifierType>
      </FileFormatIdentifier>
      <Developers>
        <DeveloperID>56</DeveloperID>
        <DeveloperName>
        </DeveloperName>
        <OrganisationName>Macromedia, Inc.</OrganisationName>
        <DeveloperCompoundName>Macromedia, Inc.</DeveloperCompoundName>
      </Developers>
      <Support>
        <SupportID>7</SupportID>
        <SupportName>
        </SupportName>
        <OrganisationName>Adobe Systems Incorporated</OrganisationName>
        <SupportCompoundName>Adobe Systems Incorporated</SupportCompoundName>
      </Support>
      <Document>
        <DocumentID>48</DocumentID>
        <DisplayText>Macromedia, Inc., 2003, Macromedia Flash (SWF) File Format Specification, Version 7</DisplayText>
        <DocumentType>Authoritative</DocumentType>
        <AvailabilityDescription>Public</AvailabilityDescription>
        <AvailabilityNote>
        </AvailabilityNote>
        <PublicationDate>01 Jan 2003</PublicationDate>
        <TitleText>Macromedia Flash (SWF) File Format Specification, Version 7</TitleText>
        <DocumentIPR>
        </DocumentIPR>
        <DocumentNote>
        </DocumentNote>
        <Author>
          <AuthorID>56</AuthorID>
          <AuthorName>
          </AuthorName>
          <OrganisationName>Macromedia, Inc.</OrganisationName>
          <AuthorCompoundName>Macromedia, Inc.</AuthorCompoundName>
        </Author>
        <Publisher>
          <PublisherID>56</PublisherID>
          <PublisherName>
          </PublisherName>
          <OrganisationName>Macromedia, Inc.</OrganisationName>
          <PublisherCompoundName>Macromedia, Inc.</PublisherCompoundName>
        </Publisher>
      </Document>
      <ExternalSignature>
        <ExternalSignatureID>687</ExternalSignatureID>
        <Signature>swf</Signature>
        <SignatureType>File extension</SignatureType>
      </ExternalSignature>
      <InternalSignature>
        <SignatureID>48</SignatureID>
        <SignatureName>SWF 7</SignatureName>
        <SignatureNote>Header (FWS then version number) and end tag (..)</SignatureNote>
        <ByteSequence>
          <ByteSequenceID>146</ByteSequenceID>
          <PositionType>Absolute from BOF</PositionType>
          <Offset>0</Offset>
          <MaxOffset>
          </MaxOffset>
          <IndirectOffsetLocation>
          </IndirectOffsetLocation>
          <IndirectOffsetLength>
          </IndirectOffsetLength>
          <Endianness>
          </Endianness>
          <ByteSequenceValue>46575307</ByteSequenceValue>
        </ByteSequence>
        <ByteSequence>
          <ByteSequenceID>152</ByteSequenceID>
          <PositionType>Absolute from EOF</PositionType>
          <Offset>0</Offset>
          <MaxOffset>
          </MaxOffset>
          <IndirectOffsetLocation>
          </IndirectOffsetLocation>
          <IndirectOffsetLength>
          </IndirectOffsetLength>
          <Endianness>
          </Endianness>
          <ByteSequenceValue>0000</ByteSequenceValue>
        </ByteSequence>
      </InternalSignature>
      <InternalSignature>
        <SignatureID>785</SignatureID>
        <SignatureName>SWF 7 - zlib compressed</SignatureName>
        <SignatureNote>Header (CWS then version number)</SignatureNote>
        <ByteSequence>
          <ByteSequenceID>989</ByteSequenceID>
          <PositionType>Absolute from BOF</PositionType>
          <Offset>0</Offset>
          <MaxOffset>0</MaxOffset>
          <IndirectOffsetLocation>
          </IndirectOffsetLocation>
          <IndirectOffsetLength>
          </IndirectOffsetLength>
          <Endianness>
          </Endianness>
          <ByteSequenceValue>43575307</ByteSequenceValue>
        </ByteSequence>
      </InternalSignature>
      <RelatedFormat>
        <RelationshipType>Has priority over</RelationshipType>
        <RelatedFormatID>687</RelatedFormatID>
        <RelatedFormatName>MPEG 1/2 Audio Layer 3</RelatedFormatName>
        <RelatedFormatVersion>
        </RelatedFormatVersion>
      </RelatedFormat>
      <RelatedFormat>
        <RelationshipType>Is subsequent version of</RelationshipType>
        <RelatedFormatID>651</RelatedFormatID>
        <RelatedFormatName>Macromedia Flash</RelatedFormatName>
        <RelatedFormatVersion>6</RelatedFormatVersion>
      </RelatedFormat>
    </FileFormat>
    <SearchCriteria>Criteria</SearchCriteria>
  </report_format_detail>
</PRONOM-Report>
