<?xml version="1.0" encoding="utf-8"?>
<PRONOM-Report xmlns="http://pronom.nationalarchives.gov.uk">
  <report_format_detail>
    <FileFormat>
      <FormatID>724</FormatID>
      <FormatName>Drawing Interchange File Format (ASCII)</FormatName>
      <FormatVersion>2000-2002</FormatVersion>
      <FormatAliases>ASCII DXF (2000-2002)</FormatAliases>
      <FormatFamilies>DXF</FormatFamilies>
      <FormatTypes>Image (Vector)</FormatTypes>
      <FormatDisclosure>Full</FormatDisclosure>
      <FormatDescription>ASCII DXF format is the ASCII encoded variant of the Drawing Interchange File Format, an exchange format for vector graphics developed by AutoDesk. They are probably the widely-used formats for exchanging vector data, and have become a de-facto industry standard. The format is owned by AutoDesk and typically changes with each release of their AutoCAD family of products. DXF files contain a tagged representation of the vector data. The structure comprises a Header section, followed by sections containing data on Classes, Tables, Blocks, Entities and, optionally, thumbnail images. Each section contains a series of data elements. each preceded by a group code tag, which indicates the type of data element. ASCII DXF version 2000-2002 is the version of the format associated with Releases 2000. 2000i and 2002 of the AutoCAD family of software products.</FormatDescription>
      <BinaryFileFormat>Text</BinaryFileFormat>
      <ByteOrders>
      </ByteOrders>
      <ReleaseDate>01 Mar 1999</ReleaseDate>
      <WithdrawnDate>
      </WithdrawnDate>
      <ProvenanceSourceID>1</ProvenanceSourceID>
      <ProvenanceName>Digital Preservation Department / The National Archives</ProvenanceName>
      <ProvenanceSourceDate>11 Mar 2005</ProvenanceSourceDate>
      <ProvenanceDescription>
      </ProvenanceDescription>
      <LastUpdatedDate>02 Aug 2005</LastUpdatedDate>
      <FormatNote>
      </FormatNote>
      <FormatRisk>
      </FormatRisk>
      <TechnicalEnvironment>
      </TechnicalEnvironment>
      <FileFormatIdentifier>
        <Identifier>fmt/78</Identifier>
        <IdentifierType>PUID</IdentifierType>
      </FileFormatIdentifier>
      <FileFormatIdentifier>
        <Identifier>image/vnd.dxf</Identifier>
        <IdentifierType>MIME</IdentifierType>
      </FileFormatIdentifier>
      <Document>
        <DocumentID>8</DocumentID>
        <DisplayText>Autodesk Corporation, 2001, AutoCAD 2002: DXF reference guide</DisplayText>
        <DocumentType>Authoritative</DocumentType>
        <AvailabilityDescription>Public</AvailabilityDescription>
        <AvailabilityNote>
        </AvailabilityNote>
        <PublicationDate>01 Jan 2001</PublicationDate>
        <TitleText>AutoCAD 2002: DXF reference guide</TitleText>
        <DocumentIPR>
        </DocumentIPR>
        <DocumentNote>
        </DocumentNote>
        <Author>
          <AuthorID>18</AuthorID>
          <AuthorName>
          </AuthorName>
          <OrganisationName>Autodesk Corporation</OrganisationName>
          <AuthorCompoundName>Autodesk Corporation</AuthorCompoundName>
        </Author>
        <Publisher>
          <PublisherID>18</PublisherID>
          <PublisherName>
          </PublisherName>
          <OrganisationName>Autodesk Corporation</OrganisationName>
          <PublisherCompoundName>Autodesk Corporation</PublisherCompoundName>
        </Publisher>
      </Document>
      <ExternalSignature>
        <ExternalSignatureID>609</ExternalSignatureID>
        <Signature>dxf</Signature>
        <SignatureType>File extension</SignatureType>
      </ExternalSignature>
      <InternalSignature>
        <SignatureID>113</SignatureID>
        <SignatureName>Drawing Interchange File Format 2000-2002</SignatureName>
        <SignatureNote>Header section with $ACADVER group code, EOF marker</SignatureNote>
        <ByteSequence>
          <ByteSequenceID>21</ByteSequenceID>
          <PositionType>Variable</PositionType>
          <Offset>
          </Offset>
          <MaxOffset>
          </MaxOffset>
          <IndirectOffsetLocation>
          </IndirectOffsetLocation>
          <IndirectOffsetLength>
          </IndirectOffsetLength>
          <Endianness>
          </Endianness>
          <ByteSequenceValue>30(0D0A|0A|0D)53454354494F4E(0D0A|0A|0D)202032(0D0A|0A|0D)484541444552*39(0D0A|0A|0D)2441434144564552(0D0A|0A|0D)202031(0D0A|0A|0D)414331303135*30(0D0A|0A|0D)454E44534543</ByteSequenceValue>
        </ByteSequence>
        <ByteSequence>
          <ByteSequenceID>22</ByteSequenceID>
          <PositionType>Absolute from EOF</PositionType>
          <Offset>0</Offset>
          <MaxOffset>2</MaxOffset>
          <IndirectOffsetLocation>
          </IndirectOffsetLocation>
          <IndirectOffsetLength>
          </IndirectOffsetLength>
          <Endianness>
          </Endianness>
          <ByteSequenceValue>30(0D0A|0A|0D)454F46</ByteSequenceValue>
        </ByteSequence>
      </InternalSignature>
      <InternalSignature>
        <SignatureID>686</SignatureID>
        <SignatureName>Drawing Interchange File Format 2000-2002 (0A)</SignatureName>
        <SignatureNote>replaces 0A0D in the original signature with just 0A to accommodate files with this variation..</SignatureNote>
        <ByteSequence>
          <ByteSequenceID>847</ByteSequenceID>
          <PositionType>Variable</PositionType>
          <Offset>
          </Offset>
          <MaxOffset>
          </MaxOffset>
          <IndirectOffsetLocation>
          </IndirectOffsetLocation>
          <IndirectOffsetLength>
          </IndirectOffsetLength>
          <Endianness>
          </Endianness>
          <ByteSequenceValue>300A53454354494F4E0A2020320A4845414445520A*390A24414341445645520A2020310A4143313031350A*300A454E445345430A</ByteSequenceValue>
        </ByteSequence>
        <ByteSequence>
          <ByteSequenceID>848</ByteSequenceID>
          <PositionType>Absolute from EOF</PositionType>
          <Offset>
          </Offset>
          <MaxOffset>
          </MaxOffset>
          <IndirectOffsetLocation>
          </IndirectOffsetLocation>
          <IndirectOffsetLength>
          </IndirectOffsetLength>
          <Endianness>
          </Endianness>
          <ByteSequenceValue>300A454F460A</ByteSequenceValue>
        </ByteSequence>
      </InternalSignature>
      <RelatedFormat>
        <RelationshipType>Equivalent to</RelationshipType>
        <RelatedFormatID>743</RelatedFormatID>
        <RelatedFormatName>Drawing Interchange File Format (Binary)</RelatedFormatName>
        <RelatedFormatVersion>2000-2002</RelatedFormatVersion>
      </RelatedFormat>
      <RelatedFormat>
        <RelationshipType>Has priority over</RelationshipType>
        <RelatedFormatID>708</RelatedFormatID>
        <RelatedFormatName>AutoCAD Drawing</RelatedFormatName>
        <RelatedFormatVersion>2000-2002</RelatedFormatVersion>
      </RelatedFormat>
      <RelatedFormat>
        <RelationshipType>Has priority over</RelationshipType>
        <RelatedFormatID>766</RelatedFormatID>
        <RelatedFormatName>Drawing Interchange File Format (ASCII)</RelatedFormatName>
        <RelatedFormatVersion>Generic</RelatedFormatVersion>
      </RelatedFormat>
      <RelatedFormat>
        <RelationshipType>Is previous version of</RelationshipType>
        <RelatedFormatID>725</RelatedFormatID>
        <RelatedFormatName>Drawing Interchange File Format (ASCII)</RelatedFormatName>
        <RelatedFormatVersion>2004/2005/2006</RelatedFormatVersion>
      </RelatedFormat>
      <RelatedFormat>
        <RelationshipType>Is subsequent version of</RelationshipType>
        <RelatedFormatID>723</RelatedFormatID>
        <RelatedFormatName>Drawing Interchange File Format (ASCII)</RelatedFormatName>
        <RelatedFormatVersion>R14</RelatedFormatVersion>
      </RelatedFormat>
    </FileFormat>
    <SearchCriteria>Criteria</SearchCriteria>
  </report_format_detail>
</PRONOM-Report>
