<?xml version="1.0" encoding="utf-8"?>
<PRONOM-Report xmlns="http://pronom.nationalarchives.gov.uk">
  <report_format_detail>
    <FileFormat>
      <FormatID>352</FormatID>
      <FormatName>Microsoft Access Database</FormatName>
      <FormatVersion>2000</FormatVersion>
      <FormatAliases>
      </FormatAliases>
      <FormatFamilies>
      </FormatFamilies>
      <FormatTypes>Database</FormatTypes>
      <FormatDisclosure>
      </FormatDisclosure>
      <FormatDescription>This is an outline record only, and requires further details, research or authentication to provide information that will enable users to further understand the format and to assess digital preservation risks associated with it if appropriate. If you are able to help by supplying any additional information concerning this entry, please return to the main PRONOM page and select ‘Add an Entry’.</FormatDescription>
      <BinaryFileFormat>Text</BinaryFileFormat>
      <ByteOrders>
      </ByteOrders>
      <ReleaseDate>
      </ReleaseDate>
      <WithdrawnDate>
      </WithdrawnDate>
      <ProvenanceSourceID>1</ProvenanceSourceID>
      <ProvenanceName>Digital Preservation Department / The National Archives</ProvenanceName>
      <ProvenanceSourceDate>23 Sep 2003</ProvenanceSourceDate>
      <ProvenanceDescription>
      </ProvenanceDescription>
      <LastUpdatedDate>02 Aug 2005</LastUpdatedDate>
      <FormatNote>
      </FormatNote>
      <FormatRisk>
      </FormatRisk>
      <TechnicalEnvironment>
      </TechnicalEnvironment>
      <FileFormatIdentifier>
        <Identifier>x-fmt/240</Identifier>
        <IdentifierType>PUID</IdentifierType>
      </FileFormatIdentifier>
      <ExternalSignature>
        <ExternalSignatureID>339</ExternalSignatureID>
        <Signature>mdb</Signature>
        <SignatureType>File extension</SignatureType>
      </ExternalSignature>
      <InternalSignature>
        <SignatureID>273</SignatureID>
        <SignatureName>MS Access 2000</SignatureName>
        <SignatureNote>Jet 4 DB header plus variably-positioned AccessVersion 08. Two byte sequences. First byte sequence character sequence, Standard Jet DB. Second byte sequence character sequence, A c c e s s V e r s I o n{0-2048} 0 8 . [0:9] [0:9]</SignatureNote>
        <ByteSequence>
          <ByteSequenceID>350</ByteSequenceID>
          <PositionType>Absolute from BOF</PositionType>
          <Offset>0</Offset>
          <MaxOffset>
          </MaxOffset>
          <IndirectOffsetLocation>
          </IndirectOffsetLocation>
          <IndirectOffsetLength>
          </IndirectOffsetLength>
          <Endianness>Little-endian</Endianness>
          <ByteSequenceValue>000100005374616E64617264204A65742044420001000000</ByteSequenceValue>
        </ByteSequence>
        <ByteSequence>
          <ByteSequenceID>351</ByteSequenceID>
          <PositionType>Variable</PositionType>
          <Offset>
          </Offset>
          <MaxOffset>
          </MaxOffset>
          <IndirectOffsetLocation>
          </IndirectOffsetLocation>
          <IndirectOffsetLength>
          </IndirectOffsetLength>
          <Endianness>Little-endian</Endianness>
          <ByteSequenceValue>410063006300650073007300560065007200730069006F006E{0-2048}300038002E00[30:39]00[30:39]</ByteSequenceValue>
        </ByteSequence>
      </InternalSignature>
      <RelatedFormat>
        <RelationshipType>Has lower priority than</RelationshipType>
        <RelatedFormatID>2163</RelatedFormatID>
        <RelatedFormatName>Legacy Family Tree Database</RelatedFormatName>
        <RelatedFormatVersion>3-9</RelatedFormatVersion>
      </RelatedFormat>
    </FileFormat>
    <SearchCriteria>Criteria</SearchCriteria>
  </report_format_detail>
</PRONOM-Report>
