<?xml version="1.0" encoding="utf-8"?>
<PRONOM-Report xmlns="http://pronom.nationalarchives.gov.uk">
  <report_format_detail>
    <FileFormat>
      <FormatID>108</FormatID>
      <FormatName>OS/2 Presentation Manager Metafile (MET)</FormatName>
      <FormatVersion>
      </FormatVersion>
      <FormatAliases>
      </FormatAliases>
      <FormatFamilies>
      </FormatFamilies>
      <FormatTypes>Image (Raster), Image (Vector)</FormatTypes>
      <FormatDisclosure>
      </FormatDisclosure>
      <FormatDescription>The Presentation Manager Metafile format is a raster and vector image format originating from IBM’s OS/2 operating system.</FormatDescription>
      <BinaryFileFormat>Text</BinaryFileFormat>
      <ByteOrders>
      </ByteOrders>
      <ReleaseDate>
      </ReleaseDate>
      <WithdrawnDate>
      </WithdrawnDate>
      <ProvenanceSourceID>1</ProvenanceSourceID>
      <ProvenanceName>Digital Preservation Department / The National Archives</ProvenanceName>
      <ProvenanceSourceDate>02 Aug 2005</ProvenanceSourceDate>
      <ProvenanceDescription>
      </ProvenanceDescription>
      <LastUpdatedDate>29 Jul 2022</LastUpdatedDate>
      <FormatNote>https://www.afpcinc.org/modca-l-the-os2-presentation-manager-metafile-met-format/</FormatNote>
      <FormatRisk>
      </FormatRisk>
      <TechnicalEnvironment>
      </TechnicalEnvironment>
      <FileFormatIdentifier>
        <Identifier>x-fmt/67</Identifier>
        <IdentifierType>PUID</IdentifierType>
      </FileFormatIdentifier>
      <Developers>
        <DeveloperID>46</DeveloperID>
        <DeveloperName>
        </DeveloperName>
        <OrganisationName>IBM Corporation</OrganisationName>
        <DeveloperCompoundName>IBM Corporation</DeveloperCompoundName>
      </Developers>
      <ExternalSignature>
        <ExternalSignatureID>102</ExternalSignatureID>
        <Signature>met</Signature>
        <SignatureType>File extension</SignatureType>
      </ExternalSignature>
      <InternalSignature>
        <SignatureID>2073</SignatureID>
        <SignatureName>OS/2 Presentation Manager Metafile (MET)</SignatureName>
        <SignatureNote>BOF, offset 2: Header begins with a variable 2-byte header size value, followed by 0xD3A8A8 ‘Begin Document’ field.</SignatureNote>
        <ByteSequence>
          <ByteSequenceID>2400</ByteSequenceID>
          <PositionType>Absolute from BOF</PositionType>
          <Offset>2</Offset>
          <MaxOffset>2</MaxOffset>
          <IndirectOffsetLocation>
          </IndirectOffsetLocation>
          <IndirectOffsetLength>
          </IndirectOffsetLength>
          <Endianness>
          </Endianness>
          <ByteSequenceValue>D3A8A8</ByteSequenceValue>
        </ByteSequence>
      </InternalSignature>
    </FileFormat>
    <SearchCriteria>Criteria</SearchCriteria>
  </report_format_detail>
</PRONOM-Report>
