<?xml version="1.0" encoding="utf-8"?>
<PRONOM-Report xmlns="http://pronom.nationalarchives.gov.uk">
  <report_format_detail>
    <FileFormat>
      <FormatID>723</FormatID>
      <FormatName>Drawing Interchange File Format (ASCII)</FormatName>
      <FormatVersion>R14</FormatVersion>
      <FormatAliases>ASCII DXF (R14)</FormatAliases>
      <FormatFamilies>DXF</FormatFamilies>
      <FormatTypes>Image (Vector)</FormatTypes>
      <FormatDisclosure>Full</FormatDisclosure>
      <FormatDescription>ASCII DXF format is the ASCII encoded variant of the Drawing Interchange File Format, an exchange format for vector graphics developed by AutoDesk. They are probably the widely-used formats for exchanging vector data, and have become a de-facto industry standard. The format is owned by AutoDesk and typically changes with each release of their AutoCAD family of products. DXF files contain a tagged representation of the vector data. The structure comprises a Header section, followed by sections containing data on Classes, Tables, Blocks, Entities and, optionally, thumbnail images. Each section contains a series of data elements. each preceded by a group code tag, which indicates the type of data element. ASCII DXF version 14 is the version of the format associated with Release 14 of the AutoCAD family of software products.</FormatDescription>
      <BinaryFileFormat>Text</BinaryFileFormat>
      <ByteOrders>
      </ByteOrders>
      <ReleaseDate>01 Feb 1997</ReleaseDate>
      <WithdrawnDate>
      </WithdrawnDate>
      <ProvenanceSourceID>1</ProvenanceSourceID>
      <ProvenanceName>Digital Preservation Department / The National Archives</ProvenanceName>
      <ProvenanceSourceDate>11 Mar 2005</ProvenanceSourceDate>
      <ProvenanceDescription>
      </ProvenanceDescription>
      <LastUpdatedDate>28 Sep 2020</LastUpdatedDate>
      <FormatNote>
      </FormatNote>
      <FormatRisk>
      </FormatRisk>
      <TechnicalEnvironment>
      </TechnicalEnvironment>
      <FileFormatIdentifier>
        <Identifier>fmt/77</Identifier>
        <IdentifierType>PUID</IdentifierType>
      </FileFormatIdentifier>
      <FileFormatIdentifier>
        <Identifier>image/vnd.dxf</Identifier>
        <IdentifierType>MIME</IdentifierType>
      </FileFormatIdentifier>
      <Developers>
        <DeveloperID>18</DeveloperID>
        <DeveloperName>
        </DeveloperName>
        <OrganisationName>Autodesk Corporation</OrganisationName>
        <DeveloperCompoundName>Autodesk Corporation</DeveloperCompoundName>
      </Developers>
      <Support>
        <SupportID>18</SupportID>
        <SupportName>
        </SupportName>
        <OrganisationName>Autodesk Corporation</OrganisationName>
        <SupportCompoundName>Autodesk Corporation</SupportCompoundName>
      </Support>
      <Document>
        <DocumentID>35</DocumentID>
        <DisplayText>Autodesk Corporation, nd, AutoCAD Customization Guide, Release 14: Appendix B - Drawing Interchange File Formats</DisplayText>
        <DocumentType>Authoritative</DocumentType>
        <AvailabilityDescription>Public</AvailabilityDescription>
        <AvailabilityNote>
        </AvailabilityNote>
        <PublicationDate>
        </PublicationDate>
        <TitleText>AutoCAD Customization Guide, Release 14: Appendix B - Drawing Interchange File Formats</TitleText>
        <DocumentIPR>
        </DocumentIPR>
        <DocumentNote>
        </DocumentNote>
        <Author>
          <AuthorID>18</AuthorID>
          <AuthorName>
          </AuthorName>
          <OrganisationName>Autodesk Corporation</OrganisationName>
          <AuthorCompoundName>Autodesk Corporation</AuthorCompoundName>
        </Author>
        <Publisher>
          <PublisherID>18</PublisherID>
          <PublisherName>
          </PublisherName>
          <OrganisationName>Autodesk Corporation</OrganisationName>
          <PublisherCompoundName>Autodesk Corporation</PublisherCompoundName>
        </Publisher>
      </Document>
      <ExternalSignature>
        <ExternalSignatureID>673</ExternalSignatureID>
        <Signature>dxf</Signature>
        <SignatureType>File extension</SignatureType>
      </ExternalSignature>
      <InternalSignature>
        <SignatureID>112</SignatureID>
        <SignatureName>Drawing Interchange File Format R14</SignatureName>
        <SignatureNote>Header section with $ACADVER group code (AC1014), EOF marker</SignatureNote>
        <ByteSequence>
          <ByteSequenceID>23</ByteSequenceID>
          <PositionType>Variable</PositionType>
          <Offset>
          </Offset>
          <MaxOffset>
          </MaxOffset>
          <IndirectOffsetLocation>
          </IndirectOffsetLocation>
          <IndirectOffsetLength>
          </IndirectOffsetLength>
          <Endianness>
          </Endianness>
          <ByteSequenceValue>30(0D0A|0A|0D)53454354494F4E(0D0A|0A|0D)202032(0D0A|0A|0D)484541444552(0D0A|0A|0D)*39(0D0A|0A|0D)2441434144564552(0D0A|0A|0D)202031(0D0A|0A|0D)414331303134*30(0D0A|0A|0D)454E44534543(0D0A|0A|0D)</ByteSequenceValue>
        </ByteSequence>
        <ByteSequence>
          <ByteSequenceID>24</ByteSequenceID>
          <PositionType>Absolute from EOF</PositionType>
          <Offset>0</Offset>
          <MaxOffset>5</MaxOffset>
          <IndirectOffsetLocation>
          </IndirectOffsetLocation>
          <IndirectOffsetLength>
          </IndirectOffsetLength>
          <Endianness>
          </Endianness>
          <ByteSequenceValue>30(0D0A|0D|0A)454F46</ByteSequenceValue>
        </ByteSequence>
      </InternalSignature>
      <RelatedFormat>
        <RelationshipType>Equivalent to</RelationshipType>
        <RelatedFormatID>742</RelatedFormatID>
        <RelatedFormatName>Drawing Interchange File Format (Binary)</RelatedFormatName>
        <RelatedFormatVersion>R14</RelatedFormatVersion>
      </RelatedFormat>
      <RelatedFormat>
        <RelationshipType>Has priority over</RelationshipType>
        <RelatedFormatID>707</RelatedFormatID>
        <RelatedFormatName>AutoCAD Drawing</RelatedFormatName>
        <RelatedFormatVersion>R14</RelatedFormatVersion>
      </RelatedFormat>
      <RelatedFormat>
        <RelationshipType>Has priority over</RelationshipType>
        <RelatedFormatID>766</RelatedFormatID>
        <RelatedFormatName>Drawing Interchange File Format (ASCII)</RelatedFormatName>
        <RelatedFormatVersion>Generic</RelatedFormatVersion>
      </RelatedFormat>
      <RelatedFormat>
        <RelationshipType>Is previous version of</RelationshipType>
        <RelatedFormatID>724</RelatedFormatID>
        <RelatedFormatName>Drawing Interchange File Format (ASCII)</RelatedFormatName>
        <RelatedFormatVersion>2000-2002</RelatedFormatVersion>
      </RelatedFormat>
      <RelatedFormat>
        <RelationshipType>Is subsequent version of</RelationshipType>
        <RelatedFormatID>722</RelatedFormatID>
        <RelatedFormatName>Drawing Interchange File Format (ASCII)</RelatedFormatName>
        <RelatedFormatVersion>R13</RelatedFormatVersion>
      </RelatedFormat>
    </FileFormat>
    <SearchCriteria>Criteria</SearchCriteria>
  </report_format_detail>
</PRONOM-Report>
