<?xml version="1.0" encoding="utf-8"?>
<PRONOM-Report xmlns="http://pronom.nationalarchives.gov.uk">
  <report_format_detail>
    <FileFormat>
      <FormatID>48</FormatID>
      <FormatName>3D Studio</FormatName>
      <FormatVersion>
      </FormatVersion>
      <FormatAliases>
      </FormatAliases>
      <FormatFamilies>
      </FormatFamilies>
      <FormatTypes>Model</FormatTypes>
      <FormatDisclosure>
      </FormatDisclosure>
      <FormatDescription>3DS is one of the file formats used by the Autodesk 3ds Max 3D modeling, animation and rendering software.</FormatDescription>
      <BinaryFileFormat>Text</BinaryFileFormat>
      <ByteOrders>
      </ByteOrders>
      <ReleaseDate>
      </ReleaseDate>
      <WithdrawnDate>
      </WithdrawnDate>
      <ProvenanceSourceID>1</ProvenanceSourceID>
      <ProvenanceName>Digital Preservation Department / The National Archives</ProvenanceName>
      <ProvenanceSourceDate>02 Aug 2005</ProvenanceSourceDate>
      <ProvenanceDescription>
      </ProvenanceDescription>
      <LastUpdatedDate>17 Jul 2017</LastUpdatedDate>
      <FormatNote>
      </FormatNote>
      <FormatRisk>
      </FormatRisk>
      <TechnicalEnvironment>
      </TechnicalEnvironment>
      <FileFormatIdentifier>
        <Identifier>x-fmt/19</Identifier>
        <IdentifierType>PUID</IdentifierType>
      </FileFormatIdentifier>
      <Developers>
        <DeveloperID>18</DeveloperID>
        <DeveloperName>
        </DeveloperName>
        <OrganisationName>Autodesk Corporation</OrganisationName>
        <DeveloperCompoundName>Autodesk Corporation</DeveloperCompoundName>
      </Developers>
      <Support>
        <SupportID>18</SupportID>
        <SupportName>
        </SupportName>
        <OrganisationName>Autodesk Corporation</OrganisationName>
        <SupportCompoundName>Autodesk Corporation</SupportCompoundName>
      </Support>
      <ExternalSignature>
        <ExternalSignatureID>42</ExternalSignatureID>
        <Signature>3ds</Signature>
        <SignatureType>File extension</SignatureType>
      </ExternalSignature>
      <InternalSignature>
        <SignatureID>319</SignatureID>
        <SignatureName>3D Studio (V1)</SignatureName>
        <SignatureNote>Primary chunk ID, chunk length, version subchunk ID, chunk length, version, 3D-editor chunk ID.</SignatureNote>
        <ByteSequence>
          <ByteSequenceID>419</ByteSequenceID>
          <PositionType>Absolute from BOF</PositionType>
          <Offset>0</Offset>
          <MaxOffset>
          </MaxOffset>
          <IndirectOffsetLocation>
          </IndirectOffsetLocation>
          <IndirectOffsetLength>
          </IndirectOffsetLength>
          <Endianness>Little-endian</Endianness>
          <ByteSequenceValue>4D4D{4}02000A000000(03|04){3}3D3D</ByteSequenceValue>
        </ByteSequence>
      </InternalSignature>
      <InternalSignature>
        <SignatureID>1447</SignatureID>
        <SignatureName>3D Studio (V2)</SignatureName>
        <SignatureNote>Primary chunk ID, chunk length, 3D-editor chunk ID</SignatureNote>
        <ByteSequence>
          <ByteSequenceID>1705</ByteSequenceID>
          <PositionType>Absolute from BOF</PositionType>
          <Offset>0</Offset>
          <MaxOffset>0</MaxOffset>
          <IndirectOffsetLocation>
          </IndirectOffsetLocation>
          <IndirectOffsetLength>
          </IndirectOffsetLength>
          <Endianness>
          </Endianness>
          <ByteSequenceValue>4D4D{4}3D3D</ByteSequenceValue>
        </ByteSequence>
      </InternalSignature>
    </FileFormat>
    <SearchCriteria>Criteria</SearchCriteria>
  </report_format_detail>
</PRONOM-Report>
