<?xml version="1.0" encoding="utf-8"?>
<PRONOM-Report xmlns="http://pronom.nationalarchives.gov.uk">
  <report_format_detail>
    <FileFormat>
      <FormatID>458</FormatID>
      <FormatName>Aldus Freehand Drawing</FormatName>
      <FormatVersion>4</FormatVersion>
      <FormatAliases>
      </FormatAliases>
      <FormatFamilies>
      </FormatFamilies>
      <FormatTypes>Image (Vector)</FormatTypes>
      <FormatDisclosure>
      </FormatDisclosure>
      <FormatDescription>FreeHand, created by Altsys Corporation in 1988 and licensed to Aldus Corporation, is a discontinued vector graphic editor for Windows and Mac. Uses include professional illustration, desktop publishing and web content. FreeHand versions 1 though to 4 were released by Aldus, later versions were developed by Macromedia. In 2005 Adobe Systems acquired Macromedia but FreeHand development has been discontinued.</FormatDescription>
      <BinaryFileFormat>Text</BinaryFileFormat>
      <ByteOrders>
      </ByteOrders>
      <ReleaseDate>
      </ReleaseDate>
      <WithdrawnDate>
      </WithdrawnDate>
      <ProvenanceSourceID>1</ProvenanceSourceID>
      <ProvenanceName>Digital Preservation Department / The National Archives</ProvenanceName>
      <ProvenanceSourceDate>02 Aug 2005</ProvenanceSourceDate>
      <ProvenanceDescription>
      </ProvenanceDescription>
      <LastUpdatedDate>16 Oct 2021</LastUpdatedDate>
      <FormatNote>
      </FormatNote>
      <FormatRisk>
      </FormatRisk>
      <TechnicalEnvironment>
      </TechnicalEnvironment>
      <FileFormatIdentifier>
        <Identifier>x-fmt/304</Identifier>
        <IdentifierType>PUID</IdentifierType>
      </FileFormatIdentifier>
      <ExternalSignature>
        <ExternalSignatureID>445</ExternalSignatureID>
        <Signature>fh4</Signature>
        <SignatureType>File extension</SignatureType>
      </ExternalSignature>
      <InternalSignature>
        <SignatureID>1813</SignatureID>
        <SignatureName>Macromedia FreeHand Version 4</SignatureName>
        <SignatureNote>BOF: MAC File Type Code 'AGD1' followed by 'Aldus FreeHand 4'</SignatureNote>
        <ByteSequence>
          <ByteSequenceID>2105</ByteSequenceID>
          <PositionType>Absolute from BOF</PositionType>
          <Offset>0</Offset>
          <MaxOffset>0</MaxOffset>
          <IndirectOffsetLocation>
          </IndirectOffsetLocation>
          <IndirectOffsetLength>
          </IndirectOffsetLength>
          <Endianness>
          </Endianness>
          <ByteSequenceValue>41474431{64-1024}416C647573204672656548616E642034</ByteSequenceValue>
        </ByteSequence>
      </InternalSignature>
      <RelatedFormat>
        <RelationshipType>Has priority over</RelationshipType>
        <RelatedFormatID>87</RelatedFormatID>
        <RelatedFormatName>Macromedia Freehand</RelatedFormatName>
        <RelatedFormatVersion>4 &amp; 5</RelatedFormatVersion>
      </RelatedFormat>
    </FileFormat>
    <SearchCriteria>Criteria</SearchCriteria>
  </report_format_detail>
</PRONOM-Report>
