<?xml version="1.0" encoding="utf-8"?>
<PRONOM-Report xmlns="http://pronom.nationalarchives.gov.uk">
  <report_format_detail>
    <FileFormat>
      <FormatID>618</FormatID>
      <FormatName>Acrobat PDF 1.5 - Portable Document Format</FormatName>
      <FormatVersion>1.5</FormatVersion>
      <FormatAliases>PDF (1.5)</FormatAliases>
      <FormatFamilies>
      </FormatFamilies>
      <FormatTypes>Page Description</FormatTypes>
      <FormatDisclosure>Full</FormatDisclosure>
      <FormatDescription>Portable Document Format is a platform-independent format for representing formatted documents, developed by Adobe Systems Incorporated. It is the native format of Adobe’s Acrobat family of software products, version 1.5 corresponding to the release of Acrobat 6.0. PDF is based on, and shares the same imaging model as, the PostScript page description language. A PDF file comprises a Header section, a Body section containing the objects which make up the document, a Cross Reference Table, and a Trailer section. PDF files can contain a wide variety of content, including text, images, video and audio.</FormatDescription>
      <BinaryFileFormat>Binary</BinaryFileFormat>
      <ByteOrders>Big-endian (Motorola)</ByteOrders>
      <ReleaseDate>01 Jan 2003</ReleaseDate>
      <WithdrawnDate>
      </WithdrawnDate>
      <ProvenanceSourceID>1</ProvenanceSourceID>
      <ProvenanceName>Digital Preservation Department / The National Archives</ProvenanceName>
      <ProvenanceSourceDate>11 Mar 2005</ProvenanceSourceDate>
      <ProvenanceDescription>
      </ProvenanceDescription>
      <LastUpdatedDate>22 Oct 2009</LastUpdatedDate>
      <FormatNote>
      </FormatNote>
      <FormatRisk>
      </FormatRisk>
      <TechnicalEnvironment>
      </TechnicalEnvironment>
      <FileFormatIdentifier>
        <Identifier>application/pdf</Identifier>
        <IdentifierType>MIME</IdentifierType>
      </FileFormatIdentifier>
      <FileFormatIdentifier>
        <Identifier>com.adobe.pdf</Identifier>
        <IdentifierType>Apple Uniform Type Identifier</IdentifierType>
      </FileFormatIdentifier>
      <FileFormatIdentifier>
        <Identifier>fmt/19</Identifier>
        <IdentifierType>PUID</IdentifierType>
      </FileFormatIdentifier>
      <Developers>
        <DeveloperID>7</DeveloperID>
        <DeveloperName>
        </DeveloperName>
        <OrganisationName>Adobe Systems Incorporated</OrganisationName>
        <DeveloperCompoundName>Adobe Systems Incorporated</DeveloperCompoundName>
      </Developers>
      <Document>
        <DocumentID>44</DocumentID>
        <DisplayText>Adobe Systems Incorporated, 2003, PDF Reference, fourth edition: Adobe Portable Document Format, Version 1.5</DisplayText>
        <DocumentType>Authoritative</DocumentType>
        <AvailabilityDescription>Public</AvailabilityDescription>
        <AvailabilityNote>
        </AvailabilityNote>
        <PublicationDate>28 Aug 2003</PublicationDate>
        <TitleText>PDF Reference, fourth edition: Adobe Portable Document Format, Version 1.5</TitleText>
        <DocumentIPR>
        </DocumentIPR>
        <DocumentNote>
        </DocumentNote>
        <Author>
          <AuthorID>7</AuthorID>
          <AuthorName>
          </AuthorName>
          <OrganisationName>Adobe Systems Incorporated</OrganisationName>
          <AuthorCompoundName>Adobe Systems Incorporated</AuthorCompoundName>
        </Author>
        <Publisher>
          <PublisherID>7</PublisherID>
          <PublisherName>
          </PublisherName>
          <OrganisationName>Adobe Systems Incorporated</OrganisationName>
          <PublisherCompoundName>Adobe Systems Incorporated</PublisherCompoundName>
        </Publisher>
      </Document>
      <ExternalSignature>
        <ExternalSignatureID>709</ExternalSignatureID>
        <Signature>pdf</Signature>
        <SignatureType>File extension</SignatureType>
      </ExternalSignature>
      <InternalSignature>
        <SignatureID>22</SignatureID>
        <SignatureName>PDF 1.5</SignatureName>
        <SignatureNote>BOF: %PDF-1.5 EOF (offset up to 1024 bytes): %%EOF</SignatureNote>
        <ByteSequence>
          <ByteSequenceID>116</ByteSequenceID>
          <PositionType>Absolute from BOF</PositionType>
          <Offset>0</Offset>
          <MaxOffset>
          </MaxOffset>
          <IndirectOffsetLocation>
          </IndirectOffsetLocation>
          <IndirectOffsetLength>
          </IndirectOffsetLength>
          <Endianness>
          </Endianness>
          <ByteSequenceValue>255044462D312E35</ByteSequenceValue>
        </ByteSequence>
        <ByteSequence>
          <ByteSequenceID>117</ByteSequenceID>
          <PositionType>Absolute from EOF</PositionType>
          <Offset>0</Offset>
          <MaxOffset>1024</MaxOffset>
          <IndirectOffsetLocation>
          </IndirectOffsetLocation>
          <IndirectOffsetLength>
          </IndirectOffsetLength>
          <Endianness>
          </Endianness>
          <ByteSequenceValue>2525454F46</ByteSequenceValue>
        </ByteSequence>
      </InternalSignature>
      <RelatedFormat>
        <RelationshipType>Has lower priority than</RelationshipType>
        <RelatedFormatID>770</RelatedFormatID>
        <RelatedFormatName>Acrobat PDF/A - Portable Document Format</RelatedFormatName>
        <RelatedFormatVersion>1a</RelatedFormatVersion>
      </RelatedFormat>
      <RelatedFormat>
        <RelationshipType>Has lower priority than</RelationshipType>
        <RelatedFormatID>787</RelatedFormatID>
        <RelatedFormatName>Acrobat PDF/X - Portable Document Format - Exchange 1:1999</RelatedFormatName>
        <RelatedFormatVersion>
        </RelatedFormatVersion>
      </RelatedFormat>
      <RelatedFormat>
        <RelationshipType>Has lower priority than</RelationshipType>
        <RelatedFormatID>788</RelatedFormatID>
        <RelatedFormatName>Acrobat PDF/X - Portable Document Format - Exchange 1:2001</RelatedFormatName>
        <RelatedFormatVersion>
        </RelatedFormatVersion>
      </RelatedFormat>
      <RelatedFormat>
        <RelationshipType>Has lower priority than</RelationshipType>
        <RelatedFormatID>789</RelatedFormatID>
        <RelatedFormatName>Acrobat PDF/X - Portable Document Format - Exchange 1a:2003</RelatedFormatName>
        <RelatedFormatVersion>
        </RelatedFormatVersion>
      </RelatedFormat>
      <RelatedFormat>
        <RelationshipType>Has lower priority than</RelationshipType>
        <RelatedFormatID>790</RelatedFormatID>
        <RelatedFormatName>Acrobat PDF/X - Portable Document Format - Exchange 2:2003</RelatedFormatName>
        <RelatedFormatVersion>
        </RelatedFormatVersion>
      </RelatedFormat>
      <RelatedFormat>
        <RelationshipType>Has lower priority than</RelationshipType>
        <RelatedFormatID>791</RelatedFormatID>
        <RelatedFormatName>Acrobat PDF/X - Portable Document Format - Exchange 3:2003</RelatedFormatName>
        <RelatedFormatVersion>
        </RelatedFormatVersion>
      </RelatedFormat>
      <RelatedFormat>
        <RelationshipType>Has lower priority than</RelationshipType>
        <RelatedFormatID>818</RelatedFormatID>
        <RelatedFormatName>Acrobat PDF/X - Portable Document Format - Exchange 1a:2001</RelatedFormatName>
        <RelatedFormatVersion>
        </RelatedFormatVersion>
      </RelatedFormat>
      <RelatedFormat>
        <RelationshipType>Has lower priority than</RelationshipType>
        <RelatedFormatID>819</RelatedFormatID>
        <RelatedFormatName>Acrobat PDF/X - Portable Document Format - Exchange 3:2002</RelatedFormatName>
        <RelatedFormatVersion>
        </RelatedFormatVersion>
      </RelatedFormat>
      <RelatedFormat>
        <RelationshipType>Has lower priority than</RelationshipType>
        <RelatedFormatID>1100</RelatedFormatID>
        <RelatedFormatName>Acrobat PDF/A - Portable Document Format</RelatedFormatName>
        <RelatedFormatVersion>1b</RelatedFormatVersion>
      </RelatedFormat>
      <RelatedFormat>
        <RelationshipType>Has lower priority than</RelationshipType>
        <RelatedFormatID>1263</RelatedFormatID>
        <RelatedFormatName>Acrobat PDF/A - Portable Document Format</RelatedFormatName>
        <RelatedFormatVersion>2a</RelatedFormatVersion>
      </RelatedFormat>
      <RelatedFormat>
        <RelationshipType>Has lower priority than</RelationshipType>
        <RelatedFormatID>1264</RelatedFormatID>
        <RelatedFormatName>Acrobat PDF/A - Portable Document Format</RelatedFormatName>
        <RelatedFormatVersion>2b</RelatedFormatVersion>
      </RelatedFormat>
      <RelatedFormat>
        <RelationshipType>Has lower priority than</RelationshipType>
        <RelatedFormatID>1265</RelatedFormatID>
        <RelatedFormatName>Acrobat PDF/A - Portable Document Format</RelatedFormatName>
        <RelatedFormatVersion>2u</RelatedFormatVersion>
      </RelatedFormat>
      <RelatedFormat>
        <RelationshipType>Has lower priority than</RelationshipType>
        <RelatedFormatID>1266</RelatedFormatID>
        <RelatedFormatName>Acrobat PDF/A - Portable Document Format</RelatedFormatName>
        <RelatedFormatVersion>3a</RelatedFormatVersion>
      </RelatedFormat>
      <RelatedFormat>
        <RelationshipType>Has lower priority than</RelationshipType>
        <RelatedFormatID>1267</RelatedFormatID>
        <RelatedFormatName>Acrobat PDF/A - Portable Document Format</RelatedFormatName>
        <RelatedFormatVersion>3b</RelatedFormatVersion>
      </RelatedFormat>
      <RelatedFormat>
        <RelationshipType>Has lower priority than</RelationshipType>
        <RelatedFormatID>1268</RelatedFormatID>
        <RelatedFormatName>Acrobat PDF/A - Portable Document Format</RelatedFormatName>
        <RelatedFormatVersion>3u</RelatedFormatVersion>
      </RelatedFormat>
      <RelatedFormat>
        <RelationshipType>Has lower priority than</RelationshipType>
        <RelatedFormatID>1275</RelatedFormatID>
        <RelatedFormatName>Acrobat PDF/X - Portable Document Format - Exchange PDF/X-4</RelatedFormatName>
        <RelatedFormatVersion>
        </RelatedFormatVersion>
      </RelatedFormat>
      <RelatedFormat>
        <RelationshipType>Has lower priority than</RelationshipType>
        <RelatedFormatID>1276</RelatedFormatID>
        <RelatedFormatName>Acrobat PDF/X - Portable Document Format - Exchange PDF/X-4p</RelatedFormatName>
        <RelatedFormatVersion>
        </RelatedFormatVersion>
      </RelatedFormat>
      <RelatedFormat>
        <RelationshipType>Has lower priority than</RelationshipType>
        <RelatedFormatID>1277</RelatedFormatID>
        <RelatedFormatName>Acrobat PDF/X - Portable Document Format - Exchange PDF/X-5g</RelatedFormatName>
        <RelatedFormatVersion>
        </RelatedFormatVersion>
      </RelatedFormat>
      <RelatedFormat>
        <RelationshipType>Has lower priority than</RelationshipType>
        <RelatedFormatID>1278</RelatedFormatID>
        <RelatedFormatName>Acrobat PDF/X - Portable Document Format - Exchange PDF/X-5pg</RelatedFormatName>
        <RelatedFormatVersion>
        </RelatedFormatVersion>
      </RelatedFormat>
      <RelatedFormat>
        <RelationshipType>Has lower priority than</RelationshipType>
        <RelatedFormatID>1279</RelatedFormatID>
        <RelatedFormatName>Acrobat PDF/X - Portable Document Format - Exchange PDF/X-5n</RelatedFormatName>
        <RelatedFormatVersion>
        </RelatedFormatVersion>
      </RelatedFormat>
      <RelatedFormat>
        <RelationshipType>Has lower priority than</RelationshipType>
        <RelatedFormatID>1280</RelatedFormatID>
        <RelatedFormatName>Acrobat PDF/E - Portable Document Format for Engineering PDF/E-1</RelatedFormatName>
        <RelatedFormatVersion>
        </RelatedFormatVersion>
      </RelatedFormat>
      <RelatedFormat>
        <RelationshipType>Has lower priority than</RelationshipType>
        <RelatedFormatID>1350</RelatedFormatID>
        <RelatedFormatName>Adobe Illustrator</RelatedFormatName>
        <RelatedFormatVersion>13.0</RelatedFormatVersion>
      </RelatedFormat>
      <RelatedFormat>
        <RelationshipType>Has lower priority than</RelationshipType>
        <RelatedFormatID>1351</RelatedFormatID>
        <RelatedFormatName>Adobe Illustrator</RelatedFormatName>
        <RelatedFormatVersion>14.0</RelatedFormatVersion>
      </RelatedFormat>
      <RelatedFormat>
        <RelationshipType>Has lower priority than</RelationshipType>
        <RelatedFormatID>1352</RelatedFormatID>
        <RelatedFormatName>Adobe Illustrator</RelatedFormatName>
        <RelatedFormatVersion>15.0</RelatedFormatVersion>
      </RelatedFormat>
      <RelatedFormat>
        <RelationshipType>Has lower priority than</RelationshipType>
        <RelatedFormatID>1353</RelatedFormatID>
        <RelatedFormatName>Adobe Illustrator</RelatedFormatName>
        <RelatedFormatVersion>16.0</RelatedFormatVersion>
      </RelatedFormat>
      <RelatedFormat>
        <RelationshipType>Has priority over</RelationshipType>
        <RelatedFormatID>687</RelatedFormatID>
        <RelatedFormatName>MPEG 1/2 Audio Layer 3</RelatedFormatName>
        <RelatedFormatVersion>
        </RelatedFormatVersion>
      </RelatedFormat>
      <RelatedFormat>
        <RelationshipType>Has priority over</RelationshipType>
        <RelatedFormatID>869</RelatedFormatID>
        <RelatedFormatName>TrueType Font</RelatedFormatName>
        <RelatedFormatVersion>
        </RelatedFormatVersion>
      </RelatedFormat>
      <RelatedFormat>
        <RelationshipType>Is previous version of</RelationshipType>
        <RelatedFormatID>637</RelatedFormatID>
        <RelatedFormatName>Acrobat PDF 1.6 - Portable Document Format</RelatedFormatName>
        <RelatedFormatVersion>1.6</RelatedFormatVersion>
      </RelatedFormat>
      <RelatedFormat>
        <RelationshipType>Is subsequent version of</RelationshipType>
        <RelatedFormatID>617</RelatedFormatID>
        <RelatedFormatName>Acrobat PDF 1.4 - Portable Document Format</RelatedFormatName>
        <RelatedFormatVersion>1.4</RelatedFormatVersion>
      </RelatedFormat>
      <FormatProperties>
        <FormatProperty>
          <PropertyName>Creation Date</PropertyName>
          <PropertyDescription>
          </PropertyDescription>
          <PropertyType>Instance</PropertyType>
          <PropertyRiskScore>
          </PropertyRiskScore>
          <PropertyHighRisk>
          </PropertyHighRisk>
          <PropertyValueDescription>
          </PropertyValueDescription>
          <PropertyRisks />
        </FormatProperty>
        <FormatProperty>
          <PropertyName>Encrypted</PropertyName>
          <PropertyDescription>
          </PropertyDescription>
          <PropertyType>Instance</PropertyType>
          <PropertyRiskScore>
          </PropertyRiskScore>
          <PropertyHighRisk>
          </PropertyHighRisk>
          <PropertyValueDescription>
          </PropertyValueDescription>
          <PropertyRisks />
        </FormatProperty>
        <FormatProperty>
          <PropertyName>Number of Pages</PropertyName>
          <PropertyDescription>
          </PropertyDescription>
          <PropertyType>Instance</PropertyType>
          <PropertyRiskScore>
          </PropertyRiskScore>
          <PropertyHighRisk>
          </PropertyHighRisk>
          <PropertyValueDescription>
          </PropertyValueDescription>
          <PropertyRisks />
        </FormatProperty>
        <FormatProperty>
          <PropertyName>Number of Images</PropertyName>
          <PropertyDescription>
          </PropertyDescription>
          <PropertyType>Instance</PropertyType>
          <PropertyRiskScore>
          </PropertyRiskScore>
          <PropertyHighRisk>
          </PropertyHighRisk>
          <PropertyValueDescription>
          </PropertyValueDescription>
          <PropertyRisks />
        </FormatProperty>
        <FormatProperty>
          <PropertyName>Creating Application</PropertyName>
          <PropertyDescription>
          </PropertyDescription>
          <PropertyType>Instance</PropertyType>
          <PropertyRiskScore>
          </PropertyRiskScore>
          <PropertyHighRisk>
          </PropertyHighRisk>
          <PropertyValueDescription>
          </PropertyValueDescription>
          <PropertyRisks />
        </FormatProperty>
        <FormatProperty>
          <PropertyName>Title</PropertyName>
          <PropertyDescription>
          </PropertyDescription>
          <PropertyType>Instance</PropertyType>
          <PropertyRiskScore>
          </PropertyRiskScore>
          <PropertyHighRisk>
          </PropertyHighRisk>
          <PropertyValueDescription>
          </PropertyValueDescription>
          <PropertyRisks />
        </FormatProperty>
        <FormatProperty>
          <PropertyName>Creator</PropertyName>
          <PropertyDescription>
          </PropertyDescription>
          <PropertyType>Instance</PropertyType>
          <PropertyRiskScore>
          </PropertyRiskScore>
          <PropertyHighRisk>
          </PropertyHighRisk>
          <PropertyValueDescription>
          </PropertyValueDescription>
          <PropertyRisks />
        </FormatProperty>
        <FormatProperty>
          <PropertyName>Subject</PropertyName>
          <PropertyDescription>
          </PropertyDescription>
          <PropertyType>Instance</PropertyType>
          <PropertyRiskScore>
          </PropertyRiskScore>
          <PropertyHighRisk>
          </PropertyHighRisk>
          <PropertyValueDescription>
          </PropertyValueDescription>
          <PropertyRisks />
        </FormatProperty>
      </FormatProperties>
    </FileFormat>
    <SearchCriteria>Criteria</SearchCriteria>
  </report_format_detail>
</PRONOM-Report>
