<?xml version="1.0" encoding="utf-8"?>
<PRONOM-Report xmlns="http://pronom.nationalarchives.gov.uk">
  <report_format_detail>
    <FileFormat>
      <FormatID>67</FormatID>
      <FormatName>CorelDraw Compressed Drawing</FormatName>
      <FormatVersion>2</FormatVersion>
      <FormatAliases>Corel CMX Compressed</FormatAliases>
      <FormatFamilies>
      </FormatFamilies>
      <FormatTypes>Image (Vector)</FormatTypes>
      <FormatDisclosure>
      </FormatDisclosure>
      <FormatDescription>The CorelDraw Compressed Drawing 2 format is know to be used by Corel ArtShow 6-7 and files can be opened with CorelDraw. Please let the PRONOM team know of other instances in which the underlying format can be found.</FormatDescription>
      <BinaryFileFormat>Text</BinaryFileFormat>
      <ByteOrders>
      </ByteOrders>
      <ReleaseDate>
      </ReleaseDate>
      <WithdrawnDate>
      </WithdrawnDate>
      <ProvenanceSourceID>220</ProvenanceSourceID>
      <ProvenanceName>The Church of Jesus Christ of Latter-Day Saints / The Church of Jesus Christ of Latter-Day Saints</ProvenanceName>
      <ProvenanceSourceDate>02 Aug 2005</ProvenanceSourceDate>
      <ProvenanceDescription>
      </ProvenanceDescription>
      <LastUpdatedDate>27 Sep 2020</LastUpdatedDate>
      <FormatNote>
      </FormatNote>
      <FormatRisk>
      </FormatRisk>
      <TechnicalEnvironment>
      </TechnicalEnvironment>
      <FileFormatIdentifier>
        <Identifier>x-fmt/36</Identifier>
        <IdentifierType>PUID</IdentifierType>
      </FileFormatIdentifier>
      <Developers>
        <DeveloperID>35</DeveloperID>
        <DeveloperName>
        </DeveloperName>
        <OrganisationName>Corel Corporation</OrganisationName>
        <DeveloperCompoundName>Corel Corporation</DeveloperCompoundName>
      </Developers>
      <Support>
        <SupportID>35</SupportID>
        <SupportName>
        </SupportName>
        <OrganisationName>Corel Corporation</OrganisationName>
        <SupportCompoundName>Corel Corporation</SupportCompoundName>
      </Support>
      <ExternalSignature>
        <ExternalSignatureID>61</ExternalSignatureID>
        <Signature>cpx</Signature>
        <SignatureType>File extension</SignatureType>
      </ExternalSignature>
      <InternalSignature>
        <SignatureID>1789</SignatureID>
        <SignatureName>CorelDraw Compressed 2</SignatureName>
        <SignatureNote>BOF: 'CDRCOMP2'</SignatureNote>
        <ByteSequence>
          <ByteSequenceID>2078</ByteSequenceID>
          <PositionType>Absolute from BOF</PositionType>
          <Offset>0</Offset>
          <MaxOffset>0</MaxOffset>
          <IndirectOffsetLocation>
          </IndirectOffsetLocation>
          <IndirectOffsetLength>
          </IndirectOffsetLength>
          <Endianness>
          </Endianness>
          <ByteSequenceValue>434452434F4D5032</ByteSequenceValue>
        </ByteSequence>
      </InternalSignature>
    </FileFormat>
    <SearchCriteria>Criteria</SearchCriteria>
  </report_format_detail>
</PRONOM-Report>
