<?xml version="1.0" encoding="utf-8"?>
<PRONOM-Report xmlns="http://pronom.nationalarchives.gov.uk">
  <report_format_detail>
    <FileFormat>
      <FormatID>664</FormatID>
      <FormatName>Portable Network Graphics</FormatName>
      <FormatVersion>1.0</FormatVersion>
      <FormatAliases>PNG (1.0)</FormatAliases>
      <FormatFamilies>
      </FormatFamilies>
      <FormatTypes>Image (Raster)</FormatTypes>
      <FormatDisclosure>
      </FormatDisclosure>
      <FormatDescription>Portable Network Graphics (PNG) was designed for the lossless, portable, compressed storage of raster images.  PNG provides a patent-free replacement for GIF and can also replace many common uses of TIFF. Indexed-color, grayscale, and truecolor images are supported, plus an optional alpha channel. Sample depths range from 1 to 16 bits. PNG is designed to work in online viewing applications, so it is fully streamable.  It can store gamma and chromaticity.  PNG also detects file corruption.</FormatDescription>
      <BinaryFileFormat>Binary</BinaryFileFormat>
      <ByteOrders>Big-endian (Motorola)</ByteOrders>
      <ReleaseDate>
      </ReleaseDate>
      <WithdrawnDate>
      </WithdrawnDate>
      <ProvenanceSourceID>180</ProvenanceSourceID>
      <ProvenanceName>The National Archives and Records Administration / The National Archives and Records Administration</ProvenanceName>
      <ProvenanceSourceDate>11 Mar 2005</ProvenanceSourceDate>
      <ProvenanceDescription>Specifications link: http://tools.ietf.org/pdf/rfc2083.pdf</ProvenanceDescription>
      <LastUpdatedDate>11 Jun 2012</LastUpdatedDate>
      <FormatNote>
      </FormatNote>
      <FormatRisk>
      </FormatRisk>
      <TechnicalEnvironment>
      </TechnicalEnvironment>
      <FileFormatIdentifier>
        <Identifier>fmt/11</Identifier>
        <IdentifierType>PUID</IdentifierType>
      </FileFormatIdentifier>
      <FileFormatIdentifier>
        <Identifier>image/png</Identifier>
        <IdentifierType>MIME</IdentifierType>
      </FileFormatIdentifier>
      <FileFormatIdentifier>
        <Identifier>public.png</Identifier>
        <IdentifierType>Apple Uniform Type Identifier</IdentifierType>
      </FileFormatIdentifier>
      <ExternalSignature>
        <ExternalSignatureID>761</ExternalSignatureID>
        <Signature>png</Signature>
        <SignatureType>File extension</SignatureType>
      </ExternalSignature>
      <InternalSignature>
        <SignatureID>58</SignatureID>
        <SignatureName>PNG 1.0</SignatureName>
        <SignatureNote>Signature + IHDR chunk at BOF, IEND chunk at EOF</SignatureNote>
        <ByteSequence>
          <ByteSequenceID>161</ByteSequenceID>
          <PositionType>Absolute from BOF</PositionType>
          <Offset>0</Offset>
          <MaxOffset>0</MaxOffset>
          <IndirectOffsetLocation>
          </IndirectOffsetLocation>
          <IndirectOffsetLength>
          </IndirectOffsetLength>
          <Endianness>
          </Endianness>
          <ByteSequenceValue>89504E470D0A1A0A0000000D49484452</ByteSequenceValue>
        </ByteSequence>
        <ByteSequence>
          <ByteSequenceID>162</ByteSequenceID>
          <PositionType>Absolute from EOF</PositionType>
          <Offset>0</Offset>
          <MaxOffset>4</MaxOffset>
          <IndirectOffsetLocation>
          </IndirectOffsetLocation>
          <IndirectOffsetLength>
          </IndirectOffsetLength>
          <Endianness>
          </Endianness>
          <ByteSequenceValue>0000000049454E44AE426082</ByteSequenceValue>
        </ByteSequence>
      </InternalSignature>
      <RelatedFormat>
        <RelationshipType>Has lower priority than</RelationshipType>
        <RelatedFormatID>665</RelatedFormatID>
        <RelatedFormatName>Portable Network Graphics</RelatedFormatName>
        <RelatedFormatVersion>1.1</RelatedFormatVersion>
      </RelatedFormat>
      <RelatedFormat>
        <RelationshipType>Has lower priority than</RelationshipType>
        <RelatedFormatID>666</RelatedFormatID>
        <RelatedFormatName>Portable Network Graphics</RelatedFormatName>
        <RelatedFormatVersion>1.2</RelatedFormatVersion>
      </RelatedFormat>
      <RelatedFormat>
        <RelationshipType>Has lower priority than</RelationshipType>
        <RelatedFormatID>1740</RelatedFormatID>
        <RelatedFormatName>Animated Portable Network Graphics</RelatedFormatName>
        <RelatedFormatVersion>
        </RelatedFormatVersion>
      </RelatedFormat>
      <RelatedFormat>
        <RelationshipType>Is previous version of</RelationshipType>
        <RelatedFormatID>665</RelatedFormatID>
        <RelatedFormatName>Portable Network Graphics</RelatedFormatName>
        <RelatedFormatVersion>1.1</RelatedFormatVersion>
      </RelatedFormat>
      <ReferenceFile>
        <ReferenceFileID>1</ReferenceFileID>
        <ReferenceFileName>nurbcup2si.png</ReferenceFileName>
        <ReferenceFileDescription>W3C PNG 1.0 reference file: Indexed color (palette) image. It is interlaced, so suitable software can give a progressive display.</ReferenceFileDescription>
        <ReferenceFileDocumentation>
        </ReferenceFileDocumentation>
        <ReferenceFileIPR>
        </ReferenceFileIPR>
        <ReferenceFileNote>
        </ReferenceFileNote>
        <ReferenceFileIdentifier>
          <Identifier>www.w3.org/Graphics/PNG/nurbcup2si.png</Identifier>
          <IdentifierType>URL</IdentifierType>
        </ReferenceFileIdentifier>
      </ReferenceFile>
      <ReferenceFile>
        <ReferenceFileID>2</ReferenceFileID>
        <ReferenceFileName>666.png</ReferenceFileName>
        <ReferenceFileDescription>W3C PNG 1.0 reference file: Large truecolor image generated by a raytracer - a visualisation of a 6 by 6 by 6 color cube in CIE LUV color space.</ReferenceFileDescription>
        <ReferenceFileDocumentation>
        </ReferenceFileDocumentation>
        <ReferenceFileIPR>
        </ReferenceFileIPR>
        <ReferenceFileNote>
        </ReferenceFileNote>
        <ReferenceFileIdentifier>
          <Identifier>www.w3.org/Graphics/PNG/666.png</Identifier>
          <IdentifierType>URL</IdentifierType>
        </ReferenceFileIdentifier>
      </ReferenceFile>
      <FormatProperties>
        <FormatProperty>
          <PropertyName>Image Width</PropertyName>
          <PropertyDescription>
          </PropertyDescription>
          <PropertyType>Instance</PropertyType>
          <PropertyRiskScore>
          </PropertyRiskScore>
          <PropertyHighRisk>
          </PropertyHighRisk>
          <PropertyValueDescription>
          </PropertyValueDescription>
          <PropertyRisks />
        </FormatProperty>
        <FormatProperty>
          <PropertyName>Image Height</PropertyName>
          <PropertyDescription>
          </PropertyDescription>
          <PropertyType>Instance</PropertyType>
          <PropertyRiskScore>
          </PropertyRiskScore>
          <PropertyHighRisk>
          </PropertyHighRisk>
          <PropertyValueDescription>
          </PropertyValueDescription>
          <PropertyRisks />
        </FormatProperty>
        <FormatProperty>
          <PropertyName>Bits Per Sample</PropertyName>
          <PropertyDescription>
          </PropertyDescription>
          <PropertyType>Instance</PropertyType>
          <PropertyRiskScore>
          </PropertyRiskScore>
          <PropertyHighRisk>
          </PropertyHighRisk>
          <PropertyValueDescription>
          </PropertyValueDescription>
          <PropertyRisks />
        </FormatProperty>
        <FormatProperty>
          <PropertyName>Samples Per Pixel</PropertyName>
          <PropertyDescription>
          </PropertyDescription>
          <PropertyType>Instance</PropertyType>
          <PropertyRiskScore>
          </PropertyRiskScore>
          <PropertyHighRisk>
          </PropertyHighRisk>
          <PropertyValueDescription>
          </PropertyValueDescription>
          <PropertyRisks />
        </FormatProperty>
        <FormatProperty>
          <PropertyName>Number Of Channels</PropertyName>
          <PropertyDescription>
          </PropertyDescription>
          <PropertyType>Instance</PropertyType>
          <PropertyRiskScore>
          </PropertyRiskScore>
          <PropertyHighRisk>
          </PropertyHighRisk>
          <PropertyValueDescription>
          </PropertyValueDescription>
          <PropertyRisks />
        </FormatProperty>
      </FormatProperties>
    </FileFormat>
    <SearchCriteria>Criteria</SearchCriteria>
  </report_format_detail>
</PRONOM-Report>
