<?xml version="1.0" encoding="utf-8"?>
<PRONOM-Report xmlns="http://pronom.nationalarchives.gov.uk">
  <report_format_detail>
    <FileFormat>
      <FormatID>286</FormatID>
      <FormatName>WordStar for Windows Document</FormatName>
      <FormatVersion>1.0</FormatVersion>
      <FormatAliases>
      </FormatAliases>
      <FormatFamilies>
      </FormatFamilies>
      <FormatTypes>Word Processor</FormatTypes>
      <FormatDisclosure>
      </FormatDisclosure>
      <FormatDescription>The WordStar format is the default proprietary plain text format for the word processing application of the same name. It was created in 1978 by MicroPro, originally for the CP/M operating system but later was used on other operating systems such as PC/MS-DOS. It was the first word processor to render the doument on screen as it would appear when printed. WordStar files often have the extension ws or ws follwed by their version number but it is also common for them to have no extension.</FormatDescription>
      <BinaryFileFormat>Text</BinaryFileFormat>
      <ByteOrders>
      </ByteOrders>
      <ReleaseDate>
      </ReleaseDate>
      <WithdrawnDate>
      </WithdrawnDate>
      <ProvenanceSourceID>1</ProvenanceSourceID>
      <ProvenanceName>Digital Preservation Department / The National Archives</ProvenanceName>
      <ProvenanceSourceDate>02 Aug 2005</ProvenanceSourceDate>
      <ProvenanceDescription>
      </ProvenanceDescription>
      <LastUpdatedDate>29 Jul 2022</LastUpdatedDate>
      <FormatNote>http://justsolve.archiveteam.org/wiki/WordStar
https://www.loc.gov/preservation/digital/formats/fdd/fdd000552</FormatNote>
      <FormatRisk>
      </FormatRisk>
      <TechnicalEnvironment>
      </TechnicalEnvironment>
      <FileFormatIdentifier>
        <Identifier>fdd000552</Identifier>
        <IdentifierType>Library of Congress Format Description Identifier</IdentifierType>
      </FileFormatIdentifier>
      <FileFormatIdentifier>
        <Identifier>Q105856544</Identifier>
        <IdentifierType>Wikidata QID Identifier</IdentifierType>
      </FileFormatIdentifier>
      <FileFormatIdentifier>
        <Identifier>x-fmt/206</Identifier>
        <IdentifierType>PUID</IdentifierType>
      </FileFormatIdentifier>
      <Developers>
        <DeveloperID>110</DeveloperID>
        <DeveloperName>
        </DeveloperName>
        <OrganisationName>MicroPro Inc</OrganisationName>
        <DeveloperCompoundName>MicroPro Inc</DeveloperCompoundName>
      </Developers>
      <ExternalSignature>
        <ExternalSignatureID>280</ExternalSignatureID>
        <Signature>wsd</Signature>
        <SignatureType>File extension</SignatureType>
      </ExternalSignature>
      <ExternalSignature>
        <ExternalSignatureID>645</ExternalSignatureID>
        <Signature>ws</Signature>
        <SignatureType>File extension</SignatureType>
      </ExternalSignature>
      <ExternalSignature>
        <ExternalSignatureID>658</ExternalSignatureID>
        <Signature>wsw</Signature>
        <SignatureType>File extension</SignatureType>
      </ExternalSignature>
      <RelatedFormat>
        <RelationshipType>Is previous version of</RelationshipType>
        <RelatedFormatID>380</RelatedFormatID>
        <RelatedFormatName>WordStar for Windows Document</RelatedFormatName>
        <RelatedFormatVersion>2.0</RelatedFormatVersion>
      </RelatedFormat>
    </FileFormat>
    <SearchCriteria>Criteria</SearchCriteria>
  </report_format_detail>
</PRONOM-Report>
