<?xml version="1.0" encoding="utf-8"?>
<PRONOM-Report xmlns="http://pronom.nationalarchives.gov.uk">
  <report_format_detail>
    <FileFormat>
      <FormatID>255</FormatID>
      <FormatName>QuarkXPress Data File</FormatName>
      <FormatVersion>
      </FormatVersion>
      <FormatAliases>
      </FormatAliases>
      <FormatFamilies>
      </FormatFamilies>
      <FormatTypes>Presentation</FormatTypes>
      <FormatDisclosure>
      </FormatDisclosure>
      <FormatDescription>QuarkXPress is desktop publishing software for creating and editing page layouts that can be run on Mac and Windows operating systems. It was first released in 1987. It can be used to creating a variety of layouts, from single-page flyers to multi-media projects required for magazines, newspapers and catalogues. Versions 1-3 were available on Macintosh only, from version 3.1 a common signature is used.</FormatDescription>
      <BinaryFileFormat>Text</BinaryFileFormat>
      <ByteOrders>
      </ByteOrders>
      <ReleaseDate>
      </ReleaseDate>
      <WithdrawnDate>
      </WithdrawnDate>
      <ProvenanceSourceID>220</ProvenanceSourceID>
      <ProvenanceName>The Church of Jesus Christ of Latter-Day Saints / The Church of Jesus Christ of Latter-Day Saints</ProvenanceName>
      <ProvenanceSourceDate>02 Aug 2005</ProvenanceSourceDate>
      <ProvenanceDescription>Known QuarkXpress file types are:
QXD - QuarkXPress legacy Document (Version 3.1 - 5)
QXT - QuarkXPress legacy Template (Version 3.1 - 5)
QWD - QuarkXPress Web Document
QWT - QuarkXPress Web Template
QXL - QuarkXPress Library
QXB - QuarkXPress Book
QXP - QuarkXPress Project (Version 6 onwards)
QPT - QuarkXPress Project Template (Version 6 onwards)
QCD - QuarkXPress Article</ProvenanceDescription>
      <LastUpdatedDate>20 Jan 2020</LastUpdatedDate>
      <FormatNote>
      </FormatNote>
      <FormatRisk>
      </FormatRisk>
      <TechnicalEnvironment>
      </TechnicalEnvironment>
      <FileFormatIdentifier>
        <Identifier>application/vnd.Quark.QuarkXPress</Identifier>
        <IdentifierType>MIME</IdentifierType>
      </FileFormatIdentifier>
      <FileFormatIdentifier>
        <Identifier>x-fmt/182</Identifier>
        <IdentifierType>PUID</IdentifierType>
      </FileFormatIdentifier>
      <Developers>
        <DeveloperID>91</DeveloperID>
        <DeveloperName>
        </DeveloperName>
        <OrganisationName>Quark, Inc</OrganisationName>
        <DeveloperCompoundName>Quark, Inc</DeveloperCompoundName>
      </Developers>
      <Support>
        <SupportID>91</SupportID>
        <SupportName>
        </SupportName>
        <OrganisationName>Quark, Inc</OrganisationName>
        <SupportCompoundName>Quark, Inc</SupportCompoundName>
      </Support>
      <ExternalSignature>
        <ExternalSignatureID>249</ExternalSignatureID>
        <Signature>qxd</Signature>
        <SignatureType>File extension</SignatureType>
      </ExternalSignature>
      <ExternalSignature>
        <ExternalSignatureID>1321</ExternalSignatureID>
        <Signature>qxt</Signature>
        <SignatureType>File extension</SignatureType>
      </ExternalSignature>
      <ExternalSignature>
        <ExternalSignatureID>1322</ExternalSignatureID>
        <Signature>qxp</Signature>
        <SignatureType>File extension</SignatureType>
      </ExternalSignature>
      <ExternalSignature>
        <ExternalSignatureID>1323</ExternalSignatureID>
        <Signature>qcd</Signature>
        <SignatureType>File extension</SignatureType>
      </ExternalSignature>
      <ExternalSignature>
        <ExternalSignatureID>1324</ExternalSignatureID>
        <Signature>qxl</Signature>
        <SignatureType>File extension</SignatureType>
      </ExternalSignature>
      <ExternalSignature>
        <ExternalSignatureID>2500</ExternalSignatureID>
        <Signature>qxb</Signature>
        <SignatureType>File extension</SignatureType>
      </ExternalSignature>
      <ExternalSignature>
        <ExternalSignatureID>2501</ExternalSignatureID>
        <Signature>qwd</Signature>
        <SignatureType>File extension</SignatureType>
      </ExternalSignature>
      <ExternalSignature>
        <ExternalSignatureID>2502</ExternalSignatureID>
        <Signature>qwt</Signature>
        <SignatureType>File extension</SignatureType>
      </ExternalSignature>
      <ExternalSignature>
        <ExternalSignatureID>2503</ExternalSignatureID>
        <Signature>qpt</Signature>
        <SignatureType>File extension</SignatureType>
      </ExternalSignature>
      <InternalSignature>
        <SignatureID>771</SignatureID>
        <SignatureName>QuarkXpress (Motorola)</SignatureName>
        <SignatureNote>BOF: ..MMXPR</SignatureNote>
        <ByteSequence>
          <ByteSequenceID>972</ByteSequenceID>
          <PositionType>Absolute from BOF</PositionType>
          <Offset>0</Offset>
          <MaxOffset>0</MaxOffset>
          <IndirectOffsetLocation>
          </IndirectOffsetLocation>
          <IndirectOffsetLength>
          </IndirectOffsetLength>
          <Endianness>
          </Endianness>
          <ByteSequenceValue>00004D4D585052</ByteSequenceValue>
        </ByteSequence>
      </InternalSignature>
      <InternalSignature>
        <SignatureID>772</SignatureID>
        <SignatureName>QuarkXpress (Intel)</SignatureName>
        <SignatureNote>BOF: ..IIXPR</SignatureNote>
        <ByteSequence>
          <ByteSequenceID>973</ByteSequenceID>
          <PositionType>Absolute from BOF</PositionType>
          <Offset>0</Offset>
          <MaxOffset>0</MaxOffset>
          <IndirectOffsetLocation>
          </IndirectOffsetLocation>
          <IndirectOffsetLength>
          </IndirectOffsetLength>
          <Endianness>
          </Endianness>
          <ByteSequenceValue>00004949585052</ByteSequenceValue>
        </ByteSequence>
      </InternalSignature>
      <RelatedFormat>
        <RelationshipType>Has lower priority than</RelationshipType>
        <RelatedFormatID>1450</RelatedFormatID>
        <RelatedFormatName>QuarkXPress Project</RelatedFormatName>
        <RelatedFormatVersion>10</RelatedFormatVersion>
      </RelatedFormat>
      <RelatedFormat>
        <RelationshipType>Has lower priority than</RelationshipType>
        <RelatedFormatID>1451</RelatedFormatID>
        <RelatedFormatName>QuarkXPress Project</RelatedFormatName>
        <RelatedFormatVersion>6</RelatedFormatVersion>
      </RelatedFormat>
      <RelatedFormat>
        <RelationshipType>Has lower priority than</RelationshipType>
        <RelatedFormatID>1484</RelatedFormatID>
        <RelatedFormatName>QuarkXPress Project</RelatedFormatName>
        <RelatedFormatVersion>9</RelatedFormatVersion>
      </RelatedFormat>
      <RelatedFormat>
        <RelationshipType>Has lower priority than</RelationshipType>
        <RelatedFormatID>2135</RelatedFormatID>
        <RelatedFormatName>QuarkXPress Document</RelatedFormatName>
        <RelatedFormatVersion>3.1</RelatedFormatVersion>
      </RelatedFormat>
      <RelatedFormat>
        <RelationshipType>Has lower priority than</RelationshipType>
        <RelatedFormatID>2136</RelatedFormatID>
        <RelatedFormatName>QuarkXPress Document</RelatedFormatName>
        <RelatedFormatVersion>3.3</RelatedFormatVersion>
      </RelatedFormat>
      <RelatedFormat>
        <RelationshipType>Has lower priority than</RelationshipType>
        <RelatedFormatID>2137</RelatedFormatID>
        <RelatedFormatName>QuarkXPress Document</RelatedFormatName>
        <RelatedFormatVersion>4</RelatedFormatVersion>
      </RelatedFormat>
      <RelatedFormat>
        <RelationshipType>Has lower priority than</RelationshipType>
        <RelatedFormatID>2138</RelatedFormatID>
        <RelatedFormatName>QuarkXPress Document</RelatedFormatName>
        <RelatedFormatVersion>5</RelatedFormatVersion>
      </RelatedFormat>
      <RelatedFormat>
        <RelationshipType>Has lower priority than</RelationshipType>
        <RelatedFormatID>2139</RelatedFormatID>
        <RelatedFormatName>QuarkXPress Project</RelatedFormatName>
        <RelatedFormatVersion>7</RelatedFormatVersion>
      </RelatedFormat>
      <RelatedFormat>
        <RelationshipType>Has lower priority than</RelationshipType>
        <RelatedFormatID>2140</RelatedFormatID>
        <RelatedFormatName>QuarkXPress Project</RelatedFormatName>
        <RelatedFormatVersion>8</RelatedFormatVersion>
      </RelatedFormat>
      <RelatedFormat>
        <RelationshipType>Has lower priority than</RelationshipType>
        <RelatedFormatID>2141</RelatedFormatID>
        <RelatedFormatName>QuarkXPress Project</RelatedFormatName>
        <RelatedFormatVersion>9.1</RelatedFormatVersion>
      </RelatedFormat>
      <RelatedFormat>
        <RelationshipType>Has lower priority than</RelationshipType>
        <RelatedFormatID>2142</RelatedFormatID>
        <RelatedFormatName>QuarkXPress Project</RelatedFormatName>
        <RelatedFormatVersion>2015</RelatedFormatVersion>
      </RelatedFormat>
      <RelatedFormat>
        <RelationshipType>Has lower priority than</RelationshipType>
        <RelatedFormatID>2143</RelatedFormatID>
        <RelatedFormatName>QuarkXPress Project</RelatedFormatName>
        <RelatedFormatVersion>2016</RelatedFormatVersion>
      </RelatedFormat>
      <RelatedFormat>
        <RelationshipType>Has lower priority than</RelationshipType>
        <RelatedFormatID>2144</RelatedFormatID>
        <RelatedFormatName>QuarkXPress Project</RelatedFormatName>
        <RelatedFormatVersion>2017</RelatedFormatVersion>
      </RelatedFormat>
      <RelatedFormat>
        <RelationshipType>Has lower priority than</RelationshipType>
        <RelatedFormatID>2145</RelatedFormatID>
        <RelatedFormatName>QuarkXPress Project</RelatedFormatName>
        <RelatedFormatVersion>2018</RelatedFormatVersion>
      </RelatedFormat>
      <RelatedFormat>
        <RelationshipType>Has lower priority than</RelationshipType>
        <RelatedFormatID>2146</RelatedFormatID>
        <RelatedFormatName>QuarkXPress Project</RelatedFormatName>
        <RelatedFormatVersion>2019</RelatedFormatVersion>
      </RelatedFormat>
      <RelatedFormat>
        <RelationshipType>Has lower priority than</RelationshipType>
        <RelatedFormatID>2262</RelatedFormatID>
        <RelatedFormatName>QuarkXPress Document</RelatedFormatName>
        <RelatedFormatVersion>3.2</RelatedFormatVersion>
      </RelatedFormat>
      <RelatedFormat>
        <RelationshipType>Has lower priority than</RelationshipType>
        <RelatedFormatID>2263</RelatedFormatID>
        <RelatedFormatName>QuarkXPress Project</RelatedFormatName>
        <RelatedFormatVersion>9.2</RelatedFormatVersion>
      </RelatedFormat>
      <RelatedFormat>
        <RelationshipType>Has lower priority than</RelationshipType>
        <RelatedFormatID>2264</RelatedFormatID>
        <RelatedFormatName>QuarkXPress Project</RelatedFormatName>
        <RelatedFormatVersion>10.1</RelatedFormatVersion>
      </RelatedFormat>
      <RelatedFormat>
        <RelationshipType>Has lower priority than</RelationshipType>
        <RelatedFormatID>2317</RelatedFormatID>
        <RelatedFormatName>QuarkXPress Project</RelatedFormatName>
        <RelatedFormatVersion>2020</RelatedFormatVersion>
      </RelatedFormat>
      <RelatedFormat>
        <RelationshipType>Has lower priority than</RelationshipType>
        <RelatedFormatID>2318</RelatedFormatID>
        <RelatedFormatName>QuarkXPress Project</RelatedFormatName>
        <RelatedFormatVersion>2021</RelatedFormatVersion>
      </RelatedFormat>
    </FileFormat>
    <SearchCriteria>Criteria</SearchCriteria>
  </report_format_detail>
</PRONOM-Report>
