<?xml version="1.0" encoding="utf-8"?>
<PRONOM-Report xmlns="http://pronom.nationalarchives.gov.uk">
  <report_format_detail>
    <FileFormat>
      <FormatID>672</FormatID>
      <FormatName>Exchangeable Image File Format (Uncompressed)</FormatName>
      <FormatVersion>2.2</FormatVersion>
      <FormatAliases>Exif Uncompressed Image (2.2)</FormatAliases>
      <FormatFamilies>
      </FormatFamilies>
      <FormatTypes>Image (Raster)</FormatTypes>
      <FormatDisclosure>
      </FormatDisclosure>
      <FormatDescription>Exchangeable image file format (Exif) is a standard that specifies the formats for images, sound, and ancillary tags used by digital cameras (including smartphones), scanners and other systems handling image and sound files recorded by digital cameras.</FormatDescription>
      <BinaryFileFormat>Binary</BinaryFileFormat>
      <ByteOrders>Little-endian (Intel) and Big-endian (Motorola)</ByteOrders>
      <ReleaseDate>
      </ReleaseDate>
      <WithdrawnDate>
      </WithdrawnDate>
      <ProvenanceSourceID>1</ProvenanceSourceID>
      <ProvenanceName>Digital Preservation Department / The National Archives</ProvenanceName>
      <ProvenanceSourceDate>11 Mar 2005</ProvenanceSourceDate>
      <ProvenanceDescription>
      </ProvenanceDescription>
      <LastUpdatedDate>02 Aug 2005</LastUpdatedDate>
      <FormatNote>
      </FormatNote>
      <FormatRisk>
      </FormatRisk>
      <TechnicalEnvironment>
      </TechnicalEnvironment>
      <FileFormatIdentifier>
        <Identifier>image/tiff</Identifier>
        <IdentifierType>MIME</IdentifierType>
      </FileFormatIdentifier>
      <FileFormatIdentifier>
        <Identifier>x-fmt/387</Identifier>
        <IdentifierType>PUID</IdentifierType>
      </FileFormatIdentifier>
      <Document>
        <DocumentID>20</DocumentID>
        <DisplayText>Japan Electronic Industry Development Association, 2002, JEITA CP-3451 - Exchangeable image file format for digital still cameras: Exif Version 2.2</DisplayText>
        <DocumentType>Authoritative</DocumentType>
        <AvailabilityDescription>Public</AvailabilityDescription>
        <AvailabilityNote>
        </AvailabilityNote>
        <PublicationDate>01 Apr 2002</PublicationDate>
        <TitleText>JEITA CP-3451 - Exchangeable image file format for digital still cameras: Exif Version 2.2</TitleText>
        <DocumentIPR>
        </DocumentIPR>
        <DocumentNote>
        </DocumentNote>
        <DocumentIdentifier>
          <Identifier>www.exif.org/Exif2-2.PDF</Identifier>
          <IdentifierType>URL</IdentifierType>
        </DocumentIdentifier>
        <Author>
          <AuthorID>105</AuthorID>
          <AuthorName>
          </AuthorName>
          <OrganisationName>Japan Electronic Industry Development Association</OrganisationName>
          <AuthorCompoundName>Japan Electronic Industry Development Association</AuthorCompoundName>
        </Author>
        <Publisher>
          <PublisherID>105</PublisherID>
          <PublisherName>
          </PublisherName>
          <OrganisationName>Japan Electronic Industry Development Association</OrganisationName>
          <PublisherCompoundName>Japan Electronic Industry Development Association</PublisherCompoundName>
        </Publisher>
      </Document>
      <ExternalSignature>
        <ExternalSignatureID>640</ExternalSignatureID>
        <Signature>tif</Signature>
        <SignatureType>File extension</SignatureType>
      </ExternalSignature>
      <ExternalSignature>
        <ExternalSignatureID>1944</ExternalSignatureID>
        <Signature>tiff</Signature>
        <SignatureType>File extension</SignatureType>
      </ExternalSignature>
      <InternalSignature>
        <SignatureID>154</SignatureID>
        <SignatureName>EXIF Uncompressed Image 2.2 (big-endian, EXIF near EOF)</SignatureName>
        <SignatureNote>TIFF header, EXIF IFD near EOF (EXIF ver=2.2)</SignatureNote>
        <ByteSequence>
          <ByteSequenceID>101</ByteSequenceID>
          <PositionType>Absolute from BOF</PositionType>
          <Offset>0</Offset>
          <MaxOffset>
          </MaxOffset>
          <IndirectOffsetLocation>
          </IndirectOffsetLocation>
          <IndirectOffsetLength>
          </IndirectOffsetLength>
          <Endianness>
          </Endianness>
          <ByteSequenceValue>4D4D002A</ByteSequenceValue>
        </ByteSequence>
        <ByteSequence>
          <ByteSequenceID>383</ByteSequenceID>
          <PositionType>Absolute from EOF</PositionType>
          <Offset>0</Offset>
          <MaxOffset>131072</MaxOffset>
          <IndirectOffsetLocation>
          </IndirectOffsetLocation>
          <IndirectOffsetLength>
          </IndirectOffsetLength>
          <Endianness>
          </Endianness>
          <ByteSequenceValue>900000070000000430323230</ByteSequenceValue>
        </ByteSequence>
      </InternalSignature>
      <InternalSignature>
        <SignatureID>157</SignatureID>
        <SignatureName>EXIF Uncompressed Image 2.2 (little-endian, EXIF near EOF)</SignatureName>
        <SignatureNote>TIFF header, EXIF IFD near EOF (EXIF ver=2.2)</SignatureNote>
        <ByteSequence>
          <ByteSequenceID>102</ByteSequenceID>
          <PositionType>Absolute from BOF</PositionType>
          <Offset>0</Offset>
          <MaxOffset>
          </MaxOffset>
          <IndirectOffsetLocation>
          </IndirectOffsetLocation>
          <IndirectOffsetLength>
          </IndirectOffsetLength>
          <Endianness>
          </Endianness>
          <ByteSequenceValue>49492A00</ByteSequenceValue>
        </ByteSequence>
        <ByteSequence>
          <ByteSequenceID>384</ByteSequenceID>
          <PositionType>Absolute from EOF</PositionType>
          <Offset>0</Offset>
          <MaxOffset>131072</MaxOffset>
          <IndirectOffsetLocation>
          </IndirectOffsetLocation>
          <IndirectOffsetLength>
          </IndirectOffsetLength>
          <Endianness>
          </Endianness>
          <ByteSequenceValue>009007000400000030323230</ByteSequenceValue>
        </ByteSequence>
      </InternalSignature>
      <InternalSignature>
        <SignatureID>285</SignatureID>
        <SignatureName>EXIF Uncompressed Image 2.2 (big-endian, EXIF near BOF)</SignatureName>
        <SignatureNote>TIFF header, EXIF IFD near BOF (EXIF ver=2.2).  [NB: When the DROID bug associated with longest fragment not nearest anchor is fixed, the 2 BOF sequences can be merged.]</SignatureNote>
        <ByteSequence>
          <ByteSequenceID>373</ByteSequenceID>
          <PositionType>Absolute from BOF</PositionType>
          <Offset>0</Offset>
          <MaxOffset>
          </MaxOffset>
          <IndirectOffsetLocation>
          </IndirectOffsetLocation>
          <IndirectOffsetLength>
          </IndirectOffsetLength>
          <Endianness>
          </Endianness>
          <ByteSequenceValue>4D4D002A</ByteSequenceValue>
        </ByteSequence>
        <ByteSequence>
          <ByteSequenceID>374</ByteSequenceID>
          <PositionType>Absolute from BOF</PositionType>
          <Offset>10</Offset>
          <MaxOffset>131072</MaxOffset>
          <IndirectOffsetLocation>
          </IndirectOffsetLocation>
          <IndirectOffsetLength>
          </IndirectOffsetLength>
          <Endianness>
          </Endianness>
          <ByteSequenceValue>900000070000000430323230</ByteSequenceValue>
        </ByteSequence>
      </InternalSignature>
      <InternalSignature>
        <SignatureID>288</SignatureID>
        <SignatureName>EXIF Uncompressed Image 2.2 (little-endian, EXIF near BOF)</SignatureName>
        <SignatureNote>TIFF header, EXIF IFD near BOF (EXIF ver=2.2).  [NB: When the DROID bug associated with longest fragment not nearest anchor is fixed, the 2 BOF sequences can be merged.]</SignatureNote>
        <ByteSequence>
          <ByteSequenceID>379</ByteSequenceID>
          <PositionType>Absolute from BOF</PositionType>
          <Offset>0</Offset>
          <MaxOffset>
          </MaxOffset>
          <IndirectOffsetLocation>
          </IndirectOffsetLocation>
          <IndirectOffsetLength>
          </IndirectOffsetLength>
          <Endianness>
          </Endianness>
          <ByteSequenceValue>49492A00</ByteSequenceValue>
        </ByteSequence>
        <ByteSequence>
          <ByteSequenceID>380</ByteSequenceID>
          <PositionType>Absolute from BOF</PositionType>
          <Offset>10</Offset>
          <MaxOffset>131072</MaxOffset>
          <IndirectOffsetLocation>
          </IndirectOffsetLocation>
          <IndirectOffsetLength>
          </IndirectOffsetLength>
          <Endianness>
          </Endianness>
          <ByteSequenceValue>009007000400000030323230</ByteSequenceValue>
        </ByteSequence>
      </InternalSignature>
      <RelatedFormat>
        <RelationshipType>Has lower priority than</RelationshipType>
        <RelatedFormatID>795</RelatedFormatID>
        <RelatedFormatName>Digital Negative Format (DNG)</RelatedFormatName>
        <RelatedFormatVersion>1.1</RelatedFormatVersion>
      </RelatedFormat>
      <RelatedFormat>
        <RelationshipType>Has lower priority than</RelationshipType>
        <RelatedFormatID>797</RelatedFormatID>
        <RelatedFormatName>Tagged Image File Format for Electronic Photography (TIFF/EP)</RelatedFormatName>
        <RelatedFormatVersion>
        </RelatedFormatVersion>
      </RelatedFormat>
      <RelatedFormat>
        <RelationshipType>Has lower priority than</RelationshipType>
        <RelatedFormatID>798</RelatedFormatID>
        <RelatedFormatName>Geographic Tagged Image File Format (GeoTIFF)</RelatedFormatName>
        <RelatedFormatVersion>
        </RelatedFormatVersion>
      </RelatedFormat>
      <RelatedFormat>
        <RelationshipType>Has lower priority than</RelationshipType>
        <RelatedFormatID>799</RelatedFormatID>
        <RelatedFormatName>Tagged Image File Format for Internet Fax (TIFF-FX)</RelatedFormatName>
        <RelatedFormatVersion>
        </RelatedFormatVersion>
      </RelatedFormat>
      <RelatedFormat>
        <RelationshipType>Has lower priority than</RelationshipType>
        <RelatedFormatID>1223</RelatedFormatID>
        <RelatedFormatName>Digital Negative Format (DNG)</RelatedFormatName>
        <RelatedFormatVersion>1.0</RelatedFormatVersion>
      </RelatedFormat>
      <RelatedFormat>
        <RelationshipType>Has lower priority than</RelationshipType>
        <RelatedFormatID>1224</RelatedFormatID>
        <RelatedFormatName>Digital Negative Format (DNG)</RelatedFormatName>
        <RelatedFormatVersion>1.2</RelatedFormatVersion>
      </RelatedFormat>
      <RelatedFormat>
        <RelationshipType>Has lower priority than</RelationshipType>
        <RelatedFormatID>1225</RelatedFormatID>
        <RelatedFormatName>Digital Negative Format (DNG)</RelatedFormatName>
        <RelatedFormatVersion>1.3</RelatedFormatVersion>
      </RelatedFormat>
      <RelatedFormat>
        <RelationshipType>Has lower priority than</RelationshipType>
        <RelatedFormatID>1529</RelatedFormatID>
        <RelatedFormatName>Digital Negative Format (DNG)</RelatedFormatName>
        <RelatedFormatVersion>1.4</RelatedFormatVersion>
      </RelatedFormat>
      <RelatedFormat>
        <RelationshipType>Has lower priority than</RelationshipType>
        <RelatedFormatID>1867</RelatedFormatID>
        <RelatedFormatName>Phase One IIQ Raw Image</RelatedFormatName>
        <RelatedFormatVersion>
        </RelatedFormatVersion>
      </RelatedFormat>
      <RelatedFormat>
        <RelationshipType>Has lower priority than</RelationshipType>
        <RelatedFormatID>1868</RelatedFormatID>
        <RelatedFormatName>Hasselblad 3FR Raw Image</RelatedFormatName>
        <RelatedFormatVersion>
        </RelatedFormatVersion>
      </RelatedFormat>
      <RelatedFormat>
        <RelationshipType>Has priority over</RelationshipType>
        <RelatedFormatID>609</RelatedFormatID>
        <RelatedFormatName>Tagged Image File Format</RelatedFormatName>
        <RelatedFormatVersion>3</RelatedFormatVersion>
      </RelatedFormat>
      <RelatedFormat>
        <RelationshipType>Has priority over</RelationshipType>
        <RelatedFormatID>610</RelatedFormatID>
        <RelatedFormatName>Tagged Image File Format</RelatedFormatName>
        <RelatedFormatVersion>4</RelatedFormatVersion>
      </RelatedFormat>
      <RelatedFormat>
        <RelationshipType>Has priority over</RelationshipType>
        <RelatedFormatID>611</RelatedFormatID>
        <RelatedFormatName>Tagged Image File Format</RelatedFormatName>
        <RelatedFormatVersion>5</RelatedFormatVersion>
      </RelatedFormat>
      <RelatedFormat>
        <RelationshipType>Has priority over</RelationshipType>
        <RelatedFormatID>612</RelatedFormatID>
        <RelatedFormatName>Tagged Image File Format</RelatedFormatName>
        <RelatedFormatVersion>6</RelatedFormatVersion>
      </RelatedFormat>
      <RelatedFormat>
        <RelationshipType>Has priority over</RelationshipType>
        <RelatedFormatID>1099</RelatedFormatID>
        <RelatedFormatName>Tagged Image File Format</RelatedFormatName>
        <RelatedFormatVersion>
        </RelatedFormatVersion>
      </RelatedFormat>
      <RelatedFormat>
        <RelationshipType>Is subsequent version of</RelationshipType>
        <RelatedFormatID>673</RelatedFormatID>
        <RelatedFormatName>Exchangeable Image File Format (Uncompressed)</RelatedFormatName>
        <RelatedFormatVersion>2.1</RelatedFormatVersion>
      </RelatedFormat>
    </FileFormat>
    <SearchCriteria>Criteria</SearchCriteria>
  </report_format_detail>
</PRONOM-Report>
