<?xml version="1.0" encoding="utf-8"?>
<PRONOM-Report xmlns="http://pronom.nationalarchives.gov.uk">
  <report_format_detail>
    <FileFormat>
      <FormatID>407</FormatID>
      <FormatName>Microsoft Word for MS-DOS Document</FormatName>
      <FormatVersion>5.0 - 5.4</FormatVersion>
      <FormatAliases>
      </FormatAliases>
      <FormatFamilies>
      </FormatFamilies>
      <FormatTypes>Word Processor</FormatTypes>
      <FormatDisclosure>
      </FormatDisclosure>
      <FormatDescription>Microsoft Word for MS-DOS Document is a proprietary binary format of Microsoft Word, word processing application, for MS-DOS first released in 1983. The first version was released on IBM PC DOS, developed by Microsoft, which Microsoft then re-branded as MS-DOS. The version was developed by Charles Simonyi and Richard Brodie firstly for Xenix in February 1983 (titled as "Multi-Tool Word") and in October 1983 for MS-DOS operating systems. The application featured graphics video mode, mouse and printer support (printer support was added in version 2) in WYSIWYG (What You See Is What You Get) interface and could run in text mode or graphics mode, with bold, italics, and underline features only available in the text mode. The version 5 of the format was released in 1989, with the release of Word for MS-MOS, which included added support for bookmarks, cross-references and conditions and loops in macros, remaining backwards compatible with Word 3.0 macros. Please see the full list of versions using the links provided in the Notes section.</FormatDescription>
      <BinaryFileFormat>Text</BinaryFileFormat>
      <ByteOrders>Little-endian (Intel)</ByteOrders>
      <ReleaseDate>
      </ReleaseDate>
      <WithdrawnDate>
      </WithdrawnDate>
      <ProvenanceSourceID>1</ProvenanceSourceID>
      <ProvenanceName>Digital Preservation Department / The National Archives</ProvenanceName>
      <ProvenanceSourceDate>02 Aug 2005</ProvenanceSourceDate>
      <ProvenanceDescription>
      </ProvenanceDescription>
      <LastUpdatedDate>20 Jul 2022</LastUpdatedDate>
      <FormatNote>https://web.archive.org/web/20211222235433/https://winworldpc.com/product/microsoft-word/5x-dos

https://en.wikipedia.org/wiki/Doc_(computing)#Microsoft_Word_Binary_File_Format

https://web.archive.org/web/20220517101947/https://en.wikipedia.org/wiki/History_of_Microsoft_Word

https://www.docfly.com/blog/2020/a-brief-history-of-microsoft-word</FormatNote>
      <FormatRisk>
      </FormatRisk>
      <TechnicalEnvironment>
      </TechnicalEnvironment>
      <FileFormatIdentifier>
        <Identifier>application/msword</Identifier>
        <IdentifierType>MIME</IdentifierType>
      </FileFormatIdentifier>
      <FileFormatIdentifier>
        <Identifier>com.microsoft.word.doc</Identifier>
        <IdentifierType>Apple Uniform Type Identifier</IdentifierType>
      </FileFormatIdentifier>
      <FileFormatIdentifier>
        <Identifier>x-fmt/275</Identifier>
        <IdentifierType>PUID</IdentifierType>
      </FileFormatIdentifier>
      <Developers>
        <DeveloperID>93</DeveloperID>
        <DeveloperName>
        </DeveloperName>
        <OrganisationName>Microsoft Corporation</OrganisationName>
        <DeveloperCompoundName>Microsoft Corporation</DeveloperCompoundName>
      </Developers>
      <ExternalSignature>
        <ExternalSignatureID>394</ExternalSignatureID>
        <Signature>doc</Signature>
        <SignatureType>File extension</SignatureType>
      </ExternalSignature>
      <InternalSignature>
        <SignatureID>489</SignatureID>
        <SignatureName>Microsoft Word for DOS 5.0</SignatureName>
        <SignatureNote>Word signature (4 bytes) Reserved field (10 bytes) Flag (2 bytes) Version (2bytes)</SignatureNote>
        <ByteSequence>
          <ByteSequenceID>606</ByteSequenceID>
          <PositionType>Absolute from BOF</PositionType>
          <Offset>0</Offset>
          <MaxOffset>
          </MaxOffset>
          <IndirectOffsetLocation>
          </IndirectOffsetLocation>
          <IndirectOffsetLength>
          </IndirectOffsetLength>
          <Endianness>
          </Endianness>
          <ByteSequenceValue>31BE000000AB0000000000000000{82}0000{18}(04|05)</ByteSequenceValue>
        </ByteSequence>
      </InternalSignature>
      <RelatedFormat>
        <RelationshipType>Is previous version of</RelationshipType>
        <RelatedFormatID>408</RelatedFormatID>
        <RelatedFormatName>Microsoft Word for MS-DOS Document</RelatedFormatName>
        <RelatedFormatVersion>5.5</RelatedFormatVersion>
      </RelatedFormat>
      <RelatedFormat>
        <RelationshipType>Is subsequent version of</RelationshipType>
        <RelatedFormatID>406</RelatedFormatID>
        <RelatedFormatName>Microsoft Word for MS-DOS Document</RelatedFormatName>
        <RelatedFormatVersion>1.x - 4.0</RelatedFormatVersion>
      </RelatedFormat>
    </FileFormat>
    <SearchCriteria>Criteria</SearchCriteria>
  </report_format_detail>
</PRONOM-Report>
