<?xml version="1.0" encoding="utf-8"?>
<PRONOM-Report xmlns="http://pronom.nationalarchives.gov.uk">
  <report_format_detail>
    <FileFormat>
      <FormatID>87</FormatID>
      <FormatName>Macromedia Freehand</FormatName>
      <FormatVersion>4 &amp; 5</FormatVersion>
      <FormatAliases>
      </FormatAliases>
      <FormatFamilies>
      </FormatFamilies>
      <FormatTypes>Image (Vector)</FormatTypes>
      <FormatDisclosure>
      </FormatDisclosure>
      <FormatDescription>FreeHand, created by Altsys Corporation in 1988 and licensed to Aldus Corporation, is a discontinued vector graphic editor for Windows and Mac. Uses include professional illustration, desktop publishing and web content. FreeHand versions 1 though to 4 were released by Aldus, later versions were developed by Macromedia. In 2005 Adobe Systems acquired Macromedia but FreeHand development has been discontinued.</FormatDescription>
      <BinaryFileFormat>Text</BinaryFileFormat>
      <ByteOrders>
      </ByteOrders>
      <ReleaseDate>
      </ReleaseDate>
      <WithdrawnDate>
      </WithdrawnDate>
      <ProvenanceSourceID>165</ProvenanceSourceID>
      <ProvenanceName>Georgia Tech Research Institute / Georgia Tech Research Institute</ProvenanceName>
      <ProvenanceSourceDate>02 Aug 2005</ProvenanceSourceDate>
      <ProvenanceDescription>
      </ProvenanceDescription>
      <LastUpdatedDate>17 Oct 2021</LastUpdatedDate>
      <FormatNote>
      </FormatNote>
      <FormatRisk>
      </FormatRisk>
      <TechnicalEnvironment>
      </TechnicalEnvironment>
      <FileFormatIdentifier>
        <Identifier>x-fmt/53</Identifier>
        <IdentifierType>PUID</IdentifierType>
      </FileFormatIdentifier>
      <Developers>
        <DeveloperID>56</DeveloperID>
        <DeveloperName>
        </DeveloperName>
        <OrganisationName>Macromedia, Inc.</OrganisationName>
        <DeveloperCompoundName>Macromedia, Inc.</DeveloperCompoundName>
      </Developers>
      <Support>
        <SupportID>7</SupportID>
        <SupportName>
        </SupportName>
        <OrganisationName>Adobe Systems Incorporated</OrganisationName>
        <SupportCompoundName>Adobe Systems Incorporated</SupportCompoundName>
      </Support>
      <ExternalSignature>
        <ExternalSignatureID>81</ExternalSignatureID>
        <Signature>fh5</Signature>
        <SignatureType>File extension</SignatureType>
      </ExternalSignature>
      <ExternalSignature>
        <ExternalSignatureID>2679</ExternalSignatureID>
        <Signature>fh4</Signature>
        <SignatureType>File extension</SignatureType>
      </ExternalSignature>
      <InternalSignature>
        <SignatureID>862</SignatureID>
        <SignatureName>FreeHand 5</SignatureName>
        <SignatureNote>MAC File type Code AGD1</SignatureNote>
        <ByteSequence>
          <ByteSequenceID>1086</ByteSequenceID>
          <PositionType>Absolute from BOF</PositionType>
          <Offset>0</Offset>
          <MaxOffset>0</MaxOffset>
          <IndirectOffsetLocation>
          </IndirectOffsetLocation>
          <IndirectOffsetLength>
          </IndirectOffsetLength>
          <Endianness>
          </Endianness>
          <ByteSequenceValue>41474431</ByteSequenceValue>
        </ByteSequence>
      </InternalSignature>
      <RelatedFormat>
        <RelationshipType>Has lower priority than</RelationshipType>
        <RelatedFormatID>458</RelatedFormatID>
        <RelatedFormatName>Aldus Freehand Drawing</RelatedFormatName>
        <RelatedFormatVersion>4</RelatedFormatVersion>
      </RelatedFormat>
    </FileFormat>
    <SearchCriteria>Criteria</SearchCriteria>
  </report_format_detail>
</PRONOM-Report>
