<?xml version="1.0" encoding="utf-8"?>
<PRONOM-Report xmlns="http://pronom.nationalarchives.gov.uk">
  <report_format_detail>
    <FileFormat>
      <FormatID>673</FormatID>
      <FormatName>Exchangeable Image File Format (Uncompressed)</FormatName>
      <FormatVersion>2.1</FormatVersion>
      <FormatAliases>Exif Uncompressed Image (2.1)</FormatAliases>
      <FormatFamilies>
      </FormatFamilies>
      <FormatTypes>Image (Raster)</FormatTypes>
      <FormatDisclosure>
      </FormatDisclosure>
      <FormatDescription>Exchangeable image file format (Exif) is a standard that specifies the formats for images, sound, and ancillary tags used by digital cameras (including smartphones), scanners and other systems handling image and sound files recorded by digital cameras.</FormatDescription>
      <BinaryFileFormat>Binary</BinaryFileFormat>
      <ByteOrders>Little-endian (Intel) and Big-endian (Motorola)</ByteOrders>
      <ReleaseDate>
      </ReleaseDate>
      <WithdrawnDate>
      </WithdrawnDate>
      <ProvenanceSourceID>1</ProvenanceSourceID>
      <ProvenanceName>Digital Preservation Department / The National Archives</ProvenanceName>
      <ProvenanceSourceDate>11 Mar 2005</ProvenanceSourceDate>
      <ProvenanceDescription>
      </ProvenanceDescription>
      <LastUpdatedDate>02 Aug 2005</LastUpdatedDate>
      <FormatNote>
      </FormatNote>
      <FormatRisk>
      </FormatRisk>
      <TechnicalEnvironment>
      </TechnicalEnvironment>
      <FileFormatIdentifier>
        <Identifier>image/tiff</Identifier>
        <IdentifierType>MIME</IdentifierType>
      </FileFormatIdentifier>
      <FileFormatIdentifier>
        <Identifier>x-fmt/388</Identifier>
        <IdentifierType>PUID</IdentifierType>
      </FileFormatIdentifier>
      <Document>
        <DocumentID>19</DocumentID>
        <DisplayText>Japan Electronic Industry Development Association, 1998, JEIDA-49-1998 - Digital Still Camera Image File Format Standard (Exchangeable image file format for Digital Still Cameras: Exif), Version 2.1</DisplayText>
        <DocumentType>Authoritative</DocumentType>
        <AvailabilityDescription>Public</AvailabilityDescription>
        <AvailabilityNote>
        </AvailabilityNote>
        <PublicationDate>01 Dec 1998</PublicationDate>
        <TitleText>JEIDA-49-1998 - Digital Still Camera Image File Format Standard (Exchangeable image file format for Digital Still Cameras: Exif), Version 2.1</TitleText>
        <DocumentIPR>
        </DocumentIPR>
        <DocumentNote>
        </DocumentNote>
        <DocumentIdentifier>
          <Identifier>www.exif.org/dcf-exif.PDF</Identifier>
          <IdentifierType>URL</IdentifierType>
        </DocumentIdentifier>
        <Author>
          <AuthorID>105</AuthorID>
          <AuthorName>
          </AuthorName>
          <OrganisationName>Japan Electronic Industry Development Association</OrganisationName>
          <AuthorCompoundName>Japan Electronic Industry Development Association</AuthorCompoundName>
        </Author>
        <Publisher>
          <PublisherID>105</PublisherID>
          <PublisherName>
          </PublisherName>
          <OrganisationName>Japan Electronic Industry Development Association</OrganisationName>
          <PublisherCompoundName>Japan Electronic Industry Development Association</PublisherCompoundName>
        </Publisher>
      </Document>
      <ExternalSignature>
        <ExternalSignatureID>604</ExternalSignatureID>
        <Signature>tif</Signature>
        <SignatureType>File extension</SignatureType>
      </ExternalSignature>
      <ExternalSignature>
        <ExternalSignatureID>1945</ExternalSignatureID>
        <Signature>tiff</Signature>
        <SignatureType>File extension</SignatureType>
      </ExternalSignature>
      <InternalSignature>
        <SignatureID>153</SignatureID>
        <SignatureName>EXIF Uncompressed Image 2.1 (big-endian, EXIF near EOF)</SignatureName>
        <SignatureNote>TIFF header, EXIF IFD near EOF (EXIF ver=2.1)</SignatureNote>
        <ByteSequence>
          <ByteSequenceID>99</ByteSequenceID>
          <PositionType>Absolute from BOF</PositionType>
          <Offset>0</Offset>
          <MaxOffset>
          </MaxOffset>
          <IndirectOffsetLocation>
          </IndirectOffsetLocation>
          <IndirectOffsetLength>
          </IndirectOffsetLength>
          <Endianness>
          </Endianness>
          <ByteSequenceValue>4D4D002A</ByteSequenceValue>
        </ByteSequence>
        <ByteSequence>
          <ByteSequenceID>381</ByteSequenceID>
          <PositionType>Absolute from EOF</PositionType>
          <Offset>0</Offset>
          <MaxOffset>65535</MaxOffset>
          <IndirectOffsetLocation>
          </IndirectOffsetLocation>
          <IndirectOffsetLength>
          </IndirectOffsetLength>
          <Endianness>
          </Endianness>
          <ByteSequenceValue>900000070000000430323130</ByteSequenceValue>
        </ByteSequence>
      </InternalSignature>
      <InternalSignature>
        <SignatureID>156</SignatureID>
        <SignatureName>EXIF Uncompressed Image 2.1 (little-endian, EXIF near EOF)</SignatureName>
        <SignatureNote>TIFF header, EXIF IFD near EOF (EXIF ver=2.1)</SignatureNote>
        <ByteSequence>
          <ByteSequenceID>100</ByteSequenceID>
          <PositionType>Absolute from BOF</PositionType>
          <Offset>0</Offset>
          <MaxOffset>
          </MaxOffset>
          <IndirectOffsetLocation>
          </IndirectOffsetLocation>
          <IndirectOffsetLength>
          </IndirectOffsetLength>
          <Endianness>
          </Endianness>
          <ByteSequenceValue>49492A00</ByteSequenceValue>
        </ByteSequence>
        <ByteSequence>
          <ByteSequenceID>382</ByteSequenceID>
          <PositionType>Absolute from EOF</PositionType>
          <Offset>0</Offset>
          <MaxOffset>65535</MaxOffset>
          <IndirectOffsetLocation>
          </IndirectOffsetLocation>
          <IndirectOffsetLength>
          </IndirectOffsetLength>
          <Endianness>
          </Endianness>
          <ByteSequenceValue>009007000400000030323130</ByteSequenceValue>
        </ByteSequence>
      </InternalSignature>
      <InternalSignature>
        <SignatureID>284</SignatureID>
        <SignatureName>EXIF Uncompressed Image 2.1 (big-endian, EXIF near BOF)</SignatureName>
        <SignatureNote>TIFF header, EXIF IFD near BOF (EXIF ver=2.1).  [NB: When the DROID bug associated with longest fragment not nearest anchor is fixed, the 2 BOF sequences can be merged.]</SignatureNote>
        <ByteSequence>
          <ByteSequenceID>371</ByteSequenceID>
          <PositionType>Absolute from BOF</PositionType>
          <Offset>0</Offset>
          <MaxOffset>
          </MaxOffset>
          <IndirectOffsetLocation>
          </IndirectOffsetLocation>
          <IndirectOffsetLength>
          </IndirectOffsetLength>
          <Endianness>
          </Endianness>
          <ByteSequenceValue>4D4D002A</ByteSequenceValue>
        </ByteSequence>
        <ByteSequence>
          <ByteSequenceID>372</ByteSequenceID>
          <PositionType>Absolute from BOF</PositionType>
          <Offset>0</Offset>
          <MaxOffset>
          </MaxOffset>
          <IndirectOffsetLocation>
          </IndirectOffsetLocation>
          <IndirectOffsetLength>
          </IndirectOffsetLength>
          <Endianness>
          </Endianness>
          <ByteSequenceValue>{10-65535}900000070000000430323130</ByteSequenceValue>
        </ByteSequence>
      </InternalSignature>
      <InternalSignature>
        <SignatureID>287</SignatureID>
        <SignatureName>EXIF Uncompressed Image 2.1 (little-endian, EXIF near BOF)</SignatureName>
        <SignatureNote>TIFF header, EXIF IFD near BOF (EXIF ver=2.1).  [NB: When the DROID bug associated with longest fragment not nearest anchor is fixed, the 2 BOF sequences can be merged.]</SignatureNote>
        <ByteSequence>
          <ByteSequenceID>377</ByteSequenceID>
          <PositionType>Absolute from BOF</PositionType>
          <Offset>0</Offset>
          <MaxOffset>
          </MaxOffset>
          <IndirectOffsetLocation>
          </IndirectOffsetLocation>
          <IndirectOffsetLength>
          </IndirectOffsetLength>
          <Endianness>
          </Endianness>
          <ByteSequenceValue>49492A00</ByteSequenceValue>
        </ByteSequence>
        <ByteSequence>
          <ByteSequenceID>378</ByteSequenceID>
          <PositionType>Absolute from BOF</PositionType>
          <Offset>10</Offset>
          <MaxOffset>65535</MaxOffset>
          <IndirectOffsetLocation>
          </IndirectOffsetLocation>
          <IndirectOffsetLength>
          </IndirectOffsetLength>
          <Endianness>
          </Endianness>
          <ByteSequenceValue>009007000400000030323130</ByteSequenceValue>
        </ByteSequence>
      </InternalSignature>
      <RelatedFormat>
        <RelationshipType>Has lower priority than</RelationshipType>
        <RelatedFormatID>795</RelatedFormatID>
        <RelatedFormatName>Digital Negative Format (DNG)</RelatedFormatName>
        <RelatedFormatVersion>1.1</RelatedFormatVersion>
      </RelatedFormat>
      <RelatedFormat>
        <RelationshipType>Has lower priority than</RelationshipType>
        <RelatedFormatID>797</RelatedFormatID>
        <RelatedFormatName>Tagged Image File Format for Electronic Photography (TIFF/EP)</RelatedFormatName>
        <RelatedFormatVersion>
        </RelatedFormatVersion>
      </RelatedFormat>
      <RelatedFormat>
        <RelationshipType>Has lower priority than</RelationshipType>
        <RelatedFormatID>798</RelatedFormatID>
        <RelatedFormatName>Geographic Tagged Image File Format (GeoTIFF)</RelatedFormatName>
        <RelatedFormatVersion>
        </RelatedFormatVersion>
      </RelatedFormat>
      <RelatedFormat>
        <RelationshipType>Has lower priority than</RelationshipType>
        <RelatedFormatID>799</RelatedFormatID>
        <RelatedFormatName>Tagged Image File Format for Internet Fax (TIFF-FX)</RelatedFormatName>
        <RelatedFormatVersion>
        </RelatedFormatVersion>
      </RelatedFormat>
      <RelatedFormat>
        <RelationshipType>Has lower priority than</RelationshipType>
        <RelatedFormatID>1223</RelatedFormatID>
        <RelatedFormatName>Digital Negative Format (DNG)</RelatedFormatName>
        <RelatedFormatVersion>1.0</RelatedFormatVersion>
      </RelatedFormat>
      <RelatedFormat>
        <RelationshipType>Has lower priority than</RelationshipType>
        <RelatedFormatID>1224</RelatedFormatID>
        <RelatedFormatName>Digital Negative Format (DNG)</RelatedFormatName>
        <RelatedFormatVersion>1.2</RelatedFormatVersion>
      </RelatedFormat>
      <RelatedFormat>
        <RelationshipType>Has lower priority than</RelationshipType>
        <RelatedFormatID>1225</RelatedFormatID>
        <RelatedFormatName>Digital Negative Format (DNG)</RelatedFormatName>
        <RelatedFormatVersion>1.3</RelatedFormatVersion>
      </RelatedFormat>
      <RelatedFormat>
        <RelationshipType>Has lower priority than</RelationshipType>
        <RelatedFormatID>1529</RelatedFormatID>
        <RelatedFormatName>Digital Negative Format (DNG)</RelatedFormatName>
        <RelatedFormatVersion>1.4</RelatedFormatVersion>
      </RelatedFormat>
      <RelatedFormat>
        <RelationshipType>Has lower priority than</RelationshipType>
        <RelatedFormatID>1867</RelatedFormatID>
        <RelatedFormatName>Phase One IIQ Raw Image</RelatedFormatName>
        <RelatedFormatVersion>
        </RelatedFormatVersion>
      </RelatedFormat>
      <RelatedFormat>
        <RelationshipType>Has lower priority than</RelationshipType>
        <RelatedFormatID>1868</RelatedFormatID>
        <RelatedFormatName>Hasselblad 3FR Raw Image</RelatedFormatName>
        <RelatedFormatVersion>
        </RelatedFormatVersion>
      </RelatedFormat>
      <RelatedFormat>
        <RelationshipType>Has priority over</RelationshipType>
        <RelatedFormatID>609</RelatedFormatID>
        <RelatedFormatName>Tagged Image File Format</RelatedFormatName>
        <RelatedFormatVersion>3</RelatedFormatVersion>
      </RelatedFormat>
      <RelatedFormat>
        <RelationshipType>Has priority over</RelationshipType>
        <RelatedFormatID>610</RelatedFormatID>
        <RelatedFormatName>Tagged Image File Format</RelatedFormatName>
        <RelatedFormatVersion>4</RelatedFormatVersion>
      </RelatedFormat>
      <RelatedFormat>
        <RelationshipType>Has priority over</RelationshipType>
        <RelatedFormatID>611</RelatedFormatID>
        <RelatedFormatName>Tagged Image File Format</RelatedFormatName>
        <RelatedFormatVersion>5</RelatedFormatVersion>
      </RelatedFormat>
      <RelatedFormat>
        <RelationshipType>Has priority over</RelationshipType>
        <RelatedFormatID>612</RelatedFormatID>
        <RelatedFormatName>Tagged Image File Format</RelatedFormatName>
        <RelatedFormatVersion>6</RelatedFormatVersion>
      </RelatedFormat>
      <RelatedFormat>
        <RelationshipType>Has priority over</RelationshipType>
        <RelatedFormatID>1099</RelatedFormatID>
        <RelatedFormatName>Tagged Image File Format</RelatedFormatName>
        <RelatedFormatVersion>
        </RelatedFormatVersion>
      </RelatedFormat>
      <RelatedFormat>
        <RelationshipType>Is previous version of</RelationshipType>
        <RelatedFormatID>672</RelatedFormatID>
        <RelatedFormatName>Exchangeable Image File Format (Uncompressed)</RelatedFormatName>
        <RelatedFormatVersion>2.2</RelatedFormatVersion>
      </RelatedFormat>
      <RelatedFormat>
        <RelationshipType>Is subsequent version of</RelationshipType>
        <RelatedFormatID>752</RelatedFormatID>
        <RelatedFormatName>Exchangeable Image File Format (Uncompressed)</RelatedFormatName>
        <RelatedFormatVersion>2.0</RelatedFormatVersion>
      </RelatedFormat>
    </FileFormat>
    <SearchCriteria>Criteria</SearchCriteria>
  </report_format_detail>
</PRONOM-Report>
