<?xml version="1.0" encoding="utf-8"?>
<PRONOM-Report xmlns="http://pronom.nationalarchives.gov.uk">
  <report_format_detail>
    <FileFormat>
      <FormatID>62</FormatID>
      <FormatName>CorelDraw Compressed Drawing</FormatName>
      <FormatVersion>1</FormatVersion>
      <FormatAliases>
      </FormatAliases>
      <FormatFamilies>
      </FormatFamilies>
      <FormatTypes>Image (Vector)</FormatTypes>
      <FormatDisclosure>
      </FormatDisclosure>
      <FormatDescription>The CorelDraw Compressed format is known to have been used by Corel ArtShow 5, with the .cdx extension, and Corel Web.Move, with the .cjw extension. CDX files can be opened in CorelDraw but CJW files can only be opened in Web.Move. Please let the PRONOM team know of any other instances of use for this format</FormatDescription>
      <BinaryFileFormat>Text</BinaryFileFormat>
      <ByteOrders>
      </ByteOrders>
      <ReleaseDate>
      </ReleaseDate>
      <WithdrawnDate>
      </WithdrawnDate>
      <ProvenanceSourceID>220</ProvenanceSourceID>
      <ProvenanceName>
      </ProvenanceName>
      <ProvenanceSourceDate>02 Aug 2005</ProvenanceSourceDate>
      <ProvenanceDescription>
      </ProvenanceDescription>
      <LastUpdatedDate>27 Sep 2020</LastUpdatedDate>
      <FormatNote>
      </FormatNote>
      <FormatRisk>
      </FormatRisk>
      <TechnicalEnvironment>
      </TechnicalEnvironment>
      <FileFormatIdentifier>
        <Identifier>x-fmt/31</Identifier>
        <IdentifierType>PUID</IdentifierType>
      </FileFormatIdentifier>
      <Developers>
        <DeveloperID>35</DeveloperID>
        <DeveloperName>
        </DeveloperName>
        <OrganisationName>Corel Corporation</OrganisationName>
        <DeveloperCompoundName>Corel Corporation</DeveloperCompoundName>
      </Developers>
      <Support>
        <SupportID>35</SupportID>
        <SupportName>
        </SupportName>
        <OrganisationName>Corel Corporation</OrganisationName>
        <SupportCompoundName>Corel Corporation</SupportCompoundName>
      </Support>
      <ExternalSignature>
        <ExternalSignatureID>56</ExternalSignatureID>
        <Signature>cdx</Signature>
        <SignatureType>File extension</SignatureType>
      </ExternalSignature>
      <ExternalSignature>
        <ExternalSignatureID>2618</ExternalSignatureID>
        <Signature>cjw</Signature>
        <SignatureType>File extension</SignatureType>
      </ExternalSignature>
      <InternalSignature>
        <SignatureID>1788</SignatureID>
        <SignatureName>CorelDraw Compressed 1</SignatureName>
        <SignatureNote>BOF: 'CDRCOMP1'</SignatureNote>
        <ByteSequence>
          <ByteSequenceID>2077</ByteSequenceID>
          <PositionType>Absolute from BOF</PositionType>
          <Offset>0</Offset>
          <MaxOffset>0</MaxOffset>
          <IndirectOffsetLocation>
          </IndirectOffsetLocation>
          <IndirectOffsetLength>
          </IndirectOffsetLength>
          <Endianness>
          </Endianness>
          <ByteSequenceValue>434452434F4D5031</ByteSequenceValue>
        </ByteSequence>
      </InternalSignature>
    </FileFormat>
    <SearchCriteria>Criteria</SearchCriteria>
  </report_format_detail>
</PRONOM-Report>
