<?xml version="1.0" encoding="utf-8"?>
<PRONOM-Report xmlns="http://pronom.nationalarchives.gov.uk">
  <report_format_detail>
    <FileFormat>
      <FormatID>651</FormatID>
      <FormatName>Macromedia Flash</FormatName>
      <FormatVersion>6</FormatVersion>
      <FormatAliases>SWF (6)</FormatAliases>
      <FormatFamilies>
      </FormatFamilies>
      <FormatTypes>
      </FormatTypes>
      <FormatDisclosure>
      </FormatDisclosure>
      <FormatDescription>The Adobe Flash format, SWF, previously known as Shockwave Flash or Macromedia Shockwave Flash, and alternatively known as the Small Web Format, is a file format primarily designed for creating interactive multimedia applications. The format iterates rapidly, often in line with new releases of Adobe Flash or Adobe Air. Prior to version 6 all SWF files were uncompressed, however version 6 introduced the option of using zlib compression. Version 13 introduced the option of using LZMA compression.</FormatDescription>
      <BinaryFileFormat>Binary</BinaryFileFormat>
      <ByteOrders>Little-endian (Intel)</ByteOrders>
      <ReleaseDate>
      </ReleaseDate>
      <WithdrawnDate>
      </WithdrawnDate>
      <ProvenanceSourceID>1</ProvenanceSourceID>
      <ProvenanceName>Digital Preservation Department / The National Archives</ProvenanceName>
      <ProvenanceSourceDate>11 Mar 2005</ProvenanceSourceDate>
      <ProvenanceDescription>http://wwwimages.adobe.com/www.adobe.com/content/dam/Adobe/en/devnet/swf/pdf/swf-file-format-spec.pdf
http://www.adobe.com/devnet/articles/flashplayer-air-feature-list.html</ProvenanceDescription>
      <LastUpdatedDate>03 Aug 2015</LastUpdatedDate>
      <FormatNote>
      </FormatNote>
      <FormatRisk>
      </FormatRisk>
      <TechnicalEnvironment>
      </TechnicalEnvironment>
      <FileFormatIdentifier>
        <Identifier>application/x-shockwave-flash</Identifier>
        <IdentifierType>MIME</IdentifierType>
      </FileFormatIdentifier>
      <FileFormatIdentifier>
        <Identifier>fmt/109</Identifier>
        <IdentifierType>PUID</IdentifierType>
      </FileFormatIdentifier>
      <Developers>
        <DeveloperID>56</DeveloperID>
        <DeveloperName>
        </DeveloperName>
        <OrganisationName>Macromedia, Inc.</OrganisationName>
        <DeveloperCompoundName>Macromedia, Inc.</DeveloperCompoundName>
      </Developers>
      <Support>
        <SupportID>7</SupportID>
        <SupportName>
        </SupportName>
        <OrganisationName>Adobe Systems Incorporated</OrganisationName>
        <SupportCompoundName>Adobe Systems Incorporated</SupportCompoundName>
      </Support>
      <ExternalSignature>
        <ExternalSignatureID>748</ExternalSignatureID>
        <Signature>swf</Signature>
        <SignatureType>File extension</SignatureType>
      </ExternalSignature>
      <InternalSignature>
        <SignatureID>47</SignatureID>
        <SignatureName>SWF 6</SignatureName>
        <SignatureNote>Header (FWS then version number) and end tag (..)</SignatureNote>
        <ByteSequence>
          <ByteSequenceID>144</ByteSequenceID>
          <PositionType>Absolute from BOF</PositionType>
          <Offset>0</Offset>
          <MaxOffset>
          </MaxOffset>
          <IndirectOffsetLocation>
          </IndirectOffsetLocation>
          <IndirectOffsetLength>
          </IndirectOffsetLength>
          <Endianness>
          </Endianness>
          <ByteSequenceValue>46575306</ByteSequenceValue>
        </ByteSequence>
        <ByteSequence>
          <ByteSequenceID>145</ByteSequenceID>
          <PositionType>Absolute from EOF</PositionType>
          <Offset>0</Offset>
          <MaxOffset>
          </MaxOffset>
          <IndirectOffsetLocation>
          </IndirectOffsetLocation>
          <IndirectOffsetLength>
          </IndirectOffsetLength>
          <Endianness>
          </Endianness>
          <ByteSequenceValue>0000</ByteSequenceValue>
        </ByteSequence>
      </InternalSignature>
      <InternalSignature>
        <SignatureID>784</SignatureID>
        <SignatureName>SWF 6 - zlib compressed</SignatureName>
        <SignatureNote>Header (CWS then version number)</SignatureNote>
        <ByteSequence>
          <ByteSequenceID>988</ByteSequenceID>
          <PositionType>Absolute from BOF</PositionType>
          <Offset>0</Offset>
          <MaxOffset>0</MaxOffset>
          <IndirectOffsetLocation>
          </IndirectOffsetLocation>
          <IndirectOffsetLength>
          </IndirectOffsetLength>
          <Endianness>
          </Endianness>
          <ByteSequenceValue>43575306</ByteSequenceValue>
        </ByteSequence>
      </InternalSignature>
      <RelatedFormat>
        <RelationshipType>Is previous version of</RelationshipType>
        <RelatedFormatID>652</RelatedFormatID>
        <RelatedFormatName>Macromedia Flash</RelatedFormatName>
        <RelatedFormatVersion>7</RelatedFormatVersion>
      </RelatedFormat>
      <RelatedFormat>
        <RelationshipType>Is subsequent version of</RelationshipType>
        <RelatedFormatID>650</RelatedFormatID>
        <RelatedFormatName>Macromedia Flash</RelatedFormatName>
        <RelatedFormatVersion>5</RelatedFormatVersion>
      </RelatedFormat>
    </FileFormat>
    <SearchCriteria>Criteria</SearchCriteria>
  </report_format_detail>
</PRONOM-Report>
