<?xml version="1.0" encoding="utf-8"?>
<PRONOM-Report xmlns="http://pronom.nationalarchives.gov.uk">
  <report_format_detail>
    <FileFormat>
      <FormatID>638</FormatID>
      <FormatName>Extensible Markup Language</FormatName>
      <FormatVersion>1.0</FormatVersion>
      <FormatAliases>XML (1.0)</FormatAliases>
      <FormatFamilies>
      </FormatFamilies>
      <FormatTypes>Text (Mark-up)</FormatTypes>
      <FormatDisclosure>Full</FormatDisclosure>
      <FormatDescription>The Extensible Markup Language (XML) is a general purpose markup language for creating other, special purpose, markup languages, and is a simplified subset of SGML. The structure and grammar of an XML document can be defined using a markup declaration, such as a Document Type Definition (DTD) or XML schema. A XML document consists of nested elements, each of which may have attributes and content. It typically begins with an XML declaration, defining the XML version and character set used. This may be followed by a Document Type declaration, containing or pointing to a markup declaration for the class of document. An XML document is said to be well-formed if it conforms to the XML specification; it is said to be valid if it additionally complies with a defined markup declaration. The formatting and transformation of XML documents can be controlled using the Extensible Stylesheet Language (XSL).</FormatDescription>
      <BinaryFileFormat>Text</BinaryFileFormat>
      <ByteOrders>
      </ByteOrders>
      <ReleaseDate>04 Feb 2004</ReleaseDate>
      <WithdrawnDate>
      </WithdrawnDate>
      <ProvenanceSourceID>1</ProvenanceSourceID>
      <ProvenanceName>Digital Preservation Department / The National Archives</ProvenanceName>
      <ProvenanceSourceDate>11 Mar 2005</ProvenanceSourceDate>
      <ProvenanceDescription>
      </ProvenanceDescription>
      <LastUpdatedDate>02 Aug 2005</LastUpdatedDate>
      <FormatNote>
      </FormatNote>
      <FormatRisk>
      </FormatRisk>
      <TechnicalEnvironment>
      </TechnicalEnvironment>
      <FileFormatIdentifier>
        <Identifier>application/xml</Identifier>
        <IdentifierType>MIME</IdentifierType>
      </FileFormatIdentifier>
      <FileFormatIdentifier>
        <Identifier>fmt/101</Identifier>
        <IdentifierType>PUID</IdentifierType>
      </FileFormatIdentifier>
      <FileFormatIdentifier>
        <Identifier>public.xml</Identifier>
        <IdentifierType>Apple Uniform Type Identifier</IdentifierType>
      </FileFormatIdentifier>
      <FileFormatIdentifier>
        <Identifier>text/xml</Identifier>
        <IdentifierType>MIME</IdentifierType>
      </FileFormatIdentifier>
      <Developers>
        <DeveloperID>106</DeveloperID>
        <DeveloperName>
        </DeveloperName>
        <OrganisationName>World Wide Web Consortium</OrganisationName>
        <DeveloperCompoundName>World Wide Web Consortium</DeveloperCompoundName>
      </Developers>
      <Document>
        <DocumentID>21</DocumentID>
        <DisplayText>World Wide Web Consortium, 2004, W3C Recommendation: Extensible Markup Language (XML) 1.0 (Third Edition) W3C Recommendation 04 February 2004</DisplayText>
        <DocumentType>Authoritative</DocumentType>
        <AvailabilityDescription>Public</AvailabilityDescription>
        <AvailabilityNote>
        </AvailabilityNote>
        <PublicationDate>04 Feb 2004</PublicationDate>
        <TitleText>W3C Recommendation: Extensible Markup Language (XML) 1.0 (Third Edition) W3C Recommendation 04 February 2004</TitleText>
        <DocumentIPR>
        </DocumentIPR>
        <DocumentNote>
        </DocumentNote>
        <DocumentIdentifier>
          <Identifier>www.w3.org/TR/2004/REC-xml-20040204/</Identifier>
          <IdentifierType>URL</IdentifierType>
        </DocumentIdentifier>
        <Author>
          <AuthorID>106</AuthorID>
          <AuthorName>
          </AuthorName>
          <OrganisationName>World Wide Web Consortium</OrganisationName>
          <AuthorCompoundName>World Wide Web Consortium</AuthorCompoundName>
        </Author>
        <Publisher>
          <PublisherID>106</PublisherID>
          <PublisherName>
          </PublisherName>
          <OrganisationName>World Wide Web Consortium</OrganisationName>
          <PublisherCompoundName>World Wide Web Consortium</PublisherCompoundName>
        </Publisher>
      </Document>
      <ExternalSignature>
        <ExternalSignatureID>708</ExternalSignatureID>
        <Signature>xml</Signature>
        <SignatureType>File extension</SignatureType>
      </ExternalSignature>
      <InternalSignature>
        <SignatureID>34</SignatureID>
        <SignatureName>XML 1.0</SignatureName>
        <SignatureNote>XML declaration and version. Signature updated November 2011 to allow an optional 3 byte undisclosed beginning of file offset to allow for UTF-8 byte order mark (BOM) that may precede the XML declaration ([&lt;?xml version="])</SignatureNote>
        <ByteSequence>
          <ByteSequenceID>126</ByteSequenceID>
          <PositionType>Absolute from BOF</PositionType>
          <Offset>0</Offset>
          <MaxOffset>3</MaxOffset>
          <IndirectOffsetLocation>
          </IndirectOffsetLocation>
          <IndirectOffsetLength>
          </IndirectOffsetLength>
          <Endianness>
          </Endianness>
          <ByteSequenceValue>3C3F786D6C2076657273696F6E3D(22|27)312E30(22|27)</ByteSequenceValue>
        </ByteSequence>
      </InternalSignature>
      <RelatedFormat>
        <RelationshipType>Has lower priority than</RelationshipType>
        <RelatedFormatID>310</RelatedFormatID>
        <RelatedFormatName>Internet Archive</RelatedFormatName>
        <RelatedFormatVersion>1.0</RelatedFormatVersion>
      </RelatedFormat>
      <RelatedFormat>
        <RelationshipType>Has lower priority than</RelationshipType>
        <RelatedFormatID>319</RelatedFormatID>
        <RelatedFormatName>Geography Markup Language</RelatedFormatName>
        <RelatedFormatVersion>
        </RelatedFormatVersion>
      </RelatedFormat>
      <RelatedFormat>
        <RelationshipType>Has lower priority than</RelationshipType>
        <RelatedFormatID>429</RelatedFormatID>
        <RelatedFormatName>XML Schema Definition</RelatedFormatName>
        <RelatedFormatVersion>
        </RelatedFormatVersion>
      </RelatedFormat>
      <RelatedFormat>
        <RelationshipType>Has lower priority than</RelationshipType>
        <RelatedFormatID>634</RelatedFormatID>
        <RelatedFormatName>Scalable Vector Graphics</RelatedFormatName>
        <RelatedFormatVersion>1.0</RelatedFormatVersion>
      </RelatedFormat>
      <RelatedFormat>
        <RelationshipType>Has lower priority than</RelationshipType>
        <RelatedFormatID>635</RelatedFormatID>
        <RelatedFormatName>Scalable Vector Graphics</RelatedFormatName>
        <RelatedFormatVersion>1.1</RelatedFormatVersion>
      </RelatedFormat>
      <RelatedFormat>
        <RelationshipType>Has lower priority than</RelationshipType>
        <RelatedFormatID>768</RelatedFormatID>
        <RelatedFormatName>DROID Signature File Format</RelatedFormatName>
        <RelatedFormatVersion>1.0</RelatedFormatVersion>
      </RelatedFormat>
      <RelatedFormat>
        <RelationshipType>Has lower priority than</RelationshipType>
        <RelatedFormatID>769</RelatedFormatID>
        <RelatedFormatName>DROID File Collection File Format</RelatedFormatName>
        <RelatedFormatVersion>1.0</RelatedFormatVersion>
      </RelatedFormat>
      <RelatedFormat>
        <RelationshipType>Has lower priority than</RelationshipType>
        <RelatedFormatID>942</RelatedFormatID>
        <RelatedFormatName>Microsoft Visio XML Drawing</RelatedFormatName>
        <RelatedFormatVersion>2003-2010</RelatedFormatVersion>
      </RelatedFormat>
      <RelatedFormat>
        <RelationshipType>Has lower priority than</RelationshipType>
        <RelatedFormatID>975</RelatedFormatID>
        <RelatedFormatName>Keyhole Markup Language (XML)</RelatedFormatName>
        <RelatedFormatVersion>
        </RelatedFormatVersion>
      </RelatedFormat>
      <RelatedFormat>
        <RelationshipType>Has lower priority than</RelationshipType>
        <RelatedFormatID>1078</RelatedFormatID>
        <RelatedFormatName>Chemical Markup Language</RelatedFormatName>
        <RelatedFormatVersion>
        </RelatedFormatVersion>
      </RelatedFormat>
      <RelatedFormat>
        <RelationshipType>Has lower priority than</RelationshipType>
        <RelatedFormatID>1158</RelatedFormatID>
        <RelatedFormatName>Internet Archive</RelatedFormatName>
        <RelatedFormatVersion>1.1</RelatedFormatVersion>
      </RelatedFormat>
      <RelatedFormat>
        <RelationshipType>Has lower priority than</RelationshipType>
        <RelatedFormatID>1191</RelatedFormatID>
        <RelatedFormatName>Scalable Vector Graphics Tiny</RelatedFormatName>
        <RelatedFormatVersion>1.2</RelatedFormatVersion>
      </RelatedFormat>
      <RelatedFormat>
        <RelationshipType>Has lower priority than</RelationshipType>
        <RelatedFormatID>1262</RelatedFormatID>
        <RelatedFormatName>Microsoft Management Console Snap-in Control file</RelatedFormatName>
        <RelatedFormatVersion>
        </RelatedFormatVersion>
      </RelatedFormat>
      <RelatedFormat>
        <RelationshipType>Has lower priority than</RelationshipType>
        <RelatedFormatID>1283</RelatedFormatID>
        <RelatedFormatName>TransXchange File Format</RelatedFormatName>
        <RelatedFormatVersion>
        </RelatedFormatVersion>
      </RelatedFormat>
      <RelatedFormat>
        <RelationshipType>Has lower priority than</RelationshipType>
        <RelatedFormatID>1359</RelatedFormatID>
        <RelatedFormatName>Domino XML Document Export</RelatedFormatName>
        <RelatedFormatVersion>
        </RelatedFormatVersion>
      </RelatedFormat>
      <RelatedFormat>
        <RelationshipType>Has lower priority than</RelationshipType>
        <RelatedFormatID>1360</RelatedFormatID>
        <RelatedFormatName>Domino XML Database Export</RelatedFormatName>
        <RelatedFormatVersion>
        </RelatedFormatVersion>
      </RelatedFormat>
      <RelatedFormat>
        <RelationshipType>Has lower priority than</RelationshipType>
        <RelatedFormatID>1367</RelatedFormatID>
        <RelatedFormatName>X3D</RelatedFormatName>
        <RelatedFormatVersion>3.0</RelatedFormatVersion>
      </RelatedFormat>
      <RelatedFormat>
        <RelationshipType>Has lower priority than</RelationshipType>
        <RelatedFormatID>1368</RelatedFormatID>
        <RelatedFormatName>X3D</RelatedFormatName>
        <RelatedFormatVersion>3.1</RelatedFormatVersion>
      </RelatedFormat>
      <RelatedFormat>
        <RelationshipType>Has lower priority than</RelationshipType>
        <RelatedFormatID>1369</RelatedFormatID>
        <RelatedFormatName>X3D</RelatedFormatName>
        <RelatedFormatVersion>3.2</RelatedFormatVersion>
      </RelatedFormat>
      <RelatedFormat>
        <RelationshipType>Has lower priority than</RelationshipType>
        <RelatedFormatID>1370</RelatedFormatID>
        <RelatedFormatName>X3D</RelatedFormatName>
        <RelatedFormatVersion>3.3</RelatedFormatVersion>
      </RelatedFormat>
      <RelatedFormat>
        <RelationshipType>Has lower priority than</RelationshipType>
        <RelatedFormatID>1371</RelatedFormatID>
        <RelatedFormatName>Vector Markup Language</RelatedFormatName>
        <RelatedFormatVersion>
        </RelatedFormatVersion>
      </RelatedFormat>
      <RelatedFormat>
        <RelationshipType>Has lower priority than</RelationshipType>
        <RelatedFormatID>1452</RelatedFormatID>
        <RelatedFormatName>INTERLIS Transfer File</RelatedFormatName>
        <RelatedFormatVersion>2.3</RelatedFormatVersion>
      </RelatedFormat>
      <RelatedFormat>
        <RelationshipType>Has lower priority than</RelationshipType>
        <RelatedFormatID>1462</RelatedFormatID>
        <RelatedFormatName>Industry Foundation Classes XML</RelatedFormatName>
        <RelatedFormatVersion>
        </RelatedFormatVersion>
      </RelatedFormat>
      <RelatedFormat>
        <RelationshipType>Has lower priority than</RelationshipType>
        <RelatedFormatID>1496</RelatedFormatID>
        <RelatedFormatName>Additive Manufacturing File Format</RelatedFormatName>
        <RelatedFormatVersion>
        </RelatedFormatVersion>
      </RelatedFormat>
      <RelatedFormat>
        <RelationshipType>Has lower priority than</RelationshipType>
        <RelatedFormatID>1694</RelatedFormatID>
        <RelatedFormatName>AbiWord Document</RelatedFormatName>
        <RelatedFormatVersion>
        </RelatedFormatVersion>
      </RelatedFormat>
      <RelatedFormat>
        <RelationshipType>Has lower priority than</RelationshipType>
        <RelatedFormatID>1695</RelatedFormatID>
        <RelatedFormatName>AbiWord Document Template</RelatedFormatName>
        <RelatedFormatVersion>
        </RelatedFormatVersion>
      </RelatedFormat>
      <RelatedFormat>
        <RelationshipType>Has lower priority than</RelationshipType>
        <RelatedFormatID>1700</RelatedFormatID>
        <RelatedFormatName>Music XML</RelatedFormatName>
        <RelatedFormatVersion>
        </RelatedFormatVersion>
      </RelatedFormat>
      <RelatedFormat>
        <RelationshipType>Has lower priority than</RelationshipType>
        <RelatedFormatID>1737</RelatedFormatID>
        <RelatedFormatName>Mathcad Document</RelatedFormatName>
        <RelatedFormatVersion>XML</RelatedFormatVersion>
      </RelatedFormat>
      <RelatedFormat>
        <RelationshipType>Has lower priority than</RelationshipType>
        <RelatedFormatID>1770</RelatedFormatID>
        <RelatedFormatName>Music Encoding Initiative</RelatedFormatName>
        <RelatedFormatVersion>
        </RelatedFormatVersion>
      </RelatedFormat>
      <RelatedFormat>
        <RelationshipType>Has lower priority than</RelationshipType>
        <RelatedFormatID>1784</RelatedFormatID>
        <RelatedFormatName>XML Property List</RelatedFormatName>
        <RelatedFormatVersion>
        </RelatedFormatVersion>
      </RelatedFormat>
      <RelatedFormat>
        <RelationshipType>Has lower priority than</RelationshipType>
        <RelatedFormatID>1785</RelatedFormatID>
        <RelatedFormatName>AAE Sidecar Format</RelatedFormatName>
        <RelatedFormatVersion>
        </RelatedFormatVersion>
      </RelatedFormat>
      <RelatedFormat>
        <RelationshipType>Has lower priority than</RelationshipType>
        <RelatedFormatID>1786</RelatedFormatID>
        <RelatedFormatName>EazyDraw File Format</RelatedFormatName>
        <RelatedFormatVersion>
        </RelatedFormatVersion>
      </RelatedFormat>
      <RelatedFormat>
        <RelationshipType>Has lower priority than</RelationshipType>
        <RelatedFormatID>1787</RelatedFormatID>
        <RelatedFormatName>iMovieProj File Format</RelatedFormatName>
        <RelatedFormatVersion>
        </RelatedFormatVersion>
      </RelatedFormat>
      <RelatedFormat>
        <RelationshipType>Has lower priority than</RelationshipType>
        <RelatedFormatID>1788</RelatedFormatID>
        <RelatedFormatName>NIB File Format</RelatedFormatName>
        <RelatedFormatVersion>
        </RelatedFormatVersion>
      </RelatedFormat>
      <RelatedFormat>
        <RelationshipType>Has lower priority than</RelationshipType>
        <RelatedFormatID>1816</RelatedFormatID>
        <RelatedFormatName>INTERLIS Transfer File</RelatedFormatName>
        <RelatedFormatVersion>2.2</RelatedFormatVersion>
      </RelatedFormat>
      <RelatedFormat>
        <RelationshipType>Has lower priority than</RelationshipType>
        <RelatedFormatID>1844</RelatedFormatID>
        <RelatedFormatName>Redcode Metadata (RMD) File</RelatedFormatName>
        <RelatedFormatVersion>
        </RelatedFormatVersion>
      </RelatedFormat>
      <RelatedFormat>
        <RelationshipType>Has lower priority than</RelationshipType>
        <RelatedFormatID>1852</RelatedFormatID>
        <RelatedFormatName>Geography Markup Language</RelatedFormatName>
        <RelatedFormatVersion>3.2</RelatedFormatVersion>
      </RelatedFormat>
      <RelatedFormat>
        <RelationshipType>Has lower priority than</RelationshipType>
        <RelatedFormatID>1899</RelatedFormatID>
        <RelatedFormatName>Scribus Document</RelatedFormatName>
        <RelatedFormatVersion>
        </RelatedFormatVersion>
      </RelatedFormat>
      <RelatedFormat>
        <RelationshipType>Has priority over</RelationshipType>
        <RelatedFormatID>639</RelatedFormatID>
        <RelatedFormatName>Hypertext Markup Language</RelatedFormatName>
        <RelatedFormatVersion>2.0</RelatedFormatVersion>
      </RelatedFormat>
      <RelatedFormat>
        <RelationshipType>Has priority over</RelationshipType>
        <RelatedFormatID>640</RelatedFormatID>
        <RelatedFormatName>Hypertext Markup Language</RelatedFormatName>
        <RelatedFormatVersion>3.2</RelatedFormatVersion>
      </RelatedFormat>
      <RelatedFormat>
        <RelationshipType>Has priority over</RelationshipType>
        <RelatedFormatID>641</RelatedFormatID>
        <RelatedFormatName>Hypertext Markup Language</RelatedFormatName>
        <RelatedFormatVersion>4.0</RelatedFormatVersion>
      </RelatedFormat>
      <RelatedFormat>
        <RelationshipType>Has priority over</RelationshipType>
        <RelatedFormatID>642</RelatedFormatID>
        <RelatedFormatName>Hypertext Markup Language</RelatedFormatName>
        <RelatedFormatVersion>4.01</RelatedFormatVersion>
      </RelatedFormat>
      <RelatedFormat>
        <RelationshipType>Has priority over</RelationshipType>
        <RelatedFormatID>643</RelatedFormatID>
        <RelatedFormatName>Extensible Hypertext Markup Language</RelatedFormatName>
        <RelatedFormatVersion>1.0</RelatedFormatVersion>
      </RelatedFormat>
      <RelatedFormat>
        <RelationshipType>Has priority over</RelationshipType>
        <RelatedFormatID>644</RelatedFormatID>
        <RelatedFormatName>Extensible Hypertext Markup Language</RelatedFormatName>
        <RelatedFormatVersion>1.1</RelatedFormatVersion>
      </RelatedFormat>
      <RelatedFormat>
        <RelationshipType>Has priority over</RelationshipType>
        <RelatedFormatID>645</RelatedFormatID>
        <RelatedFormatName>Hypertext Markup Language</RelatedFormatName>
        <RelatedFormatVersion>
        </RelatedFormatVersion>
      </RelatedFormat>
      <RelatedFormat>
        <RelationshipType>Is supertype of</RelationshipType>
        <RelatedFormatID>1283</RelatedFormatID>
        <RelatedFormatName>TransXchange File Format</RelatedFormatName>
        <RelatedFormatVersion>
        </RelatedFormatVersion>
      </RelatedFormat>
      <RelatedFormat>
        <RelationshipType>Is supertype of</RelationshipType>
        <RelatedFormatID>1694</RelatedFormatID>
        <RelatedFormatName>AbiWord Document</RelatedFormatName>
        <RelatedFormatVersion>
        </RelatedFormatVersion>
      </RelatedFormat>
      <RelatedFormat>
        <RelationshipType>Is supertype of</RelationshipType>
        <RelatedFormatID>1695</RelatedFormatID>
        <RelatedFormatName>AbiWord Document Template</RelatedFormatName>
        <RelatedFormatVersion>
        </RelatedFormatVersion>
      </RelatedFormat>
      <RelatedFormat>
        <RelationshipType>Is supertype of</RelationshipType>
        <RelatedFormatID>1700</RelatedFormatID>
        <RelatedFormatName>Music XML</RelatedFormatName>
        <RelatedFormatVersion>
        </RelatedFormatVersion>
      </RelatedFormat>
      <RelatedFormat>
        <RelationshipType>Is supertype of</RelationshipType>
        <RelatedFormatID>1737</RelatedFormatID>
        <RelatedFormatName>Mathcad Document</RelatedFormatName>
        <RelatedFormatVersion>XML</RelatedFormatVersion>
      </RelatedFormat>
      <RelatedFormat>
        <RelationshipType>Is supertype of</RelationshipType>
        <RelatedFormatID>1770</RelatedFormatID>
        <RelatedFormatName>Music Encoding Initiative</RelatedFormatName>
        <RelatedFormatVersion>
        </RelatedFormatVersion>
      </RelatedFormat>
      <RelatedFormat>
        <RelationshipType>Is supertype of</RelationshipType>
        <RelatedFormatID>1852</RelatedFormatID>
        <RelatedFormatName>Geography Markup Language</RelatedFormatName>
        <RelatedFormatVersion>3.2</RelatedFormatVersion>
      </RelatedFormat>
    </FileFormat>
    <SearchCriteria>Criteria</SearchCriteria>
  </report_format_detail>
</PRONOM-Report>
